TOD,PC1,PC2,PC3,PC4,PC5,PC6,PC7,PC8,PC9,PC10,PC11,PC12,PC13,PC14,PC15,PC16,PC17,PC18,PC19,PC20,PC21,PC22,PC23,PC24,PC25,PC26,PC27,PC28,PC29,PC30,PC31,PC32,PC33,PC34,PC35,PC36,PC37,PC38,PC39,PC40,PC41,PC42,PC43,PC44,PC45,PC46,PC47,PC48,PC49,PC50
0.0059113154688995,0.01421537798904367,-0.6090162170197935,-0.5542928073393932,-0.8368437811284399,0.18690268301919938,0.10410854436471548,-0.5110326547497096,0.6280004493251097,-0.13278956777361883,0.1341542177104772,0.26957302417946954,0.13347109554161876,0.2258434657274593,0.1442052585926066,1.2474164924782463,-0.8722009383090414,0.18184554835213107,-0.13452525236679097,-0.227723988955372,-0.07897341710286716,0.2814744977691058,-0.039760664569329425,0.5798663896879932,0.0816473876391505,-0.7145454126430928,-0.4237632342791443,0.007951712007295001,0.251331299326273,0.582461635514081,0.035520782625843544,-0.02124459705566049,-0.3923664618442685,0.26511837458168447,0.06940105953434333,0.10581209343803208,0.3595819847229545,-0.31178093512600225,-0.3309482910294745,0.10108591321458199,0.03661333788625237,-0.31253178238268237,-0.39918413619639354,-0.2640854022827818,0.2528266105837835,0.08640082567291914,-0.010032765201501247,-0.1911298634135301,0.028727349868605267,-0.22375454417486662,-0.3333679053288429
0.0213883852823696,0.0549863896501381,0.6338228168368432,0.3644726845801689,0.3693616873636139,-0.3319744557601873,-0.48617336175865283,-0.6429547588180867,-0.3259952647282958,0.009676698055225681,0.3674130837337094,0.016777364617976614,-0.5945647133117712,-0.5031530049073093,0.8126491651924093,0.07351171624738667,0.570704527006882,-0.11019035894707942,-0.32174041801902903,-0.7755962149606358,0.09596562626389094,0.41831669766234875,-0.3147099925151072,0.0762927162290482,-0.12071976023171797,0.28093487820330326,-0.1018365489908881,-7.091424653427321e-05,0.10414035819439825,-0.201459288542024,0.19425920311979142,0.21080967718990334,0.26375490519807343,0.08502950989095259,0.2180923495928537,0.4447314603749515,0.3041745386901497,0.01672648219309428,0.06405597268760878,0.39574669714832894,0.280992709204669,0.26931300479755266,-0.1329151619291502,-0.07754328755165343,0.040111973387226274,0.30214725032285095,0.11022579362315015,0.1302408250632106,0.03131824283772748,0.03858660109276256,-0.2517896499809256
0.0798984474110092,0.2487517675995342,-0.7625205229556441,-0.711609722201127,-0.1831580368732908,0.11217829213583316,-0.3445972673204253,-0.6545136273398489,-0.2836607267255391,-0.4525827773264108,0.38347089717526345,0.3726965111806673,-1.1554250199988114,-0.055339001278179645,0.03777674988771935,-0.1033685184918311,0.2536476783535686,-0.7752137004988802,-0.12327268647562267,-0.5761658288277157,-0.44552233706696415,-0.015254705366689563,-0.30701042150490115,-0.12099307736995685,-0.08772406741089894,-0.056061066061224074,0.27613882251093813,-0.23024011210373838,0.4745516644341,0.2920930705240687,0.0323833198890392,0.02064871136509153,-0.12259878948262448,0.018038632514507512,0.12627065077206817,-0.3169422152348631,0.15994391854313547,0.42399159502545325,-0.19258388781862648,-0.11424498498279823,-0.42141932160384793,0.04420638946567758,-0.0859555456815656,0.25251336207167496,-0.5104550266268685,-0.031475682053634574,0.3250072021264178,-0.301075881976236,0.2854454392947989,-0.4464307577812407,0.029138271946450058
0.0452986463486315,-0.3070374970277724,1.2715422774432652,0.4129613684897883,-0.391153375064701,0.1345551244926882,0.12020557106755693,0.4028790315672608,-0.03763303841184161,-0.06643081049466262,0.4321129621457172,-0.1894225478118075,0.2978285797005178,0.13085387264133666,-0.044818325308420386,0.23628250673838475,0.11898802839775399,0.31067272060083545,0.00026607546851347216,0.3240079014842721,0.049785286356206854,0.29349148558524163,-0.15937425153837045,-0.23651258185372367,0.04783214375705914,0.13733251322503143,0.1669574392678942,-0.014838255809401568,-0.43581104820108785,-0.2520373590716693,-0.3140059011334168,-0.1164701491957473,0.10055743398997238,0.10599950315410364,0.09688418762221451,-0.048077864014644374,0.366187766117922,0.07633776998431131,-0.10304827857002159,-0.2627361468105602,-0.06370123361554773,0.22564736336019636,-0.2527687399861187,-0.0690940333682412,0.373856237894601,-0.06248207925050621,0.17407221222962338,-0.1603505923204604,-0.051489238020872366,-0.2037108042131083,0.2801405356339247
0.0,0.8070036306123463,0.08265234913231526,0.023873394912668967,-1.228858906776014,-0.03812537045763398,0.34561882575914354,0.10656819650076423,-0.17542477065446782,0.16130729075654085,0.14462055658862252,0.3032747911648718,-0.05633753156115143,0.3636866858238151,0.06021674855891479,-0.28409352729925424,0.03581752901296258,-0.05496109285241368,-0.22343174170638136,0.01603633582111579,-0.28134124181661796,0.278922570827198,-0.038652179742397354,0.5276896550131411,0.1437620723535185,-0.2258984276907321,0.3280746838474064,0.16820621850384687,-0.012771154142081019,-0.059475365868329376,-0.07413187320261322,-0.004606424840912764,0.27559057265645265,-0.04242304040430234,-0.06674773767410047,-0.01474022680932903,0.23749511586291203,0.41396303975267507,-0.08301518375109915,0.1262826706625555,-0.08864170226945997,-0.08270812048519069,-0.3425346248225322,0.08716678190154352,0.025885412806662036,-0.20669943917014827,-0.2596134081122678,0.14151561425122738,0.2574204735597293,0.36309596013692835,0.3917447943431187
0.0170518238506117,-1.1738158909479086,0.9956806159516488,0.5876015925089753,-0.22606552982066205,-0.5541224377445984,-0.23851798998521692,-0.4408194358645009,-0.40789963745814806,-0.3210289383188271,0.17198752920683866,-0.19865734243702493,-0.2656753427576874,0.21305516897559784,0.4045617187780558,0.19673789243033746,0.2544397729033646,-0.378470152199679,-0.14133000943149335,0.3865889278484973,-0.08030029354645228,-0.2592803036924645,0.030603009886825485,-0.16750856571297285,0.45465523273741015,0.5513053351117208,0.3198601652443511,-0.05473705077614545,0.01083294090331799,0.06755718468756229,0.3374271139489275,-0.22964323492805508,-0.20826194950367838,-0.024020169879180348,-0.16062367382805404,0.4720639060419209,-0.05846441143184474,-0.07487968788491452,0.28069615370349915,-0.01758423283233115,-0.07101002189839091,-0.1604060584611155,0.0024963884863003,-0.02436079983661493,0.5395173559996571,0.1532322494149848,-0.15047183931334096,-0.10175994147514372,-0.30983798819398634,-0.05070559897314789,-0.4236281018938473
0.111366096819705,2.1585677502861844,0.900639142346002,-0.6167019843436098,-0.6399291469961735,0.32655819332173047,-1.4463238619411662,-0.1246006475576353,1.6030762308228472,-0.05260282686198082,0.9207398633160001,0.2977535751311333,0.5827326955140083,0.44377317742264716,-0.055548629049774007,0.6597951697623282,0.827446734689584,0.6860502430585923,0.04776068732404256,0.3142548774517661,-0.497320382261051,-0.20374039638219385,-0.034874315693390716,0.15581373287722863,-0.11468414064105067,0.1564773688198672,0.18259507633980807,0.6386487223991488,-0.04528709196867928,-0.19166128095701632,-0.523103221559709,0.15777939403999738,0.0823137385382062,-0.299383765993131,0.00011865618920046181,0.1152496044404987,-0.15187865874096257,0.10637501014223007,-0.1417831288129191,0.2154120033341023,0.23466099382782826,-0.135407822568928,0.29522738624681283,0.1812139487861876,-0.3741785439396096,-0.00529319519709817,-0.153092663607656,0.022734930783336642,0.22674116109573186,-0.09326985268651741,-0.32838117143763884
0.134933409604731,0.08423505234136482,2.691274736065111,-3.16837410878617,1.588566718052644,-0.4715293293591902,0.8001517663357512,0.8545497002659822,0.48559764865076865,-0.13183284372881948,-0.12681176371507344,-0.7085735529448266,0.10018268218542853,0.5652561971737862,-0.7175926097563874,-0.6616252620513613,0.3374927597400096,-0.18953488493103895,-0.02446477547913064,-0.7325124532563255,-0.12285937225491939,-0.5899199104158178,-0.3839841511543102,-0.16603164607011092,-0.1374500583232251,-0.10511209051349224,0.18931045120633977,0.1007144712991835,0.06140672515862005,0.4872803653689334,0.11552320490004325,-0.01361585345762458,-0.19556744793062084,0.08314266933365669,0.18172837293579203,0.2305276478704165,0.1965109574583159,0.0529870976219051,-0.10045853338292424,0.0003100138858079915,0.5428666505353006,0.013828320821243037,-0.023803848107149642,0.05508714225043006,-0.062039747513698194,0.1018529164582129,-0.06784482316062534,0.1469190072972148,-0.10244313863312245,-0.08186158889994911,0.08922072334147732
0.140259508826461,1.329858467124089,1.6765613845898828,0.10386163021682675,1.04581636994926,0.043029359562795876,-0.7149181811105495,-0.08217370136090196,0.48807047276059146,0.49257813277642454,-0.28597728885953794,0.6820448668957271,-0.6109152076137083,0.44206921779645975,-0.18399864216380826,-0.3777896912286479,-0.4022090309676845,0.41176587327969427,0.004411516747842773,0.025305253523455522,-0.2913984157954482,0.24207180366048503,0.14554120994925393,0.1257120040764573,0.37256607176311196,-0.2269272850110237,0.27870756068544306,0.19033045358032336,-0.16927606438118656,0.3380492490011751,0.4957404458621798,-0.08959179039999514,0.07164045506345994,0.1572977914342973,-0.08978030039616892,0.15261651199241677,0.14416496626694408,-0.22811901245101243,0.09501992420463735,0.18945138326156066,-0.3395178296390908,0.14103228146987407,0.07766560722425488,-0.19035957243522464,0.16631039310198636,0.142824614307187,0.2585367566729937,0.19725352371214605,0.13898752840081427,-0.12208141220231072,0.19718491023017026
0.107819804720328,0.09668205934521779,1.1768940768689393,0.6733543263378323,0.478320457206632,0.18034049391403326,-0.0979663415598852,-0.005130394271875957,0.4169106153952854,-0.057774388669941494,-0.05029239468798096,0.43282003977887457,-0.3682383299195142,-0.08170740766901663,0.322680760357197,-0.104355170403352,-0.14212989916042976,-0.007394603755132599,-0.2143293524305806,-0.10509157821216066,0.3132222439576969,0.4029660145770842,0.006355999746099865,-0.23148861691816672,-0.018481129695049475,-0.15880622948238546,0.22882157711832496,-0.1372324943379886,-0.19444078691259908,0.44066875328149135,0.217683469423367,-0.24422590207878567,0.016191062620589336,0.0934610941654928,0.3054391650549524,-0.20129015558511346,-0.15584345334011496,-0.3790511174931208,0.03929946538829114,0.06649288297541774,0.12830208131520748,0.3940609183808539,0.05835011602130447,0.3122973749025705,-0.1943055565974614,0.029914569580922205,-0.21078712158096852,-0.08745131183285275,0.15645897942593726,0.194515540217407,-0.37163157856531603
0.207155289481297,0.9725358426158152,-0.13837979785160268,-1.1382567404437738,1.834616444555789,0.6154304384585586,0.06975547457858922,-1.4696527132279977,-1.0757810047503933,1.1334200115068442,0.9590389749645728,-0.11740461965671062,0.42469139825729535,-0.24323460585591988,-0.15926412225166325,0.5047761092728485,0.6586753544221041,-0.18728550062445345,0.4097629580035127,-0.004761502142869381,-0.22052195809783137,-0.20743998461725519,0.6178067251095533,0.3444881315639014,0.020555625874873,0.1259303190785791,-0.09833060956717089,-0.15946407350578745,0.1269287548041762,-0.044456305862622926,-0.14867972628675818,-0.4198941463766477,0.47332395101453517,0.08439873299770523,-0.007914807066104772,-0.3527476968377154,0.11932536935460468,-0.4559604377738441,-0.26286492940624306,-0.0834960310253414,0.06971276179598733,-0.17478520089358932,-0.10396338666620543,0.348084806721924,0.4328976207800628,-0.07461887907731331,-0.05149068170917409,0.05007718779992523,-0.049776259961833005,-0.2669137716113605,0.2493243011727743
0.172488245278875,-0.44268944112146785,0.10698814919971918,0.587023719588078,0.7266096147548685,-0.7834554574716679,-0.42815716306001855,0.2782099068057797,0.5514456616681908,0.22356730847677306,0.11108549832861547,0.5094892243958243,-0.23268690037921402,0.33849410073678277,-0.002236803061112086,-0.014069571503765147,0.5108966108714481,0.11408808469200904,-0.3061741247288891,0.25415490486747644,-0.3439426713079028,0.3834739914348396,-0.11772853804657409,0.26641764339920404,0.17394244776027493,0.13380754702157086,0.39036793415489823,-0.2260164452274062,-0.1298245812006483,0.00021107716650028833,0.15496479914039238,-0.07774151132828443,-0.08743304870078619,0.1795069103993024,0.03739489088453865,0.26962721302580117,0.04729341500809489,-0.24971977155535946,0.004151407974389978,-0.19899988365120888,-0.03465935709473125,-0.0936526199207636,-0.16175821067649565,0.30421919920453305,0.11041843043202927,0.20094361967143198,0.6097260303937092,-0.3239810873455369,-0.44607458395707345,0.26538965697566563,0.07190697062002517
0.230983584472757,1.5483252292897605,0.3495473365239899,0.10388891120030506,1.3368455722566717,-0.45775810624982016,-0.32286386941935,-0.46581679638060625,-0.24192521336322548,-0.2780360895585514,0.43996839150793493,-0.652587830122126,-0.3491742568790758,0.3233352378787446,0.0895041435601405,-0.3051941017787572,-0.2594968465921632,0.40087828041855944,0.041329365244548194,0.5047704255104495,0.021117844612548727,0.21088798473325018,-0.07147420590288081,0.4867209821909511,-0.1505163411568602,-0.10986961433162948,0.02593896507980944,-0.16478804624365292,-0.173631132878463,-0.14216578111677858,-0.038064920406526495,0.18816687920687697,-0.3533081428783287,-0.2312417451465186,0.4279681268344377,-0.02998778473300319,0.201157419053953,-0.029452127890603353,0.183880292364152,0.09879079633557286,-0.10505414377103527,0.26905350821520047,0.042843721595968685,-0.3543941316915691,-0.08701300169098297,0.11691547767505299,-0.2263792078359473,0.18549585894185722,0.19340932747408757,-0.028651252041541855,0.246407396164813
0.315454818277502,1.5231144327946735,-0.3541192993976035,-0.4890277642722111,0.38962504386969926,-4.094285001899381,-0.47374050315174104,0.5379381808754248,-0.27077756632501854,0.06141746238631817,0.8070004376508455,-0.1226692374806441,-0.21652908668521478,-1.0190710322122294,-0.4901872923572302,0.25746004046131243,-0.5760356669073387,-0.03701660846733725,0.49689493979172783,-0.11456834285138329,0.12203033273673133,0.17791444072044962,0.20468808849138873,0.22892075540813742,0.054601740969504375,-0.23032270818165282,0.212135365938102,-0.06814983030243911,-0.025487681106191085,-0.20314913076061186,-0.07967259211783317,-0.14461652013975912,-0.058916987349996223,0.10804180679233782,-0.2701172239513403,0.10768158809216848,-0.4430445583777384,0.2568278304054107,-0.21053855603437932,0.01131664980426179,0.03286004687651374,0.14643236094513973,0.025934741392578238,-0.025886220520124036,0.012998233369073142,-0.1498801891844044,-0.09386945453729105,-0.288470335882411,-0.04747619439326234,0.09322534410301626,-0.0947039001148178
0.286592726755842,1.372077394752038,-0.5656983940665429,-0.3522771199909561,0.5140263679396359,-0.23867194042594247,-0.2570630785842062,0.09104256820752707,0.610658248706141,-0.7724559923093428,-0.29152016433912614,-0.2368999378124288,0.12387361564153472,0.9351128066059325,-0.5067706437938724,0.5794177263824023,-0.46370897393774946,-0.5374969408568677,-0.34832375721964987,0.21889682204830227,0.6794140582608996,0.6462634518597445,-0.19766005352045538,-0.19817708161473918,0.2573907407822184,0.6386115680660809,-0.1277211429672654,-0.1666871559808327,0.2356674632253883,0.20801130679855606,0.1255381722068249,-0.10863505474543916,0.4150955827650728,0.16369814329312543,-0.21403716461245617,-0.30413738040325294,0.27353586042943445,-0.15135575190143366,0.12180983580301187,0.06366103615128989,-0.05203047621352133,0.2990997882387412,-0.31293505651962034,0.23591034945842357,-0.08940192993340779,-0.32670460170762233,-0.4942018931574936,0.002955392879883112,-0.13371863765615313,0.006366220983561917,0.11453489626232696
0.413053446992338,-0.052121647457419165,-1.3895516286437062,0.5183912651011076,1.4929274963889703,0.38836771348597715,-0.11035884272174931,0.363848736046579,-0.15414319470034685,-0.13068808958887,0.6546764041654406,-0.012637491025919963,-0.558495891575053,0.3063692632739771,0.21796017502171616,0.19934907108039623,0.06331748271930482,0.1560607687420743,0.03685972695486113,0.15343239019912056,0.07040955563388111,0.14527066532400146,-0.42401560188942655,-0.2383898172110616,-0.27863893224841696,-0.11123244738335193,-0.030587193516148893,-0.32247777898850233,-0.5118571733066206,-0.1311748539323621,-0.11605760164705205,-0.09066096053326318,-0.14289764188587162,0.14657722710803262,0.31396612285883213,0.20577324856003698,-0.0038365002257873104,0.0054541376965176885,-0.4444455355644952,-0.08083646012484148,-0.06177994836688615,0.059224549873145536,0.075034999130479,0.10156314796246976,-0.15153896856455398,0.0633955925185584,-0.039295707989587196,0.11829767274489743,-0.05756860763616685,0.041969468518642916,-0.10798916471704731
0.425775267318277,1.1043808750462645,0.22078784575493518,0.043807757852917274,-0.23822602714602728,-0.3060063906268423,0.45731541879880816,0.008463116142448664,0.6711941485511069,0.4874773761881056,-0.03449739249485964,0.06368559991114235,0.48590062758761254,-0.4299753177572829,-0.06382958792834512,-0.19601543675186672,-0.1565428398599039,-0.42274428763367294,-0.8416956500014456,-0.27780109300161987,0.1864502754728693,-0.5248764436739737,-0.02925712262382732,0.24660357291284818,0.2673779296703799,-0.20154803032351742,-0.6417891991933475,-0.2624504367353292,-0.43906994081873435,-0.3298994693583961,-0.024169052077393605,-0.29998205345916423,-0.3901631745960092,0.019740046974055032,0.1319718183933909,-0.19052949508070768,-0.04903153710314687,0.10911216130634505,-0.09326839424724973,0.08230371105927099,-0.12395219512319426,-0.07228751449125166,-0.07591513384883423,0.33076429874335245,-0.29658177812305664,-0.09335350392872513,0.2810945608716757,0.33390010612486026,-0.2544721152878681,0.2669946807687814,-0.02344532059680199
0.352540033392646,2.300807759533854,-0.393360376555072,-0.6763064532135419,-0.21213262048481732,0.3996052331559289,-0.04051630524101244,0.31808908943684683,-0.07197755608397126,0.49533205890483395,-0.25699297176421315,-0.5213772652738458,-0.08384905772416783,-0.22308111622842464,0.38209860630938663,-0.05471833320947495,-0.08114339651853489,0.2968764398766344,-0.6352750344143482,0.6399063789822048,-0.04527890211223013,-0.06508415253884432,0.4601980560213449,-0.37669161126990375,-0.20475252102974337,0.569275795338632,0.25364727115041674,-0.2258707418797505,0.02465573315567778,0.42745838081969295,-0.1395582389958264,-0.04552902908922219,-0.6255037794362885,-0.08474641208571325,0.43419268200059546,-0.10623549294347735,-0.2544659875513124,0.194806421640015,0.08325211696052298,0.25973488986058874,-0.05713719718008743,-0.15605297881109256,-0.3881708139924288,0.030705816587810127,-0.030033560397441907,0.14910449794825792,-0.19504120916194947,-0.22460987059350512,0.1557937773188592,-0.0157090717028624,-0.06079288218312495
0.3531032918666,-0.024361167611740765,1.320446481079907,-1.2238687419989223,-0.12268773335263372,0.39087367659462974,-0.45123434665754203,1.2642901104672386,-1.6858406966555488,0.6318153733739386,-0.35726362763176445,-0.027834832706280375,-0.5006920151680576,0.33535941048255374,0.7771601901422113,0.6466541959192132,-0.49387511837864134,-0.5692592815055199,-0.1602621107808736,0.3968666745921054,0.17340102616148007,0.023943064052073075,0.1430280924009362,0.1386438827979591,0.41447800939588475,-0.6144496028177534,0.40037678002885696,-0.04777740529996367,0.1053778460292463,0.3016391723771501,-0.4873144165966061,-0.23351485935982802,-0.04627412049252962,-0.20744089222459985,-0.032124276286664824,0.0013337971281312346,-0.1560106794227176,0.09619215765221702,0.3857477509559552,0.013349848787281177,0.2618592551294606,-0.40234441760673456,0.038851825671566295,0.15496690712432284,-0.10248895536230711,-0.11200268847939346,-0.04084575735697346,0.3231422119446941,0.11270885571042943,-0.13790392656513903,0.00011621283536183806
0.415152354178517,0.7475592991063027,-1.2313686815763207,0.5630134885803387,0.6962560621253538,-0.7280347168876661,0.13088005549426276,0.6993721649903563,-0.044126840984784386,-0.23241352431836498,-0.2864230923506302,0.24821457227906157,0.002818318879594211,0.20963609484593232,-0.0515919909872279,-0.6988433629303221,0.2090383410882597,0.06891877353307388,-0.5758726345549542,-0.05654086905245928,-0.1894534465951497,0.07073587774225207,0.8733081846811291,-0.24304581973097028,-0.10672728747847023,0.15992487036814204,0.2595477884082364,0.4059682368436227,-0.223223557678879,-0.14522774045434583,-0.23627025838838706,-0.07212179633918574,0.21644447173973094,0.6087576135094965,-0.25677871627063537,-0.12014831058639576,0.4596484769834993,-0.11655724806497526,0.20743703934736016,-0.012546398150318694,0.09172868481627718,-0.0773881815059422,0.03003196097478409,0.21975207845870673,0.19040138828852207,-0.10856873907486042,0.003145238282381573,-0.2267136085918772,0.23475763973462246,-0.1002442949379021,-0.28096998214651336
0.426610579125668,0.12690221814721772,-0.5692809206803063,0.8339997701062126,0.4846124914630616,0.2596624601341486,-0.34618640274117646,-0.34589300338863926,-0.6783627475725139,-0.616045980216952,-0.09658344507651748,0.1534495842834134,0.305094927754527,-0.03248639640121167,-0.17635771235920109,0.0357410703105749,0.11959548791295928,-0.035823845301598656,0.14853692614786143,0.1794564701823227,-0.24615144091802274,-0.6118149214551075,-0.35769297910379017,0.1755764877795283,-0.4598424616370679,-0.07147108305269383,-0.034784965408524826,-0.11722297238095856,-0.4208449936300744,0.13822490664742004,-0.025907808850882414,-0.15133637037308614,-0.44006872872897423,0.0494976398413713,0.018684688012313624,-0.060870858797119606,0.03221395516024711,0.17521103085886686,0.13019551629128434,-0.11428837639401397,-0.06587809059575912,0.0948059101643848,-0.022899223926469113,-0.18954591505440646,-0.09517472015719015,-0.08778320455095077,-0.19440177468729108,-0.02884358356978204,-0.04878901874426194,0.1271421850114973,-0.07711085874805049
0.443146598346416,0.008079294874109985,-0.1920288339770111,-2.0602626435336764,0.23826026957544819,0.2156359089706081,0.8301124007888631,-0.07797086436164173,0.027120855543148133,-0.7759807416347125,0.20722446835898936,0.009542565619005823,-0.05887086832980738,0.44163655141582364,0.025640587151813044,0.13501247329203533,-0.012054474366462486,0.6047793429020807,0.2282044851665937,-0.6970807299761491,0.9088532402373924,-0.13300110486413447,0.719440244841998,-0.028351956843567793,0.038806392435429674,0.2928236310257567,-0.14344368426981097,0.05969840521294493,-0.20255011753389027,-0.13508575174932239,-0.2598153438365329,0.08509924397126957,-0.10500017949309831,-0.5693404719967877,-0.13893995496579842,0.015484471430839392,-0.23195969801798555,-0.16480410535433654,0.025655111239520863,-0.3133461036402164,-0.12952203211084248,-0.07254319547746126,0.10994887197738663,-0.015577918868758502,0.1854096156566059,0.02636275079195217,0.36158273677763225,-0.10909161696195176,0.5091338974454515,0.3179591058018058,-0.16568805835464956
0.467526823899957,2.375409852241397,-0.9422775776600986,-0.43362060744513625,-0.24444532220128493,0.49009351125247824,0.5036071953379205,-0.26243992763883534,0.35165144602564585,-0.38646480256140736,-0.008214924814945936,0.5397823328383144,-0.38451698845810833,-0.053563576584762934,0.18951179087935927,-0.07973954993906215,-0.21620719780452485,-0.5274570453719746,-0.21933412169162264,-0.2651381330775776,0.30451081672527053,-0.13908475160330197,0.26678520224807006,0.3205607816388062,-0.12468932383919895,0.21048740200683871,-0.006676255241970608,0.1663914453799465,-0.28286731254924513,-0.2793434509927912,0.16425582945630285,0.16571710878878057,0.12269074373058818,-0.2103747573808585,0.24559930841391955,-0.16938694270661955,0.0667921709320619,0.036904794889935436,0.017975472550898538,-0.27379870375305254,0.27145094213188975,-0.5549318629939889,0.03625926416510393,-0.023603930559461018,0.179224925895365,0.2640496141020442,-0.04551652688444702,0.004872657940338794,-0.2238887877768482,0.19257952530000622,0.06892702404401324
0.441795173681292,0.5413838969261393,-0.673688059580103,0.2132851950981751,0.7940514892417471,0.023821633357793415,0.3076672753483978,-0.0946659344599435,0.6141700902132916,-0.418857854586896,0.22281139696321303,-0.2998881099011006,0.2157366792567685,-0.06490433744736815,0.2119404602319108,0.10551065705950491,-0.19064485543805545,-0.3692353965354971,-0.4129380783167973,-0.12141968214448343,0.2477219911553145,0.279110056919653,-0.4107254734175752,-0.27263558793904236,0.2832318669935706,-0.6397640542865177,-0.2501918953472012,-0.016418004060305733,0.025930774048511712,-0.3106602126087858,0.5026985980625255,0.10533100036803834,0.41846671185424233,-0.48841087109621234,-0.12377093798017859,-0.20103754236964086,-0.06483271852414414,-0.04934694099422211,-0.03612995148871544,-0.1769212135015784,-0.12336520019272762,-0.09867786046167476,-0.006937300231983047,-0.19081239531228933,-0.0412413418784427,0.25646355793990216,0.013780223687936357,0.33004455645993597,0.24770588179203817,0.04692337523169469,0.0881133563115276
0.444400164275923,1.329180706038637,0.11909219441571153,0.7578081415604391,0.35623657125724556,0.7507813440782971,-0.001045726697459437,0.3426192477214409,-0.4218115071996938,-0.3405484684096251,-0.31624452698372535,0.7541820718398371,-0.02858370884090978,0.06339569315857838,-0.09344927561232312,-0.3638078753026055,-0.36584143473529096,0.1405408785109595,0.4363906369939731,-0.12617366237201638,-0.21274255795444336,-0.12478587167458316,-0.1343507668662764,-0.009285046776382316,0.07394219724795159,0.0785432379574441,0.19437009085299836,-0.5235941097113728,-0.21885534960375694,-0.213834479911674,-0.09145933208590103,-0.09287712993517767,-0.07169667829599682,0.1057630340172418,0.03726831955362963,0.023543744102041617,-0.5466133572401808,0.014263952736823205,-0.14416199604168495,-0.19795887760136494,-0.2746977710007603,0.23577054261872094,0.0556436091728628,-0.03588956585488298,0.0675458990918898,-0.40317056226239295,0.03313001054831826,-0.11757336893111285,0.08650991892977697,0.011261069872564434,-0.1002153347926672
0.486610881282747,0.8221955683677609,-0.479887887634172,0.3013585301909182,0.014749592551580485,0.5938841101140658,-0.15203817754509483,-0.9399533575504281,0.1215573057152717,-0.2943887354547687,-0.20862703741230137,-0.7516622671571754,0.13235453714354906,-0.43996759097982713,-0.09498937583654095,0.009743247801377806,-0.2879797270440225,-0.05950159457160319,0.3074143296608782,-0.15557669998193527,-0.1614533818023978,-0.04656518135348077,-0.21129694024620313,-0.19648094580833028,0.5395965172192739,-0.008095697210708658,0.08118804059363449,0.3462061737620873,-0.46947046263402603,0.061202253921747204,-0.11448110634366825,-0.23047936366359245,-0.04171756110110717,0.2049552229340109,-0.19151645753772234,0.3192770584667907,0.1583804620451895,0.23419401374303153,0.1644527650281348,0.3595376526598599,-0.169700174713061,-0.09426808899335619,-0.04238531177319494,0.13456112738167542,0.1581198787147187,-0.05588664573745023,-0.07460745325361148,0.25357898976802407,-0.032627546937665675,-0.08038255638682885,0.2930268984524968
0.447745066754242,1.2569827989065494,-0.4299438487543735,0.19743223716773925,0.4385946096906948,0.11492974188489202,0.27648789532635226,0.4198886806693024,0.09009253965757798,-0.09372148116698022,-0.056789417210656085,-0.3492988578953562,0.17257487631423948,-0.42918850929928226,0.42043428514292147,-0.15056386235415026,0.9113841584923359,0.08569082424611181,-0.1622455931014045,-0.004820951365397883,0.7413621731732866,0.23537551714050328,0.18057521330587178,-0.14258247921913433,0.3128613908380259,0.017731190389283294,-0.09014686918150858,0.08342748791183296,0.9506677815615743,0.06812130360944472,-0.07835206575767595,-0.5189523365459126,-0.5151041529648557,0.15260174911941876,-0.16015903229144768,0.3838386005540588,0.06993228945105066,0.28443083593885216,-0.5966698805637345,0.04667681618189438,-0.3572234524322526,-0.0120643905069091,0.1972006107052345,-0.03418694369622991,0.07326058212602322,-0.032041685411514864,0.004930077592786754,0.34375562936020154,0.003925858144871802,0.005642799487729749,-0.007125747343181782
0.43211383865993,1.936071064110668,0.5870033060928211,0.5749378469814874,0.31831269414404434,0.5940422240376331,0.075311052090411,-0.009312730565014067,-0.10362155675914039,0.05183314482658607,-0.6943213110093914,0.4124475808376369,0.471974112118064,-0.16825805683776143,0.44717273836449234,-0.24098699636255114,-0.26842045701186146,-0.2592653382484306,-0.23600619956680038,-0.2547011583135714,0.07159730249376145,-0.0472945471824443,-0.2044323793433844,-0.004358510011826461,-0.11312577680410221,0.09087985364088005,-0.013018327942095427,-0.3129503343408967,0.5045545540394951,-0.1502038267951443,-0.06509148882160597,0.3269004420211806,-0.014232186597093783,0.05835462118009514,-0.43549348759514483,0.04784016698936286,-0.28892924973852413,-0.31784322678433363,-0.2724849187833117,-0.19788585652779986,0.11430195809076849,0.1255463471049529,0.3194955001707528,0.021840326757539334,-0.2867322757828445,0.2527595554289431,0.14818134526693272,-0.06735230536200326,-0.4726294329502805,-0.29444728022028877,0.0868458836589628
0.445083839799808,1.420538414396954,-1.3214178445914302,-0.5256720738137618,-0.3556592354145899,-0.04100152462864924,0.5860128586063214,0.7317940456812113,-0.1742797937617781,0.15508919630517348,0.620805862038163,-0.5270617859247249,0.2097149343839924,-0.4435368546830389,-0.21129356313692757,0.2785857843660807,0.104554239468905,-0.19384829775295925,-0.004953101446962932,-0.03716186867981478,-0.48320775079314404,-0.788591772988077,-0.5976229256952096,-0.24126861151888612,0.21756263913008062,0.27058221928424997,0.3749836164320336,-0.29586573231255586,0.059428031374469656,0.14434076984217992,0.3643764489578467,0.48571328950564174,0.4881034202448825,-0.00835188212693934,-0.3219637053622768,-0.1186305509179483,0.22049323362996082,-0.3332130271067142,0.41126092087618954,-0.2769518117132443,-0.12867960840692508,-0.317954976066393,-0.12482220562877536,-0.07623569748588634,-0.27327654861061507,0.10786886120979303,-0.09823933389148048,-0.15435658851749004,0.26022233700340053,0.03568020705438075,-0.20188255268454033
0.497524159442072,1.5467907005910215,-0.7737422623981339,-0.7176473640708754,-0.7131882093094303,-1.4552662065827542,-0.09329297259380288,0.420014499956437,-0.9815112982074654,0.4839649429078504,-0.8346488855387459,1.5950405502164768,0.6888932210629635,0.06641411336603056,0.3128202000123988,0.39672138156868175,0.7149099565527494,0.27839600132095776,0.12042582001861384,-0.277142997165219,-0.060715123709052944,0.2223808899003445,-0.8379295203033021,-0.5675381210601796,0.1627739598669258,-0.15523183879945052,-0.258969446682222,0.40359970364351466,-0.3756242444863654,-0.03413712338925531,0.30955566755983605,0.03807980771789777,-0.3451990941554305,-0.035535743366921724,0.20392400619312856,-0.4531359905035405,0.05182413886522166,-0.20967648375107156,0.17812864525966163,-0.06156168098813159,0.1671828447748198,0.08593272077436823,0.0027515982671844613,-0.11089032269990784,0.23669300524988576,0.027908833835501138,-0.10167084189118165,0.22550775180295887,0.14213557604180369,0.023830356817398073,0.0042513291289801095
0.462100012275569,0.08837866807791017,-0.7933790869941183,0.8774341476368345,0.596196966995286,0.4985258069824319,-0.005267014858651327,0.021332197921424524,-0.1910920853117692,-0.49363214579372205,-0.05270276215244577,0.5970252786771607,0.23433368846396876,0.06202074374675069,-0.24807013225533966,-0.015779882345686818,0.07214662949043088,0.05547233140488892,0.2929736224401509,0.3741790463403589,-0.08720749125430256,-0.23885473801349,0.21633220445218407,-0.1572855898123643,-0.06070527881658936,-0.17406152454493032,-0.06883440152697953,-0.07330807020458902,0.009869111160985855,0.1668213056761771,-0.038423760662465015,-0.37480791949099096,0.06887856894469077,-0.08283747279900527,-0.12151943354728799,0.035868096433050695,-0.09937823296064403,0.2319965529384718,-0.06270903910074639,-0.17257879285283542,0.020446212788572195,0.09557986366810114,-0.05502992774523937,-0.25540072953885784,-0.058011370941729194,0.14343340829404524,0.07647891391123277,0.06742002090441172,0.2596003097311599,-0.1395888821687078,-0.12204541576235527
0.429704848214951,1.2089568982355365,-0.01462667186768129,0.16998199387129526,1.2229948786803446,0.12126570646823345,0.14345312249414494,0.3381866601125135,0.17236168763259424,-0.08289899766225886,0.8500188288250599,-0.1358037690122235,-0.7597430547972205,0.5132474544373609,0.2540486432584893,0.0361745760411036,-0.14423238183014989,0.0024449167520065487,0.20709651592933428,0.2780495174953379,0.13171916341932102,-0.19485109385279892,0.26886874198907534,-0.0035533703684759127,-0.11942032886373309,-0.34683977800605886,-0.3569543490760094,0.27859592241164816,-0.17915266340225536,-0.03208227723899078,0.22081655445171922,0.43865557024588153,-0.13793320442264537,0.03133333196764747,-0.2047879781383335,-0.1801712542498301,0.06559773825253665,0.15691653713957474,0.1380184474163693,-0.28470003098225016,0.02738663591225454,-0.1601171690372922,0.019370817937904048,-0.6284083372338354,-0.058978081723070876,-0.26786398461331123,0.0476682290013499,0.026542197028449323,-0.5371697006651283,-0.08641404287951952,-0.11298472554707331
0.517824927888618,0.70505962427696,0.44203560228489464,0.8300781365043063,0.8812474894909564,0.3217599739597988,-0.5483162925029154,-0.07399831410633592,-0.7618856026702981,-0.4871517240283064,-0.32374799143457444,-0.3769700588297714,-0.22769724549171738,-0.4271785177714034,-0.20111859603257892,-0.26077293230112913,-0.44684757075828024,0.09645140713352814,0.015002816068829314,-0.06353371081535636,-0.3636028231533237,0.1287535654912322,-0.0372977549809782,0.18169605492883287,-0.0228873775225159,0.24412142401583076,-0.4836025090146348,0.13487177642897805,0.012872779682556054,0.05107291325698286,-0.4510893403308087,-0.11426389957337506,0.07086317875429354,0.28580957022305237,0.11744236658226467,-0.12156609406262008,0.008953856495127454,-0.48572008409234124,-0.008478520187266837,-0.034271026932964445,-0.03148574287249693,-0.2859880739747144,-0.3042615720002157,-0.050928210126881056,-0.23125218031731878,0.26726214130108744,0.04968459184335903,0.1556257958507101,0.20770929083046175,0.18751140272601755,-0.27545342552024804
0.531370024080634,1.4652803748133798,-0.30447241048958124,0.10365058059232325,0.0660427317311898,0.38535628023457774,0.35120890800914,0.23605529647802734,-0.07286753587470338,-0.38224765959607726,-0.32719522865564593,0.10580321182425348,0.19604617134954452,-0.33270112467804097,-0.1582930983042771,-0.2189156487000587,-0.3153363625488998,0.07719565196695799,0.39416000354125635,0.2696475844793232,-0.10329378361663184,0.33551336104392226,-0.050967991472215174,0.015027835364360649,0.03993847185570739,-0.3584573580383178,0.31141197744632215,0.14811850675473356,0.15175024360881298,-0.13536106194566697,-0.13638555360248808,-0.08328881353385294,0.47834208828939095,0.24556175521371051,-0.019451530644115637,0.3792679866280724,-0.23573662099020862,-0.11827684453500222,-0.015511958837964832,-0.0965371283038284,0.2726248172984472,-0.32173803841343745,0.4264272851280493,0.32403953228640364,-0.2860921876264005,0.18927776248007847,-0.216035276066794,-0.14633160232113065,-0.15723078649840475,-0.1383227000425491,-0.028843466614887844
0.583842724424122,-1.5521596348565971,-0.7216531290933138,-1.8244903266876291,-0.04268914046494318,0.3925272807156914,0.2518501277525225,0.07117661803341793,-0.2369533686151002,-0.6809130734770603,0.22809165950608323,1.1676756398681387,-0.9173751066555382,-0.08889578666809897,-0.25587515827275964,0.11318991325495903,-0.0362209007197233,-0.010288924188397918,-0.3198580469609762,0.3723501659341574,-0.21592090090798183,-0.5844677275957431,0.3216427743415175,-0.33056475686394876,0.9196952385904843,-0.02263075556469417,-0.5069420321171814,0.2697105505462422,0.15512344320361673,-0.4990831659377531,-0.07656410484425125,0.1650497648229149,-0.05882371944553072,-0.19743906546293868,0.15248592823654653,0.6345044628593495,-0.3166982780818013,-0.25026794265817803,0.013054060689450668,0.16129640134639697,0.10864434413150931,0.36052677326448945,-0.31838428904050836,0.16874770289533794,-0.19546872792247544,0.07088468870734704,-0.346712234640475,-0.2729638261331854,-0.257801527846384,0.06564723374572631,0.3785882625208382
0.596257631730606,0.7500532433847917,-0.38743097017953204,-1.8231865370974274,-1.0142061448712583,-0.32123123661075853,-1.067845627650543,-0.4744000164705967,-0.3496899956031125,0.4498373425241713,-0.086184911419311,-0.7235397835171867,0.4083294976143162,0.25337952626885557,1.1454764431070867,-0.39454953564809453,-0.6750129237054343,0.6796122934301853,-0.3272512216193978,-0.368953004171484,0.23522653455091658,-0.4233244427626123,-0.05887065683546139,-0.24094132609142851,0.08272130898765435,0.09752541963580436,0.3132307463147946,-0.35838138865308916,-0.11595001666121282,-0.46296882005197304,-0.21563926140990736,0.3952913734082698,0.2523785729931285,0.04297478900829287,-0.07450283964048433,0.3180852266804165,0.27586858621129107,-0.20479427644208686,-0.07671384607236441,-0.029481433621684303,-0.21439695533971997,0.3925811056641879,-0.19668751126477388,-0.004053159310180297,-0.20180687072095158,-0.3517651343604153,0.23032662152240438,0.04092091071095228,-0.045492151787966104,-0.11674693814101736,0.009420412636732118
0.543748888813206,0.48922851769813613,-0.41930356886369174,0.47471579305390016,-0.5198911448334478,0.33970744042062284,0.4616364692061461,-0.06335110267534676,0.3382020633661054,-0.39538328746525847,0.17034211964787127,0.28065853966986426,0.18227934500835546,-0.12278128150913607,-0.09865999047190141,-0.07708728562874688,-0.593250046245896,-0.0931397098799382,0.3953964743631191,-0.1382945619257175,0.0802043872107834,-0.1647181884512781,-0.30999472013465845,-0.4939612257368072,-0.37709787274621664,-0.12324059747332332,0.502803363257814,-0.04183553922566063,0.10868914266455222,0.20633178563394647,-0.046798923849842945,0.055596773000880784,0.1287469741498333,0.016076489131140886,0.18368046137056143,0.13690274902221242,-0.20700838826988233,-0.15706729347610768,-0.3558114277454211,0.26444650248456475,0.08148566975972132,-0.011844686769332272,-0.02568908954840848,0.05395859401332412,0.43680507853205347,-0.2883259125305017,0.2504645931976818,0.12442665097518368,-0.03804298400423066,-0.2565150614178838,-0.15161116292611776
0.587103093237008,0.21785905843806233,-0.7543421760584161,-0.14421619685172254,-0.29325439114244817,0.4119950213124246,0.13911351023607635,0.2668619035484067,0.10322133578726624,0.5694420144097068,0.024616579970402723,-0.3611144341742424,-0.3747477738562199,-0.2577874723740834,-0.17463778758713458,-0.23126979793128935,-0.0789602190047592,0.14366825747618303,0.1849501006734935,0.21486223479437,0.01763484818382765,0.039937544685021295,-0.3249186949418321,0.07475691143230315,-0.1771927877792933,-0.017506669479593197,-0.05085260354844193,0.08156774840929873,-0.22349657568829084,-0.11313280026707276,0.08043872165478132,-0.08263706438653934,-0.05461087007867319,0.24749706700920548,0.17045868112406082,0.2891843604397453,0.14603052229752345,-0.39165990207628865,-0.3140963974265434,0.020402086479363077,-0.061372375827049575,-0.44221309630252215,0.2359893555023481,-0.2335476663230486,-0.0020341380272783367,-0.24908159203919278,0.13192315054395876,0.006938691447921586,-0.23196119181665018,0.27050798816785626,0.0713476225719615
0.544964333071599,-0.3865664681645495,-1.2744403054735989,0.45703632729529853,0.6905429640205424,-0.25234407559567507,0.18774453787159337,0.19075818767537073,0.10331765441726676,-0.01147784769255875,-0.22713271629508852,-0.12412177105932119,0.13205351338898022,-0.1344891206796981,-0.24764372625396308,0.08531836960196154,0.38147384109741317,0.0731985381117827,-0.32583753393424475,0.48740396187467794,-0.17940164279742216,0.354987172519491,0.11006944827919063,-0.39953865799109384,-0.07564103972906694,0.1041615858621659,-0.19106988095985242,0.13589095359300052,0.21978186653604162,0.0009041892778292106,-0.16957365536522678,-0.24774716142082756,-0.14465218552567757,-0.46260157775984817,-0.2879110815859469,0.005664710544038111,0.23647459381415104,-0.21312531057897596,0.1843348101437706,-0.41723936397702527,0.11082274577766785,0.04847632517181064,0.018211396953569027,-0.16821865478205394,-0.3292155742881916,-0.10709913043165865,0.19032069731907944,0.03551650479366784,-0.104179661443834,-0.5157263737737928,0.06762382893292329
0.571375673960287,-0.36312261656059774,-1.2814925416450789,-0.33098191973949187,-0.2567760837100319,0.16688424350502704,-0.04846246223728271,-0.08189178846979968,-0.007820104216892472,0.5516640030498104,-0.4792515945146386,0.12350886844928514,-0.3553347965595682,0.32677912996655617,0.1750848919353472,0.05398939245138114,-0.2556481659890327,-0.05060273382219615,-0.1824092423517529,-0.43742236740867524,-0.42563180000130324,0.021878158991722598,0.6312235936300957,-0.32659151064603364,-0.22402077096769638,0.22344553693122723,-0.33425942334581243,0.4142915055439504,-0.10631202870615777,0.10133700151128386,0.1503208669579832,0.17317370032686652,-0.10130270199324784,0.26605910292603974,-0.06399956051278483,0.15901943669152765,-0.02792703883181766,0.4317261315339016,-0.302185827404554,-0.1539549677945475,0.5172049509370871,0.13878347012839132,0.1433389108697657,-0.0015144062264028006,0.12028740843453396,-0.24132659203119516,-0.0608881909364749,-0.01044476270770431,-0.04644292999080414,-0.21375055318481972,-0.10584010300178191
0.543345725942236,-0.5373359832220832,-0.3261421727139594,0.7104647619485127,0.2161063628834075,0.268512155918794,-0.049198763278197825,0.12253055082443538,0.12781682577800021,0.07277120900027727,-0.3847643876025026,-0.08963846353877701,0.12420029653709187,-0.044370899745716466,-0.10962785110366094,0.1390676677139496,-0.06718087843337005,0.07973622695740473,-0.11994457052701495,0.3188701548561478,-0.08257031723139423,-0.07737719813658883,-0.266535623407666,0.17003826448801998,-0.136312028170303,0.17120356535679293,0.09091938578835508,-0.25384925337438397,0.2590417061132062,-0.1529708409150941,-0.10133767558335229,0.3678743402625835,0.3074699813536657,-0.23512757237240373,0.02445208400018412,0.5017886518129417,0.06291366809596602,0.3688426062621291,0.07213145068840077,0.1503731249561814,0.019966693071899196,-0.002248836858917352,-0.1937344500189244,-0.16491608649268136,0.2014504493739074,-0.2490517009176899,-0.016863848637772384,-0.03369859200627101,-0.08525590106550965,-0.010960610877833475,-0.13734339342107252
0.554280414540191,-1.5311036777773448,-1.034048120686209,-0.23148266258080163,0.8819588420021296,0.25589109916316766,0.15544814450728575,0.47931094400700275,0.40555545415212996,-0.3001456490477179,-0.2345032599254647,-0.46087755005971187,-0.13065188864028068,-0.04103449371232619,-0.04795053230448036,0.32824494664585424,0.6457145286488667,-0.4152658726426442,-0.27390275431077343,-0.3257713827947339,0.05829504916151772,0.3390338124458346,0.05914571113948504,0.34103791101999564,-0.12562585473745722,-0.19585955570750016,0.23649120363598616,-0.07766306128010539,-0.4262267692220581,0.020296413956409697,0.03365431448308433,0.3959532034838453,-0.46666033198804613,0.27036294401614774,-0.6637262530478686,-0.308752764791546,-0.2813523231080726,-0.10017835490909123,-0.0020346175117688732,0.6154266404410345,0.003465058118441264,-0.0060489486821453395,0.1166220264821315,-0.04228312182003895,-0.04035819139957937,-0.3871973730666317,-0.21446412784917246,-0.1944156527560042,0.16748243266143184,0.024073520295999767,0.3496426053546817
0.596957136299756,-1.0888069154261577,-0.8401825552606399,1.0878961921689012,0.3135311662405429,0.3514086620833323,0.1001766523516229,0.49640216454481,-0.023860494351553074,-0.13554345319701097,0.17504697471599695,-0.36168441021468495,0.26920890101964506,-0.3241624851889681,0.566864808547221,0.2766038308349885,0.186063406072855,-0.22507877061075607,0.23675293328024968,0.06754411178257086,0.26513656095109245,-0.6670487516821639,-0.006978389847537213,0.26198539456907677,0.4033649903363907,-0.24684442351319874,0.19503685310624502,0.7570690652606628,-0.07248090737075483,0.4431495064958321,-0.42761190142901045,0.11959108010938291,0.3581880824612275,0.1990904235707604,0.187160706293732,-0.374188010521454,-0.012692503548090987,-0.2746869729654685,-0.12658029708390117,-0.04488431405811289,0.14258495022063702,0.7226144849289848,-0.12078621137501087,0.015669076698504363,-0.006300874757384094,-0.19721771854951137,0.2771313206690145,-0.004227245511028066,-0.061481397534141176,0.2667651813955344,-0.004508889281348442
0.589931866899941,-0.3565788278464542,-1.0658866026530867,0.33979585992490274,0.5795507694067241,-0.2735586067928818,-0.13462672460825348,0.02233344144746389,0.16619852621265438,0.38601263033877614,-0.6414607267450163,-0.10768089923484002,0.27730497205004784,0.2975589766453548,-0.014263655971700257,0.13382268303491104,0.10190120908821759,0.20424456670124236,0.2806330920399512,0.2234806091994976,0.007300375273708516,-0.5908769196529065,0.0317182252753103,-0.12268694280634491,0.15157696113023697,0.07138198818692672,-0.5764574836258703,-0.4473835984706788,-0.4058973039543603,0.156351890275192,0.30680986349095213,-0.43227202240940854,0.5432290518131349,0.19101472388024965,-0.016056275774709375,0.2432472059991075,-0.24573928731099973,0.15157587887414306,0.32829684191442504,0.6327793130806374,0.1956059606104685,0.013193666935112978,0.22165473449672493,-0.07364779092194147,-0.26593334763682525,0.23514525288679608,0.17477859828590117,0.11282190060883317,0.2601470055989676,-0.2473744295112574,0.07891042211509115
0.573742093990033,-0.41320015709195634,-1.0021106478454125,0.2211074107797444,-0.27477534287651356,-0.37549844155825035,0.29240488544092724,0.4125388926762162,0.246179408913059,0.15070443230158295,-0.10500466500651265,-0.8293220056446043,0.4007654803524114,1.0148963577195944,0.14120169001117747,-0.0912304824480925,0.05530430892349662,0.095693707664562,0.45194288881650535,-0.18491341432838337,-0.4408584887584959,0.33513591995960934,0.0960283132646646,0.22582413370762552,0.16280962693964252,-0.3333404428822127,-0.28247460293932675,0.3616902696368968,-0.06972878832826182,0.3845817251580473,-0.05574035396547302,0.1056499015177558,0.2069163813462247,-0.1025072725723026,0.6407258876084729,0.0017354600757480178,-0.6293507095176327,0.37573596743618487,0.05995902897674813,-0.1440819093820575,-0.3643438350471824,-0.0208903108317567,-0.1648796858538336,0.44112676055716266,-0.14789965565988314,0.12963866473051064,0.012232558331955195,0.07360195493974571,-0.48630103473103775,-0.002830659049879755,-0.13814847370199906
0.655069285711211,0.38647404410863156,0.3487960173204088,0.8407135285284202,0.2784540572146016,0.3950872003151153,0.44501374770030555,0.2254836258016908,-0.2754079052659081,-0.526819332465761,-0.1787984054241282,0.17415719425703377,0.32460402095324403,-0.21822999359511785,-0.04669812079285188,0.5174456801552282,0.04427771982324491,0.28315318721785465,0.19962804952212945,-0.2832262431272358,0.027491545153273962,-0.35327584413055446,-0.0001207839600766478,0.42703821939260556,0.027417913547971046,0.01369953351989575,-0.11454166856471326,-0.42846935349512333,-0.1315064074368011,-0.21575073261742042,0.25483339560840584,-0.04777792747205289,-0.1182891883377719,0.2700004499485814,0.17689890138807282,0.24485198707664574,0.46053197245948063,0.5530281015117524,0.24130083028857663,-0.17261477033260517,0.2853093777727518,-0.05380238135099378,-0.08853582367243261,0.3339523166510498,0.05150607104654285,-0.18141323004280133,0.11917263478951186,-0.06927548368799148,-0.11336786985166519,0.03976721020507743,0.39819571072185894
0.641539274275448,-0.7124870816149854,0.13935617549414797,-0.09331766651318928,-0.020896639176235972,0.4540488120632726,0.6169350761603865,0.2895624854180176,-0.33394961742335916,-0.09893553606990702,-0.3284451155616455,-0.1446696409993987,-0.038328244929756755,-0.27369058894014725,-0.1213085186242263,0.12472426850345184,-0.0580204239926773,0.47729399748188583,-0.11479601722353573,-0.7639173154180545,-0.43114989982542645,0.1936583675537634,0.41181798426537536,-0.32419876419593935,-0.07481760845685997,-0.14916039264963354,0.3872979185921792,0.06988491627290884,0.0712392769253951,0.2833084533531439,0.09628667868521557,-0.44762183147840245,0.45834092303542917,-0.20478188250467033,0.03262193177175286,-0.1743783196021341,0.04106777270772216,0.07324172169963157,-0.07234218433472989,0.4575641946235107,-0.013573471978491281,0.056507151621221115,0.17352417777528228,-0.4197674138842531,-0.12898725431595337,0.13660255448397512,0.13530710171496335,-0.2858162641418543,-0.08818827610079756,0.362438103137286,0.1330120728486133
0.660080306799788,-0.5952478208102979,-0.4019743950335113,-0.24074140437882355,-0.39820366616142155,1.1589600181906883,-1.8880166191591297,1.8701757997199542,0.10995781291405017,-0.9120188802503373,0.04819763015441968,-0.17909791026112987,0.6308066099824337,-0.6235812230940143,0.14147495707210142,-0.610067276296202,0.02430473499990825,0.029726224391359586,0.883412637472671,-0.23935293973626084,-0.19067555075381565,0.16008280860844828,0.47552232698337965,0.39147346374231373,0.2263312373301395,-0.05095845146589985,0.04313902562933169,-0.1492539731892457,0.1161318975628936,-0.267549952952433,0.6212637402784682,-0.09687973257634028,-0.28251151696548304,-0.4644103321695881,-0.240597354856784,-0.22509512430601805,0.38589533311838975,-0.07291295260805901,-0.1501485995176811,0.027874465563976807,0.11769327642319717,0.18423112352336482,-0.3872357600212027,0.20076027760943552,0.13403671427183234,0.29052425918738833,-0.23825727181614745,0.13149643644268572,-0.12520221248619176,-0.07722900761419638,-0.16309307441450208
0.671034802156788,-1.8416330295030483,-1.6645050992028967,-0.5164148408628725,-0.1130292473619241,-0.033128758067851,-0.12525302785780867,0.4949457843922074,-0.48196037996515423,0.1604055293722486,0.20198225721006827,0.5632796911920003,-0.3773588849343484,0.011124883892152881,-0.3311106397377415,-0.1406467965358508,0.05501211915393201,0.892430647844208,-0.28028864105916806,-0.49882309287137827,-0.0426620238842569,0.4340558819114616,-0.13703596019557981,0.7803321702421288,-0.2569956835354864,0.37304702038003135,0.04457845317069016,-0.2583359005877827,0.10300398305555217,0.15781887833920794,0.09690287459113198,0.16448607786949457,0.4031354376944906,-0.3717510464993074,0.03869903811204324,-0.06642948552900675,-0.3474355766777352,-0.1735360403250147,-0.1431476073197,0.35060368061173663,-0.14997699828691827,-0.29035685770017805,-0.0011220277144326593,0.032782674894734055,0.03601621374204723,-0.19746435640334933,-0.08813288023425828,0.4177328108927815,-0.18320659793737595,-0.3413151217244037,0.14270927443036413
0.652061813607275,-0.5544876178346244,0.9798495454837629,0.573311185838365,1.303244425796128,0.2679693921014683,-0.10241839148206903,0.7673108920328425,-0.5061854830085587,-0.4278331195825139,-0.14259240968938622,-0.18667280084075746,0.41570676020001696,0.4754596097682438,-0.1118223209620137,0.5464931206387872,-0.22846406506705327,0.09612273959665371,-0.02001265520584204,-0.12706861681055034,-0.23072326262206247,-0.06162686083385988,-0.36416978593504495,-0.19184678956212414,0.045075495703536375,-0.03347187607022946,-0.4637807252076192,0.2971136952808669,0.5702284493531206,-0.40316347152263426,-0.20571716060132908,0.5256124516301358,-0.21091573921849469,0.37559409641409136,-0.20116741376048475,0.08225190199276905,-0.18000460437922566,0.08256631615262205,0.20155424011116657,0.26377572856921977,-0.4133143371487786,-0.01081335125863171,0.1362963427005439,0.09781951598879861,0.31753737386797676,0.07099442148310846,0.20455184060516154,-0.06628589341716454,0.31892337680671595,0.12149460087488816,-0.1326840549396639
0.605762503328628,-0.3658428535244978,-0.6516619496526298,-0.30212833935664035,-0.17452797030523773,0.26718249089357504,0.04881165369089546,0.274325651971412,0.5772216141076871,0.4614671417288867,-1.0532811930388335,-0.8578119182818055,-0.2087591636267951,-0.018398412240063472,-0.22527364901679134,0.7121101849299827,0.17360204282288016,-0.12997813202379488,-0.4504860816573506,0.06787529633834907,-0.35874060503144417,0.09637006952113239,-0.21063363501195415,0.9391730598826975,0.10679773209366457,0.019648794308671735,0.44824638251284943,-0.15570356559225307,0.15091104465682725,-0.7812941093320291,0.0899076472799751,-0.468865103706878,-0.19324925475070626,-0.1439548428517806,0.29445724162877046,-0.0566927066860281,-0.34406939888998983,-0.2023582678285256,0.15582439428299108,-0.46367281552301254,0.2724574958325813,0.3284164844283707,0.16353757716537742,-0.1485605372614961,0.14779755251915375,0.11483690127699517,0.3213848123681059,-0.1603517946444567,0.2633499687065506,0.043770083401823895,-0.005016659896513091
0.627191662220336,-0.2683748863022461,-0.39625062578111425,0.45170023615191945,-0.4139987297043532,0.4111481694965964,0.28766377942856286,0.061959612541814264,-0.1293060238230808,0.5515867268606575,-0.45206567123165825,0.0383551171541811,-0.04134999207695309,-0.06905819675119705,-0.002372177826630545,-0.22897757782819614,0.002314297719865312,-0.03700905827594143,0.054823791177162406,0.04713101095851564,0.4663325024574937,-0.06389572837855606,0.0722408592802373,0.424822302449903,-0.3975246657289185,-0.39030782452563834,-0.15399464060753204,0.3692023338290308,0.1641232546650487,-0.23795576366275126,-0.0909959465696283,0.11364716852899963,0.046980058311373224,0.35043500308518694,-0.06053477857019551,-0.11718618722120233,0.4451744681748789,-0.0759204980329784,0.16766892320734172,0.42865468840975895,0.05478043683736541,-0.010871405263145064,-0.13938125352671868,0.041522791814713834,-0.3144416802124478,0.12313889821385417,-0.0007044109984802669,-0.5083357401430145,-0.23268922200357914,0.023464330080403724,-0.29540194933970865
0.664350047474656,-0.6322245233134464,0.16213456430834508,0.6296225944282312,-0.2980077173284108,-0.03283085418669095,0.15366772278263358,-0.06445599574062716,0.30416791485913036,0.5560875637722957,-0.1446665186997075,0.12395886636030348,-0.12449185467085305,0.12409674032927473,-0.27167582424068076,-0.12237880345391221,-0.031668952461061134,0.1507896264088661,-0.09461952501672417,0.05130415891343722,-0.11000546143696147,0.05676533507044861,-0.19248055649309828,0.11175040786916134,-0.3898871243851802,-0.3192961928325784,-0.07758338345263374,-0.3501783377170927,0.10029643366064706,0.3523846880699179,-0.588741010862345,0.36385240516287376,-0.037100939211828554,-0.23396222170838415,-0.7203280386071649,0.5071003839743943,0.018018442028478,-0.4099547635934218,-0.045686097410512404,-0.23290827708787024,0.41138941611177554,0.21849094357814347,-0.06156684971079651,-0.14406144613891497,0.16955597402230954,0.19169688417000158,-0.328433743932221,0.017741733748181828,0.12835542352034016,0.2469900434679934,0.23911222337717156
0.624296212322651,0.18437806804671072,-0.06455721157851312,0.45208951673820646,0.02436602692542995,-0.24089632157421328,0.174040161998281,-0.2492616997698343,0.27035767190092364,0.08849417045043043,-0.221992387675938,0.31929121626615736,0.3273239425056008,0.19403166010135042,0.05501850753882925,-0.140741167574916,0.39260323980155787,-0.29358805141441335,0.025984470516978077,0.2012502174063627,0.662430338185317,0.1011103829483028,0.40241448738439883,-0.16786653623979514,-0.007732136063029531,-0.4087704448483037,0.16723226439578007,-0.5297272950553923,0.18121648126837514,0.2539201980402494,-0.39263627906738024,-0.04531503652057549,0.34719803312526565,-0.24687714140303388,-0.11476165796288745,-0.041806955850251716,-0.13823403380065186,0.2023707188765252,0.06717796278797951,-0.1029419653511451,0.27425834163028656,0.12847552321300468,-0.1808544538581255,-0.16371032740398975,0.0779120067624999,-0.14135912418269156,0.18199006442697724,0.20477345026235041,-0.1462887930718756,0.10708147484530774,-0.18035579378870556
0.654108425543756,0.6861457246745926,-1.646004888593439,0.27939254605354313,0.25226885264851057,-0.7211790093817745,0.023041349810797286,0.11295286505181208,0.2718367013453981,-0.025142113921022884,-0.24244236603969668,0.2336676700854336,0.284365377343942,0.3292722809074805,0.2420702635969781,0.029218002256723677,-0.5642455232888756,-0.9676787490792481,0.36904715838395213,0.17191760896854522,-0.7176328967338325,-0.027933290161708865,0.2603042916312022,-0.024166311090663493,-0.16380897389588608,0.74314846878339,-0.032644190231477875,0.05892142043985937,0.45935207791291616,0.19910881081566015,-0.0648739663523258,0.10221272584726195,-0.07568773907243753,-0.5784124239376367,0.3411598582988484,0.15450210170141782,0.4109698081246147,0.09597524824911582,-0.0242345731636585,0.4050661150361497,0.16461335700384555,0.07064525190742552,0.42607043737827544,-0.21396478723675072,0.22310111985386633,-0.08142939656829187,0.32755141095982526,0.15173940015465384,0.08989637590787092,0.4046192652352777,0.17286979260522806
0.620331012869695,-0.3492231244605991,-0.933220384888443,0.17148636722352614,0.33721783422308166,-0.30221338481438564,-0.16232664375428646,-0.6471324691867449,-0.13178745079488,-0.5533481271082106,-0.06191391669872468,-0.11246703566425138,0.5867246131537798,0.017968122858941005,0.21382376212234247,-0.3764200632544962,0.04941726040053171,-0.04128904892889617,-0.5746725284012203,-0.29281094784075573,-0.07227658106151082,-0.2829787309300979,-0.16449577546083285,-0.1609891954167991,-0.8365805350442752,-0.24937043277553844,0.13156091856038912,0.24211814335954157,0.01965230620948213,-0.11524666199655571,-0.4224136921032486,-0.48883250432505637,-0.13206549759851863,-0.29397328291435104,0.1571455847910982,0.09310107313486592,-0.17314811907588623,-0.36795926800509715,0.22266103357377887,0.21317685988142457,-0.3381010134103856,-0.1366844647335218,0.007412304153263294,0.03419306970472648,0.15225307930206305,0.0982935043015314,-0.4607985203689503,-0.16778484055245851,-0.23743122188804067,0.2052895300139114,0.10964181868207522
0.627360174818459,-0.023065663568374625,0.957123134355937,-0.37346986294350115,0.3100767996747575,-0.3111098706779162,0.4306406478276888,-1.1353051554907958,-0.2195757999831251,0.08297210688067168,-0.5192191598731583,-0.05958735810534073,0.5911774649139416,0.15288383394311647,-0.5725584216691589,-0.2715842377396607,-0.15007566875282616,0.011600244416535099,-0.017321531667625973,-0.291903798495837,-0.06228212873151188,-0.21037635339753535,0.04733724754290866,0.11236100142364769,0.07364641364617502,-0.31517558428862164,-0.040489325594017606,0.06271607960334749,0.1626852008064464,-0.14982989397526963,0.33182177039333294,-0.09190523745750537,0.053790566487095015,-0.31849835905928925,0.03527767610747551,0.13133944385629082,-0.011179290045217742,0.028942068284890324,0.1396171731547169,-0.024971031220779132,-0.16685626034101317,0.0861941783381303,-0.1400510976770023,-0.017459528121940925,0.3468984070509248,-0.035179632777262014,-0.2760063816577281,-0.10337770394992381,-0.15973370274164916,-0.1809192078146438,-0.4350386429525081
0.744565360577015,1.2678438379060897,0.5693918591756101,-0.21049328330509645,-0.13715052634833322,0.09937169047920151,0.4293284890106861,-0.6339916949560136,0.21406834009702505,0.2052011512950538,-0.17760501438846327,0.5400091185907134,-0.012694566158310236,-0.18262707876814196,0.17596337677991516,0.458681592425705,0.3260134119559244,0.135856849881718,0.5440212194281537,0.22608114396330642,0.5427866712194976,-0.2370613054592471,0.36504807526640526,0.3211392179345703,-0.3402461474265839,0.06584875458671034,0.13354699643075654,0.26779466283750697,0.3241835540274321,-0.20661465246356142,0.4026614589079752,0.2300988104012213,0.04532755995939556,0.33771504897415666,-0.33890989633997265,0.13593527327475316,-0.23988305581510255,0.25599212820925527,0.2853843388262485,0.28493870570517466,-0.3079189063285705,-0.05832810372745422,-0.3332558654348496,-0.10223218081423263,-0.22817149834007616,0.22734061849409912,0.14326561059020518,0.06715497505064044,0.08700087261742388,0.19700998700785058,0.11815595379304436
0.710700717222153,-0.7693069538954977,-0.58842433017825,0.31558390755082333,0.502487635593076,0.47473761938092135,0.27285204806438385,-0.3212916627839521,0.35532771523010687,0.0010968927436035062,-0.2033334676266754,0.056769282978568175,-0.08782218059067694,-0.2529700397967816,-0.2562381043757316,0.5746109454530447,-0.08973492258507959,0.4121254277967137,0.18357046696817675,-0.25066996279133,0.37882283846124243,-0.006107946552432498,-0.40971839182188335,-0.4013545498227949,-0.14527191899776193,-0.009032933423456409,0.36005480108033394,0.12197047611260177,-0.40788819806075266,0.12724001258771267,-0.13674859751844726,0.20099515698363646,-0.17239375686140188,-0.2115208026178536,0.15411299874343093,-0.016864101215594462,0.12015604236901707,0.21002180434264076,-0.05099154264261257,-0.17579123250743053,0.04765238364044545,0.11112442094980175,-0.20632175427702729,0.3769794778988734,0.17209111157228746,0.1284491589216307,0.11423162767924133,-0.2052043153739401,0.03834814410958883,-0.27118603605143515,0.061019591767400065
0.721670768193695,-0.8378306996368263,-0.086707259944895,-0.5333866658160779,-0.16428711759487785,0.11951224166090553,0.32337456616775195,-0.03480968377041649,0.6702411426647978,0.4410867626119631,-0.32456846747451645,-0.42893218878227085,-0.9465349334177565,-0.5903247341916297,-0.5487542130370854,0.2166681601613568,-0.35529102579877747,0.2057884707297184,0.4764770213437836,0.018726639004705177,-0.0736356807867809,0.3076559718358744,-0.18029416403710394,-0.5693810769708427,-0.03752465815898912,0.18515141815951605,-0.16258198061504292,0.19794774646888688,0.42009880419166146,-0.37271531037309097,-0.11873143670340135,-0.20461228168286302,0.348917935891022,0.24849225077376214,0.11755859379717803,-0.04550745558223548,-0.035400008636674314,0.0924697567894504,0.18354994378470124,-0.2636379758236366,-0.1033607556399122,0.029891436215993977,-0.15920878641100777,0.18845558072973617,0.04639980204112076,-0.08783434144389801,-0.08570697218433965,0.36069131655595976,0.12265358542744992,0.30202376751807036,-0.1809884786149148
0.740242585998082,-1.0765903625013715,0.004832771361391662,1.1349995493388358,0.11288886073348701,-0.2979203670589216,0.5008192605762664,0.2455634671909931,0.44510905990554045,0.13500543404447735,0.4312015226621474,0.34660517397191515,0.09280200635342702,-0.5203844775221876,-0.3786214139237341,-0.6077659481633415,0.12746923619784298,0.2457221036354899,-0.1331712634843001,-0.14388108413270295,0.2976584729667954,-0.31114834385565754,-0.23896330028064866,0.14385818437591294,1.0185057512184772,0.23042492815892837,0.5033732002936798,0.03637242775101983,0.4198875374417899,0.029019457474031087,-0.6499620740339009,0.4714279070051192,-0.12668352931888674,0.1719551988986886,0.5381963379064535,-0.5225718268874419,-0.049041501471331427,0.048752008059589166,0.21456624329694352,0.21959568762610343,0.11736738135942372,-0.3132963252360211,-0.021807150466931574,-0.49821809890843227,0.1615872720265074,0.14874914941174755,-0.05476767951098655,0.11487036222015871,-0.1404761178620556,-0.22854063945942693,0.005153759219337654
0.69221173555025,-1.6999284220681001,-0.8205528242577861,0.25243557150960305,0.3740747521870653,1.1514653876650087,0.4153123882680268,-0.5600836447158621,-0.7568237477997038,1.1138338871037716,1.7045589814680007,0.20495346229939146,1.2790657058014279,0.3761439753389343,-0.35341851625296855,-0.13059883062846847,-0.7223073129812213,0.08610459426001985,-0.21417558759489264,-0.1882452803890697,0.06073683123868749,0.6211510583836812,-0.07269421875553533,-0.22690087251056776,0.3635880038696559,0.28103059458782603,0.41082582747615304,0.20956707425604584,0.19065499625623886,-0.10192297649125573,0.5020246530540258,-0.17595338478125486,-0.5438052877875407,0.13884701768175486,-0.15176481429073224,0.12962539073152263,-0.13281985178850372,0.12407479185063287,0.1932589492738015,-0.05755855180356932,0.2936311823711478,0.1638413700017966,0.1596273178158341,-0.03745176578076275,-0.4477152413859879,-0.045001311743905065,-0.01151749732711881,0.001888153668254507,0.020102420594772227,0.34982844286567216,-0.13169072018655686
0.760184540342403,1.273561178443276,0.3447004452845563,-0.8938329751188441,-0.32043130222654165,0.9180308186889635,0.33198768615607016,0.12165819265333136,-0.7661430888907791,0.9685985109520228,-0.38698232326342163,-0.09279735119387866,0.1462614493390517,-0.1424898818684757,-0.7161172300270469,-0.5027475518841841,0.4504941385667406,-0.8299491603541477,0.4823633509817426,0.1895571392031802,0.1657149407194713,0.8281032724977233,0.009552110554964048,0.10508446536566542,-0.14829700888266692,0.2005138037618019,-0.3286448011705168,0.09691244186173988,-0.27923511623041825,-0.03801761720361606,-0.23601974455257482,0.7765313672108098,-0.013760832231381451,-0.04433652695954085,0.346513675142436,0.17593717190870622,-0.10256492110687107,0.07721145792828278,-0.13339246692803033,-0.07343213511530702,-0.2086590116483814,0.3336570488086992,-0.18377342355220871,-0.10781648144799566,0.08099317231078625,0.243917017585315,-0.03590629572610458,-0.239592767881705,0.14638836460140972,0.015822208482744193,-0.04640065172834769
0.695207847224833,-1.006965930297507,0.07420219344247586,1.0574474053249299,0.08323893491592908,-0.6659652289487858,-0.27838890963451207,-0.7565436270316991,-0.20656522028648866,-0.4076153398386034,-0.49745347399551504,-0.12873718091598474,0.18624044738128456,-0.1452453775850311,-0.01673684306231606,-0.02409347309576049,0.04906551848753922,0.1173865479939255,0.04520177811617339,-0.18037461696107757,0.38209186815544766,0.21555744462248858,-0.21934823116647736,0.037019589765127134,-0.2133026840405899,0.4291182897005173,0.1491233902146163,0.38883749158618,0.08492091890776537,0.0333503757334065,-0.22044568848257765,-0.0035919780847023294,-0.19019766382531428,0.04368062271944579,-0.08313166196813211,0.18190981314943938,-0.29259993648053734,0.18967064719401477,0.06441104456505246,-0.17404978907870197,0.2616586665702487,-0.20755582423959687,-0.48975930895688413,-0.05619188758186637,-0.3079362571991475,0.13421156616233978,0.04345329599247595,0.2875103459105723,0.05198248216927838,-0.3037758580481075,0.27343314400237007
0.764661275301477,-0.6460521753446977,-0.7229488418928293,-0.337130858730084,-0.36450242305429453,0.03893331100777211,-0.023710264628780023,-0.3821712160478333,-0.8976737994640156,-0.5359279523966075,-0.3594396107885782,-0.1260627209022519,-0.4675595566857484,-0.23975935040224752,-0.41631218228300826,-0.14403364778540118,0.1594658155086678,0.5434494182039534,-0.4873568454240521,0.483106886492996,0.48467808553951347,0.04110096816624455,-0.12055648365634278,0.40113165300262643,0.1156227780527155,0.051407473459195795,0.25537735910126425,0.45929316387929514,-0.4121803660583643,0.5581671513481565,0.22884084004783906,0.12803439546988488,0.24325484418474452,-0.23799632890263914,-0.2829008680689253,0.12998154452796737,0.39768464453055136,0.35361695602491017,0.05863621897392424,-0.2758058801675456,-0.06380087544212859,0.04495853467930221,0.359432445297283,0.13481432292780612,-0.07440137131407189,0.11045250804755635,0.18226094275524443,0.22312995255092408,-0.16207808272111127,0.2194694476991267,-0.32153910887245213
0.764467258202021,-0.7273183980485202,0.014971724935511011,1.0834252234887443,-0.11180371399797749,-0.007479226683905075,0.2827620836195345,-0.12088869950783383,0.3290618295539462,-0.10008478718757312,0.3479583246858193,0.2696351384800973,-0.19384891904936222,0.7419782230701251,0.5007198297037343,-0.4074910370131458,0.29389512487175845,0.3142296585264082,-0.1565778476156358,-0.2751970557131715,-0.258465636670211,0.0038503431891650244,0.18021382200668515,0.15563064352386896,0.21092348619095844,0.012511895894952144,-0.22506600185934952,-0.8796713965610843,0.16780268247760255,0.03384464598109128,-0.1846216603903447,0.1340996706605574,0.1637357883221716,0.38604867971979584,-0.0903839384599525,-0.20136886112664867,-0.17938445347592838,0.18480954408093814,0.22651330699845354,-0.2765350236799588,-0.14137215396477898,-0.16621703294873327,0.08178658189055679,0.2335612316323029,0.23662139188920295,0.17419855644279458,-0.25230467083556407,0.03621318687656933,0.23340255133163773,0.22788317904160257,-0.12843100703516783
0.707941684652591,-0.37590669673604177,-0.6574842540537874,0.15737970622047345,-0.5978848019614634,-0.3179010374101055,-0.23642246972984757,-0.815298211752444,0.03015186881550852,-0.001566765898022469,-0.29614630327434227,-0.5492745295390086,-0.021799046646855252,0.22913192489504694,0.2632780176041783,-0.7878773911139548,-0.141570136720044,0.2344278541501242,0.14933465375275393,0.2630635433973286,-0.2855938879819863,-0.17085417319824203,0.1156274801976832,-0.2533624942812115,0.42631580313198364,-0.2120114370592727,-0.03510855746273358,0.2019213615093513,-0.1270151167931022,0.28394144724591386,0.25236192474346153,-0.05777645839200809,-0.18044922430446672,0.09625575364353658,-0.3482171417443162,-0.15460173108431405,-0.3602945330776445,-0.040019909580364145,-0.47969058796501174,-0.21850719691520631,0.18852929287346817,-0.2514524427244567,-0.48991549728438205,-0.1956299620991111,0.04791304262519883,0.3012183021777208,0.20360384842156043,-0.28142622934099953,0.318766593634054,0.0930170608482073,0.35551269708492006
0.763836284439359,-0.17062353009105666,-0.16129416342602498,0.4333344703687474,-0.26092424415194965,-0.59407626817095,-0.1386111961338238,-0.6647793227906313,-0.34151292128810856,0.013420533530651885,0.1310209599708559,-0.30559193813413627,-0.17114512100568152,-0.13256785728941872,-0.30077132332212153,-0.30831678156757014,-0.11622042383182747,0.41951496572929314,-0.3838529459088536,0.7829338707617017,-0.0007745367137931558,-0.5538706017472954,-0.1389375112926986,0.23679715755046898,-0.2439570302663049,-0.25075073182334606,-0.34645168215347605,0.12000703135981602,0.8165208213149797,0.344440450915379,0.5898143513550435,0.4913309949391321,-0.13114901520597766,-0.15500289220170746,0.09431011500969354,-0.46879426505591754,-0.07086100989963977,-0.06975036490577614,-0.164958270920041,0.06798620772758995,0.15454689236597147,0.35934856038080876,0.31759763205185426,0.6197304026878345,0.2471672348702201,-0.039856529430978886,0.11501338168305503,-0.025641584766769462,0.14895181324564727,0.01900318343705666,0.1098435979485219
0.838874062991905,0.34900387580955333,0.09947223856347273,0.08164637769394581,-1.124793868651026,0.32302375505522724,0.468143366065166,0.45107740463888274,0.3331768587315753,0.0470364309293916,0.18874226794710156,-0.2765532724620088,0.028690759983975748,-0.8110688648505707,0.15490077223968124,-0.07817534878211797,0.43192605572704007,-0.23915660842879052,-0.2152632506672328,-0.13239405246368843,-0.1994415307236132,0.1343496739353091,0.08139327284118682,0.014067180999311434,0.2009735929172027,0.0063033015190944825,-0.3838206492437736,0.29363801663545785,-0.19306117527655522,0.5537860602741821,0.17959281430898885,-0.013839679203607982,-0.1841504680107772,0.031633071307116116,-0.010715232985293198,0.5476776300127486,-0.16328684454155576,-0.5102795974654744,0.28160113775706236,-0.22237572793116475,-0.5847581819306675,-0.06173542527796059,0.25704998179291055,0.0730230128453779,0.1817029977732654,-0.4667102118571373,-0.025163829069548702,0.11297920422763492,0.1387101940836162,-0.13291800097171638,0.04455244999661309
0.798292602718543,0.1867160084235562,0.030244390777710618,-0.626166562839979,-0.32696159151074383,0.6247907576865006,0.363230306559693,0.09972197634559585,0.3799975689869721,0.4171342325610555,0.03380982429143143,-0.4053408096899412,-0.8796534843921029,-0.06961556618661442,0.3104793916265524,-0.2253610732641235,0.24458640174590549,0.5768829309527985,0.24101449251776116,0.36230204238638786,0.03356988167417744,0.20829679199179527,-0.2931901583598964,-0.494870730698135,-0.16707682644704566,0.07547110968382467,-0.1900142816946556,0.032166306363772865,0.1453039813371317,-0.46666744565538865,0.4498637617501172,-0.3476885341011944,-0.060075133884372516,-0.0272587224944119,-0.07385305460804005,-0.4776314202842951,-0.2237277162687451,-0.03864657945559762,0.17845491360631183,0.25138932434262695,0.33224962606882985,-0.08499670124559035,-0.10457695257178916,-0.1718932285085979,0.1560094773989417,-0.20217804676885753,-0.030796376915975598,-0.07838673708457083,-0.1512369366147159,-0.08774880318297028,-0.1251218353493026
0.791178427342462,-0.736071894740433,0.26893461834212834,0.7764927786134956,-0.23524973896010284,0.1812593970331499,0.32836239884065344,-0.1411264278078687,0.4603004914493569,0.6844221738538759,0.42257443985028376,-0.03606714244016368,-0.15510424718463534,-0.45679287736695073,-0.3468571106910982,-0.04876473692034235,0.16264796390139874,-0.63821748360071,-0.2741870298204218,0.1046600616245693,-0.23064418151571048,-0.07917056290077824,0.21081636294134368,-0.15416748363121968,0.17909823565258148,-0.44900556522085194,-0.04245505663138595,-0.45130609847167147,-0.5619663265850747,-0.09974458932851622,-0.060146644095548187,0.12174236921997825,-0.02102633949469156,-0.41593938853416096,-0.2487069563169389,0.1968678125297157,-0.0046873744945584985,0.24258601702571791,-0.15949981773259572,0.4169017560105975,0.06461948168250765,0.1530494095043523,-0.1893598748033476,0.023992920709538665,0.01586344599306046,0.06019659615688378,0.07800035441302558,0.10649854185539459,0.21642679509330567,-0.20597585979167657,-0.46670827873614906
0.857361536644115,0.3494517729879941,1.3375244471076508,0.5325020792845915,-0.5472230796258664,0.060234077529877965,-0.28419724557965,-0.3149676270399756,-0.3906556191481635,-0.11963226858555347,0.33966191645731447,-0.059044988654484286,-0.2293410558321357,-0.06520363072838402,-0.11081926450054459,-0.48829287516447495,-0.04898701668964409,0.04309752419261209,-0.26949533408666015,-0.2961250409569138,-0.4610795057269864,0.24616632921232684,0.03516210352458476,0.0022501582110136253,-0.3634417870070919,-0.522677023108138,-0.2921577192531488,0.3999246026316963,0.2284739518061884,-0.4226158452508999,-0.24584481757034868,-0.24252193500931052,0.054157684866557525,-0.25067974069012816,-0.20348769572285638,-0.19629935752341687,-0.020779209236202825,0.17671256516488387,0.6130916858723745,-0.04746099617250046,0.16530140519859948,0.1243779974274103,-0.020883222892821202,0.05652371644214598,0.06597518515705297,-0.38334316063025353,0.23160106713745687,0.050297556932649416,-0.022415079965804698,-0.09525163711777958,0.044774542309396224
0.774348905208236,-0.4798330204795134,0.8507032041530982,0.6939647821964688,-0.18514084357387356,0.10391472637436515,0.5354524346992926,0.39962191015372206,-0.30767842916140287,-0.18221469394300222,0.5327829909475381,0.09162973894916039,-0.19700756757833093,-0.25635717662222546,0.05075992982828296,-0.05713877977260735,-0.19273350247135035,-0.1950566936002518,-0.12717924532866012,0.3107340754824916,0.5448247211602724,-0.12488012631036559,0.03772052367989268,0.014533795233786369,-0.4364285135725217,-0.030801497688007048,0.046605476401108605,0.060067322452377336,-0.23798952624043662,-0.07798285669804228,0.20469450620513466,-0.1371521431918184,0.17695215831272804,-0.4265380860345847,0.33916944024360257,0.022208126499103635,-0.01630048534307005,0.021904261980802246,0.041266310651310624,0.18419452588376367,-0.20522142056080844,0.02526718400399258,0.16970495027765234,0.06559619439487094,0.06498053640275275,0.05296426856431028,-0.1591520783338184,-0.277061397481917,0.1657953294801421,-0.16709815182185703,0.09469719983620291
0.823582399640292,-1.4635387149662489,0.054193938716303645,0.2921424939941664,0.11123677199901118,-0.6506108466985012,0.08828505847705757,-0.015483832530147543,0.3527703904194815,0.31827582849976666,-0.23781010868819136,-0.12061441145034062,0.30406873591118333,0.443533026721133,0.4606126162836902,-0.3084421811797342,0.14189984856650337,-0.19411865424696825,0.8190599612985928,0.10026639410607124,0.5818741723038978,0.12331405381849843,-0.06630828531200149,-0.10610157170504683,-0.0653281044165591,-0.09696550356987166,0.13886515714376238,-0.14373749578216627,0.1524843231970614,-0.04277777621805378,0.28988127921203327,0.0716541490064077,-0.18835116256746284,-0.35203915999332375,0.15761748882217289,0.09936636463405688,0.08813316323011272,-0.28428692532150884,0.42315085778830014,0.15568018499831607,-0.017000209622026613,-0.5116303227714301,-0.09771459174216195,0.2734413319574089,-0.15204768507505342,-0.31712833359948805,0.211921618000065,-0.4574354099735089,0.08687649234550525,-0.12489373581630078,0.09248893227567961
0.799601139707931,-1.3781041329775212,0.01803232061161124,0.858681628700986,-0.9938760578901764,-0.7167480393574011,0.12008252288956053,0.7047340059943439,-0.08307944154202904,0.15977349546422207,0.6413529066432747,-0.44741109107926735,0.06574404538376798,0.16963048478509105,0.4050505959817767,0.10911277627366468,-0.2594311310725423,-0.4044532905003964,-0.1650487827292672,0.08191255583147192,0.24622423292876935,-0.0477323198547417,0.275936023756279,-0.28781654899636633,-0.5665235447505887,0.0983997464678454,-0.019926067004786982,0.1633587527586593,-0.29804844770939753,-0.31870591924298747,0.2106228126968493,0.25700930036814457,0.13787321708600347,0.38758534145035023,0.028775598838381888,-0.028776634663409302,-0.1658041681205718,-0.11283546590722725,-0.18218756999128577,-0.040939239892195896,0.22218502907419205,-0.02059512147673595,0.14755968588059792,0.25165364085659586,0.24531404729088266,0.6207917779481565,-0.12802058979406308,0.407124507198374,0.09385753212572909,-0.20122724916976312,0.2477038868682517
0.794817666403332,-0.33800728751637454,-0.5933370654048135,-1.4125197875902873,-1.8209206645544487,-0.005081441725879656,-0.05630434484450751,-0.40008289131080776,-0.4621115548070856,-0.7844416177387268,0.4160607204303299,-0.09110804486715454,-0.28333027923654497,0.9592708977567991,-0.4369722992677604,-0.665836998405958,0.1919215371026315,-0.5537507302880613,0.3846637004055281,0.2733145548421056,0.31515156243995157,-0.01283409236733854,-0.750163624569474,0.4105955802168479,0.17028667790264712,0.27141560438322165,-0.2986053254630246,-0.11262850315593084,-0.14448981875130754,-0.21989251462177922,-0.3820942075735184,-0.5043018649586213,-0.1285473839710038,0.306023993881034,-0.3335985738003117,-0.1291816073259029,0.009716328327034679,-0.09942254056801603,-0.1479242392803957,0.32209039659168126,0.21520462741854504,-0.02072502564897618,0.24423105805952738,-0.04065807695811393,0.11759656704172446,0.013951353986035689,0.28450159866411745,0.03349831743608823,0.0535556414983034,-0.0819434175790473,-0.262850272912393
0.796722006660741,-0.6811595078906476,-0.36560881135514733,0.18107782487711102,-0.7405465726755609,-0.14871078188892947,0.37644333452644796,0.016025843342559,0.24865713852839974,0.357010764862649,-0.24870744674830877,-0.05200746090493119,0.0025667018283812484,0.36422521966213034,-0.012821229647395963,0.05443110215237362,-0.26560373026437634,-0.06787595478590533,-0.04740057198307353,-0.35091733385062257,0.12131804035302833,-0.28083549230529514,0.27121916683193803,0.32420008808398504,0.15195323034128508,-0.02198939129819182,0.2525344383850785,0.1822098659041219,0.05682735352519765,-0.3119490252461573,0.07858597872041702,-0.20505215779702948,-0.05180604684636518,0.26690402065437746,0.1623234831821469,-0.03413662343082021,0.21939623051476403,0.2602142078712491,-0.002602542758561039,-0.3392442119235183,-0.3865638475273418,0.26356392699654363,0.5859589692715839,-0.36375739489548636,-0.012882839343737322,0.254120484014264,-0.48558926482579196,-0.1440043453379738,0.14386664299055993,-0.5632882319784406,0.036432584444620573
0.89763871286755,-3.186661378047884,0.8031640730181286,-3.338938332509254,1.2115262770708797,-0.27907859887327063,0.8774227382582385,-0.3065612341436386,0.7568487847463976,-0.3800982933130477,-0.12842651143830658,0.6824802074260837,0.8361534588939805,-0.9155989449922974,1.212730645271149,-0.3892996266146041,-0.3686752195634262,-0.1419712643496996,-0.010227333965632841,0.8946177645006961,-0.5263321124561929,0.43223329079929435,-0.30622101391784345,0.3208037703204,-0.28389252243935853,0.15164088106185378,-0.11838170316373262,0.03804946262486783,-0.1545327525490089,0.03236497617238975,-0.1371087615552996,-0.002805594324232084,0.21812623981230314,0.23249933309400542,-0.11968957494876392,-0.191767604422102,0.08892212052653489,0.3750297629868764,-0.07600807989400321,-0.19532795004128056,-0.17868443322063007,-0.08145568814838232,0.048560914075503406,-0.04376886718186708,-0.008898854885259254,-0.024002854929336084,-0.03237924397009377,-0.009616707175843968,0.10124293809036923,-0.021170459989921887,-0.10223551264552551
0.863582452082903,-0.5986822860260081,0.8947344812098182,0.8028769860802442,0.02549194218122255,0.06469228945180927,-0.31718528608113034,-0.5538822492384676,-0.17005702870434897,-0.3071073513013207,-0.04586651246064412,-0.5308469340915987,-0.3089490448095668,-0.40823813729807357,0.5855628922776145,0.362959665649423,0.0256682476426797,0.0824949502026288,0.20968000157612715,-0.4759019851302782,-0.298486166897817,0.23340201192929141,0.022164555083011402,-0.2906489583419009,0.3405169750376756,0.2526208313716821,-0.632787856261441,-0.23387008039066187,-0.10300396131183123,0.07981972907986118,-0.2867771432445042,0.22706549194520664,-0.06724208574454192,-0.22875145777372322,0.0029282521306847847,-0.40206486425247917,-0.010460292800576206,0.21131547601327944,0.01629651549289367,-0.01655679988310236,0.3284616170759109,-0.09632111848132101,0.28558507505071223,-0.07927278945070994,0.03336475019561859,-0.08296864707548555,-0.15056509209505564,-0.26229654151432846,-0.22560206930326318,0.08115658007679148,-0.007837363139923576
0.935214770327318,0.35134464119945646,1.110049866781631,0.7674051979104822,-0.34340617679198143,-0.12687650171571252,-0.22534115027593102,-1.1482527216339218,0.29626686194771773,-0.06056042754645537,-0.6141462984400322,-0.09828917332054662,-0.01111506207464181,-0.3805900608782967,-0.2420551639671943,0.030382678808895298,-0.19557595407933717,-0.040218562957667625,0.23207258677423445,-0.13154512573759589,-0.06802217599680217,0.18851376028248795,0.20744126547510877,0.18122022051979553,0.31488670926548035,0.3800138185519,0.21770107500590352,-0.09999946328651224,-0.37396442324385604,0.15593068025492693,0.11195636492061305,0.39712722622170044,-0.29637458404321687,-0.11350140605515333,-0.1962608233635994,-0.1768239058424806,-0.09395981972614546,-0.023132763464774057,0.05144427075927474,-0.15617769196797093,0.2054391338303869,-0.2330171848975555,0.3292389608964248,0.28696489693581695,-0.14086897479244262,-0.2351211515672884,-0.21305348544296937,0.10447732772507781,0.025611270226967502,0.0731137121032323,-0.0558555356242161
0.927523453964567,-0.05448327075329272,1.614789890688299,0.762668858914271,-1.0986334399897497,-0.06674694036295267,0.4542441539561848,0.38670297465333514,0.1745277656068378,-0.5164116039228557,0.42899674865418375,0.32733406175754265,0.18493048323835162,-0.042857100119091836,-0.5943512779228656,0.2615835220790001,-0.43039551841378465,-0.19077550928461628,-0.43644166800965245,0.08232452988563478,-0.1989266944471448,-0.0016611200236637423,0.17709514852271707,-0.11531936078123324,-0.36033482100766967,0.28192925514241357,0.030044531890317725,0.08039560537427115,0.05422604651299299,-0.06274830044488901,-0.062316400231339546,-0.39069718969323275,-0.024040711257197814,-0.026513379671774025,0.013122378416383772,-0.17250946061843705,0.02563291822568003,-0.06180265574769978,-0.048571081514707695,0.038760647162838634,-0.014457749770350444,-0.08730801097138877,-0.4328330027350082,-0.01244407697415817,-0.10481532149561688,0.08568336344311472,0.28087521262855514,0.06789711365651252,0.027899340385098097,-0.04676675224116154,0.14020805450348348
0.88551667722249,-1.0466276391062947,0.18279599172106223,-1.4536037477126438,-1.2673831864046825,-0.3536922866152783,0.2802906772858391,-0.748014047293704,-0.3820002727531017,-1.1740956228961636,-0.2038861430518213,-0.25551802660764217,0.28398822915614236,-0.1444920627132717,-0.4925410695933946,0.558792013203641,0.37410481556277675,0.1480554419751643,0.22172261450594227,0.32293082909853926,-0.27372507137306307,0.30280426370264263,0.8519577117832878,-0.40866205122360055,-0.177875496348164,-0.4107354888472779,0.31528185511378953,-0.7030265961960944,0.02063542163686683,-0.07817799553866431,0.04711461260150571,0.4026674044646018,-0.2605440996160538,0.4745723797869915,0.45630903540176787,-0.118402993682175,0.10893250770002295,-0.4248192010713509,0.206340235291304,0.14350908504510587,-0.028803219246812867,0.1832990216359337,0.24122173012701167,-0.19251931746854525,-0.29910761189171553,0.1012301458856455,0.18221712698704562,0.41620358880031155,-0.23402024102807592,0.03456024240501298,-0.014807108600929385
0.907293973256347,0.7335960525276154,-0.3379819825633343,-0.7936625088180326,-0.973643878094558,0.45909951373413693,0.090133529425358,0.13917378884216267,0.13593289315329288,0.3076555830808778,0.274372228452949,-0.028860833734489826,-0.3535342864552351,-0.14344596228592174,0.24781654417127438,0.23192937298095453,0.31388446814465115,0.09243880117201425,0.34076902789750607,-0.14861247107297912,-0.07653838581852002,-0.2841091248638548,-0.4101466286826761,-0.014963220022913691,-0.4789521539072763,0.020108833342404528,0.19099201420517373,-0.30688370404538695,0.3254099387142938,0.4917842097852209,0.019781530768624225,-0.4066244255979485,-0.044250393174126344,0.20224064202931524,-0.25165759552531075,-0.04626927311987163,-0.10978550414264465,0.3216547984636504,0.20169871255992192,-0.20829304200201795,0.02062241272018459,0.3249193632163307,-0.07013805706103393,-0.1400185047446627,0.14594287915353912,0.1861439883465871,-0.32060967359381654,-0.00815573263979871,-0.25622266352161516,0.3447332577558448,0.07922339506211623
0.9121829636365,0.4984636914077465,0.17263306885068122,0.5903744290847834,-0.6145614729810626,0.18286837363899427,0.243335766627858,-0.30758158935821006,0.6633487173398669,0.035609007453472945,0.3144115801660379,0.2639954856708249,-0.04700465687152659,0.26343637186285795,0.19537088644249603,-0.3241040448770369,0.2742337035160533,-0.2844323104730223,0.2888431315019976,0.10469784503078328,-0.3279373207935904,-0.010126557201059535,0.23831670949170528,-0.1628002432504577,-0.1364201394118442,-0.13991871250706175,0.18292126227840028,0.05816851097236797,-0.021130528038846293,-0.055957550500692156,0.062313817637642294,0.15167253124781555,-0.007396896193828744,0.14180008132215177,-0.03488242571331968,-0.1204300566394311,0.006198776117752102,-0.1482339949371925,0.26894346244341993,-0.12077348722315273,-0.21038707760055103,0.22476594599767594,-0.10685364928089992,-0.06050492597273083,0.008199683592062324,-0.23245629956938357,-0.025557441432911932,0.32023476440021004,-0.16250930698186675,-0.04489792186564941,0.20273676913474822
0.869376201373098,0.757031453792736,1.3941993063801028,0.19604884481454443,-0.9142833312052777,-0.41160995289710084,0.374469711521666,0.45862468828567804,0.017455495509396436,0.11828596832550133,0.3146999904827572,-0.12882304574696815,0.49220150659361883,-0.13934104504863112,0.040768009870855416,0.01967330522970853,-0.04751294749075176,0.3457962623903858,-0.07996151583503028,0.014286501077373693,0.1696007264804927,0.20893580760927732,0.011451970392801379,0.3200184799083543,0.19720443997382106,0.6356086552786968,-0.8323003039934173,-0.191438508838268,-0.1745307456242862,0.5281967511187691,-0.017975470412246036,-0.27229429527189863,0.35617960140039073,-0.06033655968305848,-0.036969064021854216,-0.10807414723398352,-0.07359310390123482,-0.04973915176476628,0.05953419730163643,0.05658679681933594,-0.068049962701557,0.35700938465064813,0.0920204673651579,-0.2703472070502676,-0.17565650961253135,0.07260630676430177,0.062195657330946404,-0.3876348396129792,-0.14840444606268163,-0.2048471069246146,0.14593024624090564
0.886333287521092,-1.6038246133797518,-0.45656950837028076,0.07041787780381988,-0.177840466584329,-0.8676609541927561,-0.43562646087573015,0.3394758895680409,0.018724798142036623,1.0277347647121151,-0.181628685512637,0.06966350156589507,-0.06550028198803966,0.24493060552479384,-0.5072044795780669,0.08126899257174433,0.061304251418887075,0.2599115381798493,0.24486280061989554,-0.09597871225048825,-0.07190256574639414,-0.1276014130864534,0.10686174534071513,-0.4710204340936761,-0.06347403242877761,-0.13910065076659064,-0.34593180551629954,-0.29241682809211395,0.062364044302041274,-0.048349097094439054,-0.404035310535285,-0.004897095043368253,-0.19242187516103493,-0.2676442894469696,-0.19451294568933844,-0.10331300076049159,0.6796299456237085,0.09065373708597828,-0.045794412228640204,-0.12167587305325493,-0.5313726258135563,-0.24502438015368494,0.017530169212510653,0.15075574669898434,-0.18789174327889202,0.28059495329114376,-0.03392746860983605,0.04215440565421956,-0.15426891903207918,0.17108306666649736,0.00985690357768577
0.90800333178361,-2.339698845814899,0.9485832928314404,0.8660789579146019,0.28962552992630386,-0.4466051803416875,-0.2485715670334988,-0.10381492032093126,0.31364373861490086,0.6719723264645424,-0.4218577768709145,0.4347079389082262,-0.491149633243544,0.15743110870682908,0.1310479367668663,0.011682043865266443,-0.09039470656565941,-0.2896402675311613,0.4972983507405321,-0.15656727932439632,0.19402745044619887,-0.6878150350060774,0.1554492800598046,0.3842314460864154,-0.23406063321467532,0.5046639209623033,-0.03590441960243203,0.18633176009165953,0.04238957956393231,-0.03545482393516647,0.10072267669622471,-0.23556344171959226,-0.10670112519527516,-0.011847128257357757,0.1980685716330161,-0.03228485058632103,0.11613188850368238,-0.4192915292046227,-0.2633890685513299,-0.2171831632589373,-0.0383957978529536,0.08690755966067226,-0.205463582953549,-0.11752109638730099,-0.411693768430878,-0.35266044742330704,-0.3087897774269616,0.3277344576094668,0.20410098668911406,0.0684699509906524,-0.17866144322173452
0.972935207983938,-0.6424133952414625,1.6349087747237758,0.60239292559779,-0.48778331406365016,0.24152358497476767,0.07940083231329705,0.6050624056995432,-0.24721520358643503,-0.18247745268149476,0.560409640946851,0.09670780867649396,-0.2205771982879275,-0.022484007041619312,0.1290688455056899,0.2502739770392834,-0.11913475230142305,-0.04818576968927387,0.26158732937399576,-0.21311817905523198,0.007974368712665885,-0.08976429365722392,-0.013088690763428676,-0.003997696787622444,-0.3963150112786082,0.2327674417709483,-0.15587546195624855,0.14515809408790778,0.016911942213754177,0.24336026180099313,0.03713691513674073,0.04267676267900092,-0.12111370381731343,-0.07036615693586716,-0.18642830558805173,0.18376718897841948,-0.044461852376001566,-0.05926778378378372,0.07780163746956721,-0.17336938355533127,-0.06519060568372123,-0.16348774833347876,0.2566031179839918,0.05920837765006288,-0.13269234559554086,0.07267277195931773,0.2506795002810403,-0.035905576419948335,0.049055988178865285,-0.013633024073223855,0.20639719835784043
0.944855084288193,0.2658963937349243,0.5126322054511909,0.7146282402859637,-0.4819179885973288,0.07395383933867951,0.2456110594427753,0.054233808050362584,0.10587141415891725,-0.1187112565242164,0.058266487505934175,0.12913803470812424,0.07964229991844261,-0.17740961156611734,0.01735407760045935,-0.2854969883987735,0.08260293867574815,0.43383601141843336,0.11811291617168278,0.2723579519662284,0.25354377434462044,0.14781711833507724,-0.08176096346355233,-0.20222015496743762,0.28823388507856057,-0.4564989979859651,-0.2533401035638313,-0.3014598306238611,0.24642624115435094,-0.09999407660217638,-0.025021778191658777,-0.1053042477909892,0.04654378280697635,0.09683129750735088,0.4845891459180137,0.23022455214787785,0.5252758465704856,0.02492627224016412,-0.2969513289846813,-0.054157102893824825,0.37437617647215937,-0.22101103059440858,0.3407494570262864,0.10411261578558736,-0.08489117282999474,-0.2779527339011885,-0.2485011846506621,-0.22992305363139,0.40049269807724047,0.12429691195100372,0.22817108461094748
1.0,-0.07193000952649957,0.8205363895244354,-0.3735155216996378,0.10466433285744874,0.48533521121701084,-0.3246285152847936,-0.3141608153789967,0.3809973002400549,0.5104570337208647,-0.38311438012134574,0.23801728189921598,-0.37812493560666605,0.009264031281439145,0.013150388999940161,0.2496460147185775,-0.4708415482872386,-0.044580055021821594,0.24719896208176165,0.19009209168689922,0.1618829466381762,-0.12362081645182774,-0.14923726764520676,-0.2683243196473312,0.23581316010393896,0.08195326329752893,0.3380379705352912,0.11605015043740932,-0.1867256413324906,-0.16749683960299877,-0.3721775966284083,-0.09636129116626348,-0.12943825444388796,-0.28613855168075697,-0.4296841613190363,-0.5317619653788556,0.10921997835698119,4.1998070595707706e-05,-0.20107093906855397,0.3281375602301329,-0.3981436148785142,0.10825786148482577,0.46392912537890596,0.23028413143688026,0.12095118360500004,0.3832097900139369,0.021581259245120166,-0.03378411304645233,-0.3227256071974513,0.07698913107534823,0.18009557693859773
0.951432846822686,-1.3207179761389727,-0.1555717078610247,-1.25332718205357,0.05239162744839796,0.7201564666457878,-3.2985480174200976,-0.049899047020141904,0.4904409330943272,0.27790045351369025,0.11901531988037449,0.27521841852106665,0.34334484019369105,-0.42807760456172467,-0.7051268409563679,-0.10297639392083058,-0.06801652944220665,-0.47742369378279875,-0.4871185930292982,-0.0758148574272137,0.653580546293803,-0.15046776297349626,0.06822457667098679,-0.2828037566517522,-0.24145946853298342,-0.15347441000594747,-0.22385955954265807,-0.08658697984832985,0.0436753687344834,0.2541380674471971,0.09808457255853105,0.045395483492701165,0.2813759776838052,0.3919375872924476,0.3522618487570121,-0.00912744850125973,-0.28546131545959275,0.2408386999485522,0.27749416630012,-0.2753657808371205,-0.026222852530024387,-0.25441378140644666,0.20088223777671002,-0.29599217296676683,0.24681321009473534,-0.10283295859007092,0.125363800247459,-0.1837025617019999,0.029329412791626795,0.13221279892942947,0.20631331702277783
0.994227212011479,-0.7863984569964239,1.1642778029760386,0.747095753351809,-0.3350594687045336,-0.4974058505672068,-0.5466273760453257,-0.618619989339378,-0.4813195926318105,-0.408609333838917,-0.1447989846354711,-0.3025320313618535,0.13502463028030723,0.4903422139984539,0.21938156735587125,0.28608947238470744,0.6812807088596086,-0.5302999964809209,-0.025094221582120213,-0.02578321714889741,-0.16039356156275397,0.15727117773105828,-0.10581396900607457,-0.22286413662679394,0.2511352739866144,-0.1999612243826027,0.2377717793703769,0.25685015406178463,0.029053942784170395,-0.2090787555215361,0.266455205693725,-0.04234647979392318,0.48694429112824017,-0.16644164236477374,0.13978179639553748,0.0716399531257471,-0.04641394051538762,-0.04685240283116744,-0.5691996287759018,-0.11525256310292821,-0.15758354022769944,-0.20766959250890268,0.03994816380263715,-0.3115612853921379,-0.24259522395619912,-0.06438770628086683,-0.179863525336184,-0.25340412037097965,-0.007238915515732028,0.22770857347080867,0.05857862470447237
0.947128419673302,-0.3311968464087208,1.6677113690282401,0.27227440452531165,-0.10040297253472255,0.2065660435048744,0.19945951912790505,0.6135850402666296,-0.6789113100445601,0.06725452507331194,-0.5669583049747654,-0.12357153990961652,0.3483907261207108,0.20543939325920207,-0.3788065322434189,0.2855026496140285,0.14857313226068902,0.26620629041550015,-0.5577893590719272,0.329585942291582,-0.14595784371767206,-0.312403725097894,0.07884757452189015,-0.1800947824243549,-0.15823338984548585,0.2326165724807943,0.08092667235512889,-0.09193168355247468,-0.06228777779324396,-0.256866524818442,0.3752113063834187,0.25691670409327105,0.18401255737335717,0.05444407564221028,-0.1121431095561196,-0.2762283073887649,-0.14474707707131287,0.20536644038981083,-0.773741701035416,0.08610174299757281,-0.14777972667434652,-0.2850458246193904,-0.12839618534102157,-0.13360892239213654,0.017386506963361616,-0.3564060976001712,-0.048273732067597296,0.06109693813692507,-0.1158274182087756,0.10995961938877759,-0.16301830397982126
