TOD,PC1,PC2,PC3,PC4,PC5,PC6,PC7,PC8,PC9,PC10,PC11,PC12,PC13,PC14,PC15,PC16,PC17,PC18,PC19,PC20,PC21,PC22,PC23,PC24,PC25,PC26,PC27,PC28,PC29,PC30,PC31,PC32,PC33,PC34,PC35,PC36
-3.33556692877411,0.20690573390560746,0.06471208834050433,-0.09831703168410277,-0.010455152777261714,-0.030872034110006125,-0.19908461518348025,0.11703412691579036,-0.03413273104820714,-0.145562269217402,-0.032556061278004284,-0.05001899658769038,-0.0004513530238000328,-0.08004413162224182,-0.034277613807651236,0.016582855317087374,0.023628205866779637,0.03245977290727188,-0.06267330059512759,-0.004934231766272997,0.07885695874315628,-0.0012551836545173652,0.024567100076174433,-0.020944528775831646,-0.018029263670637338,-0.06443738526969002,-0.032897190434132716,0.05801138628974599,-0.048340219578343314,0.028569346884709364,0.12631620457382367,-0.06380274374709342,0.034275828876386354,-0.05014619007106479,0.0028527210660217565,-0.013582340148837545,0.07866303169583073
-1.75430895079149,0.1658056627383636,0.4712387965664267,-0.019270420339911637,-0.04832348145899942,-0.1026147449058435,-0.18028999961112435,0.15436262334358317,0.07971430209131004,-0.06708639482377436,0.012276580946260567,-0.009952710768130368,0.09708923798204594,0.0038054530111539886,0.0793344075895493,-0.012357116623510349,-0.2968629217535269,-0.024935618872235686,-0.09993941914694816,0.09923466753963466,-0.04747739046496596,0.07191162570006072,-0.017012998533634947,0.053818832001392106,-0.04311022136068955,-0.03928367949063125,0.06432748736745372,0.07222354955527402,-0.03729548838658649,-0.08594599494746595,-0.03076652636151378,0.1060261444832484,-0.05069166844118628,0.12896515677833997,0.05067812223877368,0.08365133639884925,-0.1408587314708921
-0.946564987391368,0.22903254272488113,-0.24613475686846756,-0.026296803408867923,0.08149209232508142,-0.14335141739025692,-0.052183206549747216,0.04300210589178547,0.1562741571780973,-0.12843931355427626,0.04137965029642887,-0.007664131312214079,-0.048117725440140015,-0.15694828830517668,0.05543305348586354,-0.10031271675979155,-0.05646398919517359,0.048006953223778744,-0.0875669609578441,0.04127730641649805,0.1623494372634664,-0.08407760123844815,-0.047753597339359195,-0.02393448102628242,0.010522364534194806,0.11360663337508695,-0.0975793091579895,0.04092046119249319,0.09976399458577524,0.05076962595801671,0.0367529504991404,-0.10855256963942647,-0.021263166132227403,0.07811453003828493,0.004235887620407832,-0.0035846074645436705,0.025630390811497226
-0.839253719086909,-0.7840135120628808,-0.36093970955903376,-0.07915143566989948,-0.3133254471094248,0.01173995345033954,-0.007020466900360248,-0.0023397239941284837,0.07807365577073978,-0.04520975549087821,0.029296378374657584,-0.01809571753113118,-0.010360456431145817,-0.12346958831124236,0.02263126017564275,0.04250403829259377,0.025137704319499122,-0.10164260607356403,-0.010362628973446543,-0.036096127173464714,0.11428912565338528,-0.03029761737205422,0.04197623758251286,0.13497353603098705,0.07957599522555867,0.059372087136656364,0.013065159675090098,-0.05208562125093681,0.05337426164523463,-0.007020609690457188,0.028095453225788065,0.046975443736351104,-0.04595744982648783,-0.05763170167465213,-0.014608137161600166,-0.023736718385045645,0.028935131215197248
-0.629508410326847,-0.8156553996840097,-0.24752199774449324,-0.07758400360419178,0.10017862554666858,0.2341897804183046,-0.03609628923600908,0.041258865430813224,0.028049901602581234,0.10535762211450306,0.1389176744192072,-0.05997274722048697,-0.0172128085120379,0.10853329970816827,0.07277760803802413,-0.018031821695205525,-0.13889021472450605,-0.12806295717098373,-0.012984009516026922,0.03952906868733102,0.025403690398543538,-0.06790824435567581,-0.0935836877686238,-0.018811290289558674,0.09412784552095464,-0.06535223919877879,-0.034288965459826314,0.06883259016875364,0.016818702077771024,0.05241394160576469,-0.001178204941912483,0.014609504045122162,0.03421535578033197,-0.09771706464071014,0.0029789214864483753,-0.040507068135890986,0.036773782895095246
-0.552569765555599,0.2252490235281252,-0.5238787560948014,-0.01149201418061866,-0.3248542020013378,-0.013527015189679088,-0.14791627513447164,-0.12711063984750068,-0.09080925705745144,0.007692859512321276,-0.031128140730750577,-0.05302401940839858,0.03081145354379937,-0.06768163453926083,0.07889628184387283,0.0741191143238709,0.031889977262389714,-0.008641353609963673,-0.06339485359889001,-0.008718269215579406,0.03969650879952036,-0.05549562343481812,-0.0423545020005246,-0.1532081090813048,0.08904961530265977,0.16240997337873986,-0.0339076966404199,0.0792893430710942,-0.09547869125217615,-0.005883635613084738,0.05858626402716772,0.0690259212359331,-0.04267979383826751,-0.023131699831232276,-0.07879323942706959,0.06421203796050617,-0.09125492575576007
0.750610688492847,-0.7309767518931631,-0.840007450980657,-0.25631440840148273,-0.13715385507215194,-0.1850475049634857,-0.20160097296104781,-0.009821409057005848,-0.04381194402083609,0.017300478332987635,0.03230098978593547,-0.05880834433550595,-0.02171337939681437,0.1458616189014179,-0.003580975295175762,0.10170905256892673,0.025837572750188848,0.05682157368209036,-0.09613262984046003,0.015774397258135592,-0.02420960991730181,0.16092136666564427,-0.14009118748367685,-0.06108098368620577,0.01535022034353568,-0.015331914357463023,0.05585515064262471,-0.05539017385289606,-0.037671793770357884,-0.08614484964723228,0.0648919673669203,-0.05722613968843808,0.04083394160423529,0.05406178974993,0.02927764165734949,-0.019653839490972887,0.023688198475502346
0.933069430133357,0.20669572317349624,-0.2051403961113543,0.0502034142411987,0.08063306045726124,0.09982300628017399,-0.05422992653916234,-0.12374107584717693,-0.07019224561247255,0.23008461501765187,0.0747098150136979,0.01708129950313144,0.03094918792508203,-0.07714332346015176,0.0254832898174881,0.10894688718238336,-0.012265107620003992,-0.03969175695570263,-0.016283689813897485,0.044698864886771855,0.03166918612838365,-0.010218887598286892,-0.024328130193837626,0.07921239344903001,0.06912195572598158,-0.03197423248505049,-0.03938674495733296,0.13022942092702888,0.08566407648522692,-0.03353962108418539,-0.005432189099968645,-0.05642195608854775,-0.013029495087683052,0.05223719540648747,-0.09827133271244388,-0.08956206916015229,0.0917736253911865
0.964985078500852,0.18594572250567462,0.06993751289666052,-0.01797006597537007,0.47115376334652137,-0.18936573078219876,-0.45997508818946164,-0.06738120896749648,0.33776221674121243,0.1024933456784685,0.14457241217521077,-0.060132690318294234,-0.13637915531828942,0.10827371372038098,-0.11284738320459689,0.17626954799082217,0.04162549348301232,-0.055550894294640336,-0.14781440407583077,0.07303029870472545,0.12468217408975053,-0.0915296630031538,0.16699368829630545,-0.10116221092211587,-0.1837411369292898,0.06338450295289036,0.08484852130643546,-0.06896610403570232,0.04736740725791402,0.02819958300800041,-0.022261203843082798,0.017563673236073364,-0.008432036183870307,-0.02932223014343708,0.012220560919120434,0.03280824996112141,-0.016578794304615944
1.15457215880067,0.15427642683023865,-0.7901998365465953,0.783523329172849,0.4111234442517941,-0.3354179341195958,0.33747122125766144,0.1136477182526655,-0.14491389222690257,-0.09321521467733301,0.06594722207871144,0.09439117138073942,0.0011932935027261725,0.08503237715963358,-0.2296123161319201,0.08270484324688532,0.04158702010786302,-0.21080484647522307,-0.02785170941674162,0.018035256367722696,-0.04170365441014511,-0.042363134744852794,-0.02143195297659706,0.0114499815911416,-0.05228621370070302,-0.03091960621144421,-0.05717934639010798,0.10143029084372132,-0.07442983125461797,-0.010345986971756151,0.06989674789645542,0.04672692636874978,-0.008527259163430294,0.02652140913886305,0.12441227498478782,0.026630285993814732,0.049016102803505435
1.39767420290358,0.18335663369170838,-0.0823039051411545,0.05113495260910744,-0.03617116857715741,0.17733494241317965,0.11110495904934935,0.09545204259722972,0.08359537889494448,0.15469224822458613,0.046963224749591116,-0.06268095835297513,0.10510875029003322,-0.027629633524354217,-0.013006652830167753,0.16667947737316247,0.11325957187893039,-0.11862525672607228,-0.13784476372502535,0.003725106235032233,0.06896742471312545,0.03405767799198094,-0.015721190405188684,-0.013962622761167578,0.05739743623422303,0.05614226517250583,0.019487656273996148,0.010226986549838148,-0.04521463829843457,-0.05382221231475958,0.018405754334397277,0.09497386172518262,0.06352218537735586,-0.02679698800293038,-0.11185140804668349,-0.0692843816232776,-0.024101515023720325
1.46717689965213,0.11381769167520796,0.1785195697698338,0.5761080679196655,0.1731491428116747,-0.6828987288639901,-0.3216043603692322,-0.22332195731294538,0.322063931666728,0.20515239338252247,-0.19192511620705308,-0.1444313958295422,0.17673109679986476,-0.04405935382128694,-0.04744302962958287,-0.22097463653708152,0.12158560023010037,-0.049376397832064114,-0.03495437069498863,0.02486005254429392,-0.1123856734862589,0.058180202585289685,-0.01386487653069567,0.026524714052881693,0.17923822483607657,-0.08052959375268007,-0.06506499824189985,-0.0595590577497783,-0.07122096173003352,0.1372596765959498,-0.04704312246001408,0.03494175634736477,-0.03721157588678404,0.0012932361314706962,-0.02662771933947871,-0.0031983871035752903,-0.01962977237546519
1.57934041643112,-0.8424211195163763,-0.023355822293607848,0.009488905438046999,0.5162914907339586,0.2412091268658714,0.2613837556843783,-0.10490873980420415,0.14050655698305584,-0.23228258342023597,0.30230092369138645,0.0025870470401150023,0.2085046461759417,0.02279583807798368,0.11770088591587205,-0.07088545622772106,-0.026034809016503176,0.0060302830479719615,0.03491954593528836,0.029594675134478297,0.033690715896883654,0.057447885706065016,0.11846331499080144,-0.17978777811916913,0.09579042746566567,0.018295912663031343,0.09456359095834935,-0.06887006942679415,-0.1282897598933521,0.11422700068904823,0.058680012976366026,0.04421874432511359,-0.04150267240706143,0.06161371928548454,-0.07678110351185857,-0.03833763800585383,0.016916453810023994
1.90189828659735,0.19568529651318306,0.2720891406098275,-0.13386586601610467,0.32287490832176663,-0.11710328551554908,0.05181973209470577,0.08803810762605604,0.06825385485655415,0.09738523709691105,-0.056315352537281406,-0.17424612961149263,-0.08861654105409916,-0.17072209012027478,-0.2516786769497851,0.07397059420343664,-0.17428902238769522,0.0916100359707786,0.13860049672614538,-0.0987137754476988,0.013180474091631577,0.055218398742455425,-0.006663873520137865,0.09271912625947683,0.14372309888653353,0.19829696720886977,0.09743289804211634,-0.0012253135069012937,-0.008099161853576954,-0.08498785450332476,0.030503066111796963,0.021214307481198055,-0.04648123499564141,0.04080168390332048,-0.06341412851620155,-0.061950788407785506,-0.012674220799973995
1.99736532572493,-0.7984188390701739,-0.4259728863205836,-0.2402654627949228,0.16402175226071697,-0.252637965287311,0.3019772962295915,0.8253934246348195,0.26553150521272767,0.34981517713571936,-0.06891750719084168,0.06048431328778882,0.106980246548763,-0.0008944540678488407,0.04986075654374242,-0.02937198712503066,0.06540094167655029,0.1821676804435953,0.041182145882473244,0.004319605910298208,0.04865749560558543,-0.00994022793482477,0.0762379974740393,0.002513308169222643,-0.032135016879994274,-0.04898764180850913,-0.04971892962297777,0.05509308600903902,-0.006970638630836203,-0.0663651542168361,-0.010457269650445616,-0.0335261319541622,-0.025922306638375234,-0.05390702825756471,-0.016802877552679896,0.0169831935309701,-0.04456907526183778
2.08856392307049,0.20395466200619491,0.3968738196714403,-0.2737449840864375,0.10716859446214556,-0.26986255509090074,0.07095617569531965,-0.10852755232531124,-0.037244396574007,-0.12955247651615767,-0.11130588333225057,0.038387156196546486,0.055125031540407,0.07098680599366106,0.09404075572283492,0.03541206832853539,-0.008244641196272232,-0.044491708342617564,0.09664687066280292,-0.05860741486508402,0.06652933939827753,0.05431546555853265,0.04561095486252263,0.02360418588922895,-0.02250892716249151,-0.007471268306847214,0.025343781892810523,0.06867530114293709,-0.10183366983127691,-0.07254243918063996,-0.0022785823755009653,0.11024444708245255,0.0552980661836214,-0.04446820118114757,-0.0584053995028956,-0.008167961701953181,0.03771291984477599
2.10800584058625,0.20645642086116814,0.06394882477297165,-0.0807171761460504,0.5738793034861248,-0.010958080641161508,-0.1576825042127964,-0.02030138988211181,-0.044551646551843495,-0.21117358780837586,-0.026905958808126955,-0.007642749555840047,-0.09448804440369746,0.0021952055845335366,0.04231142800748856,0.05963617508177436,0.0856821344983688,0.09245771144448421,-0.04921553640244261,-0.030841071683591088,0.19023589410150513,0.1142352110764327,-0.13468602711271707,0.16374757807262616,0.10171229043071767,-0.10599293988929387,0.01946344761345305,-0.06815955996155004,0.05912929811270226,-0.057519022519847786,-0.09570989345908994,-0.000529262551910917,0.013612427586320336,-0.022499604747975098,0.022144564401251413,0.1163305536929748,0.00770202298612878
2.10959538299129,0.20571074546482868,-0.7162388769745619,0.27392982268653177,0.20963084983516136,-0.06374769783249744,0.06155625430960692,-0.0003615370400054316,0.11994946269836906,-0.3148275860924372,-0.26589593823967167,0.1752636037827942,0.024806794519496363,-0.24392847545115515,0.2694900518260003,0.08499311970014295,-0.143914016407553,-0.017602001476646513,0.008801640696926228,-0.0866274749115675,-0.006481061171618218,0.04521299496834317,0.12104240909505336,0.02186275522970349,0.03569981034348606,-0.12781891824261774,0.051785297572686996,-0.01573132080732313,0.003959693053328064,0.011082707101991463,-0.005792237686590339,-0.05968270990718552,0.02866149498678099,0.02868049455080949,-0.023556331576892475,-0.00911106007033853,0.007634723632495251
2.18307450301212,-0.7919585300351968,0.1810718849431122,-0.3054132091219937,0.37070494429613693,0.04058111726744645,0.12897881971965053,-0.0656920186847116,-0.10624357468661336,-0.01394615677185404,0.02950427023781509,-0.07223123032311046,-0.04822704031434064,-0.1596297525250621,0.056485138593331534,0.0974115700895908,0.03852017531765905,-0.04364515439405201,0.04831150580495546,0.029921285318629802,-0.18063700417924763,-0.08933623141555332,-0.038509273100887705,0.01919775054172738,0.029977020498081056,-0.017012646729128986,-0.008226301323028165,-0.02729947555571263,0.034420342339406454,-0.015171737692763603,0.11093639245366979,-0.008302428561164405,0.058674638136204944,0.03120592066916727,-0.019013884132530568,0.07629936766896485,0.006297362371792807
2.18673876833911,-0.8999658880580093,0.37794327829551894,0.30396788228301935,-0.13271821874273917,-0.2652154838663684,0.17886447294177305,-0.07015042875066677,-0.17099083776983007,0.10090029647264634,-0.10288772601213256,0.023906421698102545,-0.028905959834449033,0.0961457114070997,0.049902041702334886,-0.02083297990064288,0.03387813264982699,-0.1254959333073489,0.19562928683202946,-0.009829513654356312,0.02755388069787142,0.1894593291986478,-0.04868158696138062,-0.11870926203774022,-0.06247503226006148,0.0897939747501167,0.08500863401678281,0.036193371248901283,0.03454163532374275,0.004020236149892762,-0.09307747060255916,-0.08365692064603132,-0.07750340561793764,-0.07416386663210067,-0.06808133266414772,0.09893398662470351,-0.04816059934558071
2.26578497197039,0.19711114645433392,0.27250087061397077,-0.20552156289569065,-0.03333536878859759,-0.0725163781349109,0.4320896814425361,-0.10861801282236179,0.12343745461195661,0.1002025595442909,0.0016383836413790887,0.019909536811642387,0.0074146408320115926,-0.02298328181101976,0.13444173273510698,0.10847824388545352,0.017330116783461323,-0.058497102720667056,-0.055023823932007825,-0.0838359535148457,-0.015646166554594786,0.0261882759851265,-0.11244233134856076,-0.0676387710457601,0.02867723568562783,-0.008232408074592528,0.01870419206162663,-0.002962653994274596,0.014266018665551508,-0.020781061469039637,-0.03564204641909406,0.07735478844572784,-0.029463780199122918,0.04227658224147674,0.06792366318695521,0.0027233318514905754,0.024923234194556547
2.30516343750525,0.24004421852110974,-0.13690460028527143,-0.1496717176946633,0.1764718809666882,-0.20568401673881329,0.26326977939730223,-0.04669919151182809,0.19892346800982244,0.05054137289301282,0.23489610001397196,-0.0778680615789446,-0.055078566020703316,-0.12369209675283659,0.058590243817337226,0.015465037154043971,-0.01848244060474684,-0.04579941838314721,-0.016247698024785203,-0.10240150312974328,-0.12593281365611045,0.11031162009010001,-0.008638528763593695,-0.043529323317737935,-0.03087018149923452,-0.03521255669061925,-0.11435328987640046,-0.015178141621769089,0.07549501413891825,-0.07803926794496834,0.0601299772470353,-0.04480541815566098,-0.031090917995356595,0.005987010076321712,0.0009684833985156414,0.1410216421915238,-0.008496386273584214
2.31073414033149,0.23661637351735498,-0.16437255454804386,-0.16228383920814993,0.4565198186725241,0.08386970367837931,-0.12769776889393886,-0.13933863835047966,-0.2164651147471935,0.08391115218062094,-0.12789091815802914,0.03401834438770315,0.1602168444550418,0.02465495436256669,0.10622258327726383,-0.07905896317986004,-0.016441562422803948,-0.0821712052758718,-0.0029495949838007386,-0.02924888477877252,0.009210301586153605,0.02859768098073476,-0.03983609633015147,0.04092776164436986,-0.06597090776300622,0.09714837288062222,-0.06558437345707124,-0.046875973642446465,0.038295382153044816,0.08873467855745708,0.026873334614435012,-0.0700792736848617,-0.012113793710181734,-0.016642193060940298,0.07466198321583965,-0.011570074503348494,-0.04293157317604249
2.33206780874885,0.21269742177912226,0.11124512379718733,-0.11690671557004009,0.03635979377340804,-0.04770031610764769,0.04953349182436771,-0.06875213148536531,-0.10944290895016097,0.1002875236089704,-0.009177927784903502,-0.07119742227060002,0.1213767905604257,0.02305660845254314,-0.048525617413337406,0.03846437353864869,-0.038225812355798174,-0.05760284581263541,0.04678125734393055,0.15042399235362655,0.028428879086087062,-0.04325301389549164,-0.029379643740208777,0.05519545046383335,0.030318316586532064,-0.10994264630452409,-0.06518862845486198,-0.06204103434466928,0.002997681455259432,0.002272649341404299,-0.15051748635171996,-0.004273280597444801,-0.05128162507761435,-0.07375955720710152,-0.07354410987168865,-0.03614559317217013,0.045620910141527936
2.33281406790127,0.2046396624156993,0.2346099865581237,-0.15696319715473045,0.08948180658287257,-3.508925358084108e-05,0.08103445234870378,0.03088010328306119,0.05511492522240719,0.11155079638479855,0.007174063216320281,-0.2554762089506241,-0.01691945552253545,-0.10062457632567456,-0.011420216428531282,-0.011538252512705665,-0.06408636113495567,-0.08303333788374131,0.002659719251676718,0.018836365029614784,-0.14698279703055012,-0.007334917440330741,-0.016337046977906552,-0.002733764489326078,-0.05949654286550739,-0.03373873107702358,0.10007169664133383,0.006676856126199742,0.029094673133503727,0.026978278495585716,0.042995450880253666,0.004092130778354263,-0.062366283156387516,0.014883663184146497,0.08347265417895224,-0.058962690327970343,-0.0889583486360916
2.33585780652913,0.12750114924300218,0.24932038466757975,0.3275817906014016,0.10794045992476126,-0.33785833068468213,0.14232298438632934,0.10565148734385336,-0.10357581609074692,-0.06265044680406055,0.075281388341933,0.051311523079156506,-0.01958559688404519,0.1477447496521321,-0.0031982513008753355,-0.06330275982006586,-0.2058775929182548,-0.15546825240878706,-0.0810763417776847,-0.09710132739478086,-0.0009914275405714847,-0.08940341964039447,0.006848194905428492,0.013235037546824372,0.018234501664538525,0.044831334105231574,0.04064882595479443,-0.10423639843307261,0.022880550120359812,-0.07002219114742408,-0.08190975845016799,-0.0644480293461597,0.03936482151749914,0.00960624378897137,-0.04370565414615418,0.12027271158439291,0.10121614919581098
2.33867288492065,0.22144862037672797,-0.00699076643722264,-0.1599573274226555,0.2316248457466555,0.02801348807137385,0.09118023541217674,-0.1931448972716549,-0.07779973613075562,0.17761442205290293,-0.059570787762454586,0.18073006384200146,0.12140182294021785,-0.1215505176671643,0.07152682606367926,0.04706646912003668,0.13613152649175847,0.07159513955263652,-0.012076042422504768,-0.007251754913258159,0.048329702330152255,-0.04132452239322474,-0.056670007184229924,0.04276140268441744,-0.0029801365098770433,0.1372590660831037,-0.032027851907706836,-0.03325591794945055,-0.019585331335670836,-0.009373439233357433,-0.07813455247884066,-0.024678288356349064,-0.007043926607740195,-0.02069227375817549,0.02829022679219144,0.04132599934182395,0.07688459461421296
2.34020485222729,0.2403256663127503,0.19623971203386015,-0.23035784826682626,0.13268540491802333,-0.20732560071014078,0.21544536515785911,0.17450580652170483,0.039643750293807366,-0.20396608733416194,0.017448442688503343,0.08134120358156266,-0.11551417199755494,-0.002183504159659512,-0.033773971136111705,-0.013865729979263393,0.10799496336546059,0.07873168946912691,0.18594310905088313,0.13052319270321494,0.045754883317579376,-0.032193723492979005,-0.057863182170145994,-0.007166110383559617,-0.058767255410581205,0.05641606627941091,-0.022322895257538257,-0.16199512102325905,-0.12073082666544632,0.10132010279050496,0.03457027524914785,0.07723558484562353,-0.04819681300385035,0.05944763263925509,0.10448822725657658,-0.005532572996433888,-0.018195679131881283
2.34614583171231,0.20052626846901972,0.10052607476044689,-0.14265211215440596,0.19503265682636686,0.07438619252424818,0.06940670409745085,0.030306879272389425,-0.15073832391045403,-0.07421683132070256,-0.07154768660015803,-0.14076883792035447,0.009604801954106235,0.23850108463478817,-0.08402810784907455,-0.005557364969042309,-0.02967552726218238,-0.14080708453944607,0.0048061761454903686,-0.2052973265771992,0.16565441374068682,0.029657139606572163,0.06533877823022578,-0.08440628516069712,0.10853325602390375,-0.08286872657820811,-0.02594156136424774,0.019364443088324947,0.11633417780061203,-0.028225880842712974,0.044791997129370875,-0.06873054465335274,-0.04681398554611972,-0.004539797591132073,0.04158374644836998,-0.02266402663747577,-0.0706345997500365
2.36055933695408,0.22648091077358623,-0.1294859217215063,-0.18913791447298475,0.408222178596197,0.0020477256190153943,0.00018080698086719093,0.028290289443003797,-0.14033966169790882,0.054290811605906986,-0.13662325783582005,-0.08169521554935617,0.13232938810006498,0.15467412771666572,0.0014121115551347565,-0.0965943769457506,0.062156372733256644,0.02849445094204851,0.026083233211713294,-0.020979180773311464,-0.012114617132876968,0.029771803587253343,-0.004775516527209513,0.07258512034135271,-0.05774952274522747,-0.02571732754853367,-0.010646131954001284,0.07655296701910716,-0.01336548088915596,0.07473153359852595,-0.0013822794232777784,0.033370987334795946,0.07863480297275555,-0.03354752220158862,0.026983390223772018,0.008080913448964862,-0.03569488451689972
2.37759728821484,0.2026982958182336,0.2794397194762218,-0.18674437976608124,-0.1231797674900639,0.023492130851409367,0.20896716447273972,-0.19639431540925123,0.05805092214825868,0.018775833386378723,0.01337613182999127,-0.09095885923028685,0.04266434616417235,-0.037048417782308544,0.008146965500682361,-0.041741843988174696,0.09434910835323339,0.002014499670041118,-0.008351380466833523,-0.06262909696453006,0.015597493161815986,-0.06052441342713298,0.11517268351534685,-0.01760635543910363,0.013441487684251782,0.04555549343251928,-0.04019420339897098,-0.0009560829623879661,-0.04341675941667557,-0.08594160082323733,-0.04741891945590778,0.03717002152473773,0.0836294830705621,-0.051453053670863294,0.048761170660715746,0.011593620242901524,-0.0028009586329347663
2.37964604173184,0.21068593780863834,0.4409075726680878,-0.26331038781187033,-0.012689142542442968,-0.030743503187058034,0.15375925122731088,-0.04806022295985613,-0.041622258350513475,0.05048845880133232,-0.07329505708641072,0.013184772288003877,-0.08049089196072952,-0.018905505800101745,0.06573604419244077,-0.07331433847049712,-0.04830408693285431,0.02258355753802624,-0.0015550564563171479,0.054679272706648886,0.06816134849374726,-0.01566769992781127,-0.00134488865761147,-0.047160602007259675,0.029103039974451052,-0.04158988484800182,-0.10593810345575323,0.107667432652026,-0.04821018998739763,-0.004254991050621873,-0.00036260721572746506,-0.026328526475672093,0.023157551465124087,0.014914806491273656,0.0452605500103399,-0.030429433640855014,0.017144817845104424
2.49109772687554,-0.7552715785018476,-0.3901665372816017,-0.3041745371930561,0.14515653209234652,0.05804598069755345,0.19136173647183832,-0.20205702102291376,-0.08869052991405597,0.08544819667887524,-0.08864075699791793,0.04329708802717108,-0.0021560836270564775,0.1123579427607057,-0.026814912573871478,0.03002417456915168,-0.03860547644901904,0.11067868382168762,-0.0120333036575609,-0.03125335013504242,-0.04658125063756948,0.06387877907331485,0.006643783905011413,0.07224693452797332,-0.011239582923444354,-0.042406974320705504,0.05925718861695565,0.06072384646245843,0.01967109247215117,0.0583696291281649,0.0007599350002545748,0.10698666840798905,0.03126281858414219,0.031839938943667476,-0.06312435861437637,0.007353024632757127,-0.0322720265007122
2.50804369880753,0.1942750596407121,0.5491759673300647,-0.3442130977849785,-0.05689595157206929,-0.2866725306858552,0.06376020001636915,0.05500194137450648,0.014134385657502267,-0.07157041023943292,-0.15910301723338166,0.05570745064317703,-0.10128339949911391,0.1846570946693114,0.05334786290767717,0.03768257209410348,-0.03902691350714603,-0.08048642508920434,-0.023794086147583975,0.08642975481611342,0.02025020119177358,-0.06302471853465373,-0.0020208051406400054,-0.028333467634926335,0.10274541188649798,0.05147191964853572,0.1142781560140968,0.12329043259793242,0.10585963109814672,0.11175755631073865,0.09195213877428002,0.03185362858762759,0.010626990759309547,-0.042381962218212305,0.019613428614810496,-0.012223201546992801,0.04043447597171352
2.5163481317498,0.23432375716349943,-0.014065863398238133,-0.23011770111548882,0.25367237058668557,-0.1706675854395015,0.18830342271279651,0.05664430768304132,0.0955655740146794,-0.011713288052951215,0.15503329984219144,-0.05842025854737905,-0.06218968645412341,-0.03740073154399908,0.12466459225927015,-0.04474629156458433,0.0025059372612857116,-0.035610522944906686,-0.08586483281159132,0.14874197649263005,-0.019539975060665942,0.01287732832220014,-0.031459529741502866,0.056139152349884695,-0.07272985446598065,0.030355877593059192,-0.015971847821871752,0.05066531298778396,0.032255670912241866,0.10185207042692257,-0.09148478125578868,-0.0684407564663327,0.0019940770492518087,-0.015347422156969196,-0.05830992547891568,-0.03361524427195333,0.06956516593940959
2.51684399395106,0.19424690758002802,0.07756116005961261,-0.09558556840665404,0.30299085902664186,-0.002612556751676715,-0.04230350705482155,-0.030032383008211146,-0.20291578211404623,0.18693375794909553,-0.131712271667686,0.12039769388129094,0.09396510720189499,-0.017017359485201798,0.08128129747159311,0.06472192039891911,0.026724881127286233,0.07162990013045702,-0.010129341601080253,-0.05686815376974588,-0.06261844707574178,-0.07138150509663434,0.08859604947983507,-0.0209703176914156,-0.07128538864177678,-0.009539937106524048,0.0633999817172241,-0.03389343042056638,-0.09652435901378406,-0.02986079562205882,0.09025150137586119,-0.022959432903834377,-0.044537369748261335,-0.07963139919046346,0.006343864191329942,-0.021301502925565582,0.011278689015224521
2.53536885040444,0.24186600217702048,0.03527576018620548,-0.2502225926061399,-0.2789049935037536,-0.3443480953135689,0.17976342839413473,-0.22193714653926275,0.13579377870665973,-0.03648998855879014,-0.0332247851876838,-0.040674206569680044,0.038386029111783355,0.016061674358453557,-0.06282064573872467,-0.015200247041184816,-0.07833314690333068,0.023900871301758008,-0.0007637952093274193,0.04460563746952982,-0.05443708517302362,-0.040368129029232494,0.09567507763572083,-0.0035230189302301014,-0.03352175400351264,0.027594009534660853,-0.07945374896649116,0.07379019642413473,0.05548246191826606,-0.09222419331475105,0.02195051317981061,-0.02772489914126793,0.08578224244479409,-0.03220127275147727,-0.022791008935295436,-0.03928715853357826,-0.02626444986685008
2.53906786085162,0.20330717736735843,0.0981650135908958,-0.04257823522102453,-0.086106310418743,0.24878613816210732,0.04773932719237696,-0.07101232715812456,0.02649163701389788,-0.01154212291950948,-0.06496371254300636,-0.11365644680252028,-0.1525122902728039,0.04343989623362337,-0.06388084330745238,-0.07701333672129501,0.006828041292600518,0.04959236263559728,0.06534025167191476,0.04433552173172577,0.0024245782653392095,0.029081064575695273,0.09678852380181258,0.022189890058423756,0.08027610015109876,-0.008268562332322739,0.006477572795650946,-0.0575360900259898,0.03616549459084501,-0.04384279516703073,0.040283578803092315,0.02080482314551926,-0.03733396038123102,-0.0051947930104541224,0.019399934539973577,0.08523069216649844,-0.009754123186322612
2.5398075029906,0.21084670582965911,0.3922316818217259,-0.17303342578162142,-0.12495512917453881,-0.15812636168906452,-0.016783585621398294,-0.042203421027408906,-0.09482570084031612,0.16721071388435976,0.08588298179273893,0.1988473603520013,-0.09067555963742396,0.004482872464379586,0.047489712403630396,-0.04447515576082759,0.05125228754947835,0.015616384920882185,-0.05413861764608801,0.07239321928477654,0.012284678132946198,0.0053754137972093895,0.0015632190289348192,0.034599938419376246,0.011110329818249427,0.02431512102216795,0.01773841585661313,-0.031791466589382734,-0.03031971069891918,-0.06096291533883854,0.008665140926797668,0.015551275747513084,-0.03989085845283102,0.0857467548549668,0.015933110565605816,0.0476837119099754,0.10892725655307918
2.54203405058686,0.1742944107685556,0.30121607735375566,-0.009762286629352919,-0.09645112966952189,0.11266132994063653,0.2624642292273365,0.003551371734194242,0.059697745915805414,0.0001766320932790525,-0.0013619184330682435,-0.1489261904110652,-0.11462991538309356,0.03067532375532784,0.0014760827408519177,0.023147142415401757,0.10672808120002251,0.051348887446476685,-0.06058145117688621,-0.10169515906545683,-0.006580475889930546,0.05487964274220587,0.0790761538347156,-0.0002807672460687444,0.08746074811229643,0.0320441376735772,0.0361255465316898,-0.07219948859189822,-0.058886379279667826,0.006647668126360071,-0.02639061243282899,-0.11683600190700705,0.11096122462801011,-0.08106601451808795,0.10928148814625725,-0.017880819703339004,-0.05865343967327792
2.55893733673506,0.15560833612265673,0.29408170534764894,0.18169905053769583,-0.09883146990920297,0.24363005876336732,0.24942799674920532,0.022752085230482333,0.05249824485763904,-0.02719807234635638,-0.08372823311512814,-0.14250119024241095,-0.06934796547523558,-0.08270535708152324,-0.08958503162178082,0.053327721185833024,-0.10162027306473276,-0.029452975347690483,0.02232127561246138,0.018403673862825768,0.05976590650171953,0.07739993286165026,-0.15596506294544563,-0.08565463285801878,-0.1503220175070389,-0.0395292810445932,-0.19419617668406067,-0.07821837299377754,-0.06661362100374808,-0.04010964675551364,0.0625822181035965,0.026197212782918144,-0.019902851689950176,-0.07018228825491517,-0.07230121013562514,-0.0074623272650139,0.014447707647769144
2.57877464916503,0.19676920348649654,0.2060039124991194,0.0034854121339736033,0.22047968374766339,0.07481328971151444,0.07214160222441984,-0.016911714449576162,-0.03088754355509862,0.021245048828953964,0.06742200576569125,0.06588724832842474,-0.09011726212021012,0.14005003439014496,-0.13007900225910402,-0.1388212527510252,0.07429845421914204,0.11577170340558508,0.001013087358464533,-0.010689505158901914,-0.13466668142991636,-0.0015346019814654233,-0.021873647651358685,0.028083840228644737,0.06655461273729005,-0.0586553917673571,-0.02405483424869803,-0.05907179845469914,-0.0056729859995020004,-0.045804749098622755,0.03167259353622273,-0.03562924179143022,0.031596105203648084,0.014958008534013637,-0.04621292960797751,-0.04697552752941437,0.051127590934733375
2.58923111297877,0.13389219588700288,0.4580225121661825,0.14604491816911083,0.0650325284788356,0.28796367843200205,-0.025897707825817885,0.09781267192625145,0.047898684452989386,-0.12332487585493107,0.04527085375117869,0.14291557161358476,-0.047963373263026174,0.05308783137604989,0.1056339304055726,-0.09323211429507362,-0.0179362584575249,-0.052009163615414876,-0.14765789276978988,-0.029024614792992055,-0.13890703144590344,0.08857281089384024,-0.019766378944626437,0.08821359756574303,-0.057678347062994954,0.09270080323328937,-0.06129707426258997,0.057555351929451444,-0.0006585208612436822,-0.06651840748614668,-0.026325437548063307,-0.027698018039652616,0.09441277789224514,-0.0005871451958056467,-0.053263499692451685,-0.07356413937423989,-0.052114792394051555
2.59335315627419,0.17416656716817802,0.29372453379006885,0.012180128618299316,-0.10417602806400729,0.06349385661386164,0.028843244477072285,0.11039825124960581,-0.018412378118697392,-0.21475815122752467,-0.09198439623356607,-0.038650708298195766,-0.049456191906775346,-0.046519788814551925,-0.12747645707492763,-0.031097883594511096,0.0845495555551871,0.06991487304780813,-0.2116746776874863,-0.13978491835514775,-0.08366686194173133,-0.054092722663844725,0.09837225897320272,-0.0036247186352932246,-0.046731435675863665,-0.06062662135938903,0.043679837816274866,0.09821492677419418,-0.04468222585213471,0.01986386725747055,-0.060400877410464564,0.06015942923148176,-0.18130238909978424,-0.039159178393361395,-0.09371721948230492,0.12397515218056358,0.10633157741102349
2.5973305284851,0.2239353565560747,-0.4023080802529977,0.03705676766143553,0.13962703703343596,0.061735797284504235,-0.03652631767133451,0.13939366124164373,-0.14058512756521666,0.006594824679949213,-0.052806453795815576,0.016982251950032112,-0.010809684946943354,0.04801159801869077,-0.082907462271077,-0.0793531042058526,0.022135905938596247,-0.06246195750441075,0.04046710873997728,0.015798668299478343,-0.012816103679334464,-0.02180530362220981,-0.07313178047636484,-0.036519827440857085,-0.11952335004966297,-0.006755476973404835,0.11533677096718413,-0.06473367290127575,0.03757765229551154,-0.03571099610717528,-0.04422918852143089,-0.05838855769810712,0.06265838977929496,0.05169932378323522,-0.09491614657606527,-0.04228747266815329,-0.00076019427607718
2.64752048685691,0.14289061259355365,0.23132156158661105,0.18817530070427824,0.2355067875313193,0.48097956720726265,-0.1533413676993364,0.1904246516257988,-0.09760791720989542,-0.09370766967800122,-0.25105358410897377,-0.07484972685625388,-0.07359077148075087,-0.08856077433933372,0.028516791316505825,0.16598121308999636,-0.04046149756508188,0.025613608323675506,-0.08919360707319587,0.21238707034753018,-0.09817632004469645,0.057696523114757044,-0.013113710029145282,-0.07891002510488887,0.060221993772486423,0.100277944737684,0.0013239564566332076,-0.08175800810979393,0.0033810328351400244,0.07514799483015075,0.019476566192891447,0.002085836460370684,0.03669832994928093,-0.10039760364670477,-0.019192891551647707,0.08029713905634316,0.017150009435285305
2.65774839944431,0.2782928274006105,-0.2652797782493716,-0.20426665474199637,-0.06993632535847291,-0.12282229105379118,0.16942158570607013,-0.22891474935347633,0.013383305818452297,0.034669072266691914,-0.1320832017735625,0.1451549300648275,-0.1893621452097697,0.011857457997823184,0.022785935250812114,-0.03834321634164231,0.026700152288208018,0.05032492723116793,0.025169040383362918,0.03231569015264622,-0.021022111671188847,0.04196991256105723,0.12381238433416018,0.0462801085110461,-0.08409922377335582,0.01896852934848668,-0.008747988329564296,-0.06668655400378773,0.009805335325629026,0.04940120763245041,0.03192418645955041,-0.04372470374058309,-0.0084408277317422,0.05952937513473473,-0.04597124778301517,-0.08294914652102296,-0.0036850291122507138
2.66902438214515,0.09206855664187785,0.5557531433874757,0.4663301453004803,-0.09695423581407757,-0.39494035547724216,-0.014512803908035622,-0.10211090359863835,-0.1634687108158351,0.052561101488175194,0.17695333301970126,0.1468693869679799,0.15561950485269993,-0.160710291347656,-0.20171187689779393,0.14421769438978047,-0.042705960346078625,0.28371641746574505,-0.09109058782429716,0.010754099433609174,0.0718207590361212,0.14728911491545865,-0.03851516479561127,-0.03276737352201064,-0.02151882561021103,-0.06447785662574458,0.07844523213946943,0.08936860498513503,0.08493388169418996,0.07672005431502602,0.06754983146217612,-0.006051620902546214,0.07196716452680443,-0.010609651552236529,-0.01499532518222594,-0.020971585740284463,-0.048367724659684815
2.6712265052914,-0.829674808273957,0.34278192750869857,-0.11046807179954107,-0.13137632779946373,0.03030481647737449,0.1499616469993302,-0.055021896903201126,0.004322656235466451,0.06531483901743156,-0.06032503465982911,-0.040856062471090006,-0.09119555953407064,-0.0740190154918464,-0.07706810441457536,-0.13471617754738158,0.024538699977564363,-0.04589397898919144,-0.1685724873256499,0.08705033066500113,0.15124501343192553,-0.06351997596116037,-0.1543305162364664,0.009047996769914387,0.026424816451271867,-0.04839397365125403,0.06696741609461083,0.015367683420203657,-0.16289348668297438,0.0008154793850459316,0.03853177536442935,-0.07991315393728486,0.030727525700916913,0.12411645380829246,0.017368671209816614,-0.027547108449296247,-0.05818037292620605
2.67141187871117,-0.7801571305198751,-0.06719638183935517,-0.3518590005960409,0.04801495398129663,0.06106302334721982,0.021745964897333978,-0.10025450404051309,-0.08935559001918945,-0.1728909886685616,-0.043130573538282556,-0.06688853324132196,0.02503630152723376,-0.006445981162277575,-0.02663308640004255,-0.07450061465823098,0.07152575339005433,0.06698792455348468,-0.02248591490859367,0.06264323762078546,-0.02402734510617286,-0.10749121270186138,0.028690782673467658,-0.05320228985716222,-0.009561138270601495,-0.028676059438565493,0.003246184248429679,0.044361408761194536,0.0943681821904786,-0.04470038846692913,-0.021962991353041972,0.07266306683479898,-0.015573090746936585,0.01824947613291715,-0.027780463441528024,0.006550899659441593,0.06089721113117103
2.67758259571282,0.1863116784186661,0.08050854214956003,-0.005462539952740059,0.040067500002212486,0.062097084033729884,-0.08925224759688613,0.03192007881861585,-0.036388469872204725,0.06749786853325114,0.023932206754882092,-0.10209367988570942,0.09544759199673818,-0.09191606641379432,0.03759203794154883,-0.05704223860091328,-0.05518271352260958,-0.03220746137377683,0.030184925037123268,-0.07716732141464179,0.053807656927172445,0.016172692767974103,0.05951723245680147,-0.10243434575833484,-0.016484065606854524,0.013394174762486184,-0.02925403416679256,-0.05898306449680796,-0.08160719617243445,-0.05410755252587667,-0.14942443701773356,-0.06740470752792198,0.02531809663512158,0.021186224390423204,0.030567215774289107,-0.06284740233685586,0.014525989883191377
2.68219852222396,0.20450441335696823,0.10801891831509533,0.021069020714451228,-0.022699864109226132,0.18425600978251586,-0.08863363658562871,0.003123298931848865,-0.026612881580228058,-0.08302767653525922,0.03890139815041117,-0.02502874293864516,-0.054695838463308145,-0.021246693460075412,-0.04921837153985753,-0.13347121470764095,-0.05029038519723748,0.05851914272570825,0.10372926869068175,0.015605320594317445,0.04049317826798596,-0.005581830137253882,-0.02963654409212702,-0.05298879932935025,-0.05451520723317153,-0.18508928996024762,0.06240926166119251,-0.008817490500128958,-0.0013114465085142931,0.016293137665291755,0.03158223896751277,0.01771463967901492,0.09651201459093788,0.012244311278866481,-0.0938186252172313,-0.008506568336500556,0.03489684612874563
2.68246651004765,-0.820827177654676,-0.12014481876951279,0.12611413071008057,0.15020861321872925,0.2019381163848091,-0.08807628008222693,-5.7989427894071754e-05,-0.2168701224156383,-0.08476765315691426,0.05492385793544496,0.05562239740685932,0.12644259369175018,-0.07239002751588054,-0.19032371459846173,-0.14555535902130265,0.0181528887467409,-0.05622987367152605,0.01626925529589271,0.07193683393209134,-0.13496987742241173,-0.009234807615775307,0.0286017615169774,0.028851485732307326,0.04745736817043665,0.0832596470123598,0.0023356783805780785,0.04740422277728419,-0.007523136330678592,-0.03402769328863664,0.06503005911100916,-0.0816939977856337,-0.0863065160966201,-0.004212156695127138,0.05266704638257889,0.029425430039465603,0.022056982404086677
2.70476229064367,0.19786382782697318,-0.13219609284641792,0.1208328623158419,-0.1569390477617442,0.09707998982424573,0.16412536743309436,-0.005717721982499367,-0.08569591578029209,-0.0992294242621125,-0.05378251260933715,0.025438800542754072,-0.016683516604417113,0.022773891181632228,-0.06405999553960119,0.02604911160452828,-0.05498177888958271,0.0032550384809242,-0.13427324686087527,0.12908923947696424,0.07699078835458702,-0.035563966194145404,0.05435120241265716,0.04305158668958043,0.02133395141477737,-0.09147394770827563,-0.08919809727197907,0.04140578284610315,-0.11626137545156483,0.015457837482889605,-0.03548526092093667,-0.044304549357572415,-0.07094734017602206,-0.07363355593899772,-0.04286943326364725,-0.07100568375867061,-0.03439164608098468
2.70734302644648,0.2368498957703549,0.011254726553266859,-0.13905091113674978,-0.12955323950673853,0.03525002799019133,-0.1599343830773141,-0.025700253924645013,-0.03538358138972532,0.021861338991600678,0.10420508621957532,0.0695205248236144,-0.06944186902127693,0.08941259623528562,0.04182662430605761,0.0329786583720429,0.08979176060118012,-0.03542851300210479,-0.04335859124637059,0.07256370214395069,-0.07337461220210754,0.11460596129802195,0.20888389285426653,-0.002066189901701587,0.029563955342347646,-0.0803742775538182,0.008182852296619051,-0.02255864068739521,-0.05719921602177176,-0.031787353343398536,0.07100389116979332,0.032509195255871766,0.009027304212740946,0.04989649110172931,0.01254969788330979,-0.007934121660006763,-0.00995541549875917
2.71476581851356,0.20128248268265928,0.05667209340562699,0.07167270141878637,-0.025651398283781265,0.2062342580231958,-0.006407030727969215,-0.10114183851282393,-0.1043276392500741,0.19230841397387385,0.17588795544978034,0.053778002894991996,-0.021247499082750212,-0.03751338113180545,-0.07839934101455806,-0.06479009713995691,-0.15485769686091722,-0.0001578993002978919,0.07602763721945893,0.07480337836787716,0.03049648610944972,0.12335973542453867,0.06701922180737667,0.10118464048759192,-0.06034093935703381,0.00947284463755656,-0.010867434130788658,0.03575986511569328,-0.05276660156278694,0.055883391531167725,0.022169721204890247,0.0028966565442603604,0.07121611319539249,-0.13188221602734082,0.1016414681829716,0.06349344726292487,-0.007285209279624139
2.72099282937656,0.24158672191330283,-0.5342723259332776,0.016271280525371305,-0.022755209773755423,0.035803268340618484,0.32630919831344896,-0.20671655667902386,0.09823972755049916,0.0034681457522095734,-0.08969877186652607,-0.017446010601724606,-0.047950922559387196,0.020517445459719952,-0.15181172611869606,-0.04225938690699329,-0.09950973780021781,0.03874539505796808,-0.05913166108764153,-0.02676132899954232,-0.05602630199506045,-0.027515217066875746,-0.023618692587592548,-0.056527653500660364,-0.10434710797447644,0.015993840095100832,-0.00898964089035167,-0.053421249729059116,0.1290358281415306,0.06011366745789578,0.012721612532350537,0.0818885535130059,-0.08526853865310542,-0.03867265801045896,0.02063692044981552,-0.10257841599644249,-0.03102457782745702
2.77982401489326,0.2318255366753168,-0.08191612040040992,-0.2753722999976862,-0.04003669666189814,0.07885701119593747,-0.20444807810401486,-0.0793723683197224,-0.06035212163839941,-0.07172851675992692,-0.03446939893451046,0.02930486023652783,0.13295933010480415,0.09404765894791448,0.02358525355530885,-0.011705577714181535,0.005018966541221779,0.014960551567014651,0.01275045064087092,-0.04999369533100808,-0.03922980679065847,-0.05399267287140678,-0.08894821269932858,-0.021795726890311888,-0.011839849764002014,-0.015127061001020733,-0.04575809905021392,0.05824278081122469,-0.03721001061614151,-0.05093384014963277,-0.014465802415448824,0.1340507034479002,-0.05567935584183448,-0.019814763002467334,0.009715937596335458,0.01724411554099375,-0.052757778536530214
2.77986657492998,0.22344171625768597,-0.09214887631188305,-0.09692425275099921,-0.10894505262129431,0.014307010570844375,-0.07568919919113551,-0.002604168776273746,0.027308342474273238,-0.053384227090891447,-0.07520001723484374,-0.03267350347375044,0.10837293738682446,-0.12092221631331294,0.03192248492971312,-0.0939689329171266,0.11825182599807539,-0.05333409771851182,0.05848683270203251,0.03809154741756938,-0.04568317322773243,-0.12177353020268444,0.0163193971116463,-0.009912022346681513,-0.03475188696908712,-0.04312920398192817,-0.010287031520076826,0.06451170852812735,0.09146567003127326,-0.07338193355603911,0.02751031476836639,0.04107732724643572,0.0781553831154144,0.06850139433702926,0.04263962225517035,0.032460708979052934,-0.08996443049494493
2.78060947421184,0.17269744965381595,0.22250069058303273,0.008137382399585063,-0.36598065181378786,0.14707313723816662,0.2429772812380328,-0.10967383942236213,0.25356206194167596,-0.29258958023329285,0.1543841900405427,0.03569140053108555,0.41068805237968,0.2198437012248681,-0.004232886131972708,0.054079183367967354,-0.012658882032746335,0.16140183008434525,-0.006281020420914641,-0.026098588684924734,-0.007939237565783894,-0.08850744836872489,-0.10741077521422752,0.12655615050876573,-0.014468860024572856,0.051416994904097374,0.05279367840046612,-0.08188589910357932,0.05925516955358334,0.020023727842962507,0.03141114808330056,-0.11297535231090806,-0.031408031980935024,-0.0557515774497013,0.002495913037387244,0.030523740109852163,-0.02967292321044531
2.78491893983045,-0.7995643113645992,-0.11186488169294106,-0.09417623040358196,-0.2560157183774192,0.18765461085658125,0.025190173788325654,0.046885379409543085,-0.07691406028871504,0.14771298259360668,-0.08424681515806165,0.03800883513416164,0.020174129593058518,0.021155381929402528,-0.1112309789450173,-0.014243813227824373,-0.06889057689835612,0.019301554287104384,-0.10125775464141287,-0.08106074673330721,0.07480363223618054,-0.04831648831408853,0.08618335074892126,0.07503196009887349,0.03074923675060522,-0.01963691635311654,-0.02323559705912762,-0.11421932528584092,0.026420214231377068,0.03240763016340814,0.013718690323538164,0.05595687452303019,0.11383248846397055,-0.048519501627187406,0.0454312379038715,0.04423781345955621,0.015556043333611205
2.80303027673118,-0.8153109490432479,0.30557864992596023,-0.1472571736073718,-0.13867649385598824,0.09033953978024815,-0.15984831669989996,0.017837889605991173,-0.062483129778816066,-0.10673829099196008,0.032107710333782284,-0.03250222648841403,-0.00873255805936529,-0.06836516885219159,-0.03012962985306937,0.009368707548070747,0.17179671175503505,-0.10982486857045205,-0.08041332596735162,-0.14778860873366081,0.028281704368470162,0.15177169389462739,0.029038196733771636,0.17730199749150166,-0.18730713659298015,0.029828684887278325,-0.07104125150868247,0.017322481918696456,-0.037016629375894984,0.021067822871020568,-0.008234165477189043,0.011648125855802334,-0.03579386312300446,0.09757117835084324,-0.03344248701291647,-0.006968964626868214,-0.04178110575053347
2.80691158427679,0.15229236679589206,0.33081663800134137,0.12475253618272834,-0.059389861667935605,0.2313676556317994,0.09794121369306381,-0.051726022608945266,-0.035073087371995736,0.11542296974636342,0.05474677937379918,0.14582971930503774,-0.009305483442604122,0.022406587255898454,0.002942376508905835,0.025158389371208345,-0.07755490774359244,-0.03332031803694546,-0.016610486596018333,0.042487091677184036,-0.05076827261757139,-0.029443373991036168,-0.02297275634634308,-0.03596879713571209,0.045869915745758466,0.02689479512862261,0.023310077109912074,-0.02701891195881123,-0.021609524536108874,-0.05270524144514308,-0.10467975781245016,0.05582001130046589,-0.0030501626585720983,0.10606906624163841,0.027039720763062186,-0.0681138766210459,0.03204702804649589
2.80843505445744,0.21578777843492375,0.08408530452001117,-0.13145159160622935,-0.08691345375064058,-0.023216486450216765,-0.042949065965903824,0.15153238897849935,-0.05022854716917983,0.08070671549342391,0.005785163003704554,0.055925537831563725,-0.0858419270909119,0.08737235205144726,-0.0025016925648407317,-0.05143296359503911,0.11296798364559762,-0.0691580887572076,-0.024575351915523548,0.08194655467425753,0.0172269125957879,-0.08266422928133839,-0.029999678150695767,0.06024810203347241,0.04850607672980233,0.04036387052713889,0.10272874617942063,0.019896061828701614,0.09604431259037668,0.043939489422677835,-0.0055774542607564355,-0.020616033010194247,0.020098898288455663,0.055250883912916826,-0.03127300896004742,0.025323831441675285,-0.0741985800210789
2.81266820236444,0.21305587157169495,-0.144996383759421,-0.04473625169577704,0.030355592716550625,0.025653041076465613,-0.040314592911439066,0.004610654627729199,0.005833174230130012,-0.04975333308409665,-0.010098029091595366,0.02933594151156401,0.04229752216034084,-0.1337351060917843,-0.03972845275078902,-0.0024607423262106164,0.0007887927704690483,-0.0195501677254612,0.04360344047003182,-0.020814558668260208,0.00758846073847282,-0.024673582385742278,0.046045928007074625,-1.1573173731900488e-05,0.04269542670358892,0.020116371242688925,0.10142190753980432,0.0922337904217756,0.016641575273624226,0.03186586412736228,-0.0002506337444203546,-0.09775862759605329,-0.03144522045109827,-0.03631497892031853,0.05567450771492421,-0.003922380230884517,-0.04671186080548299
2.822196534187,0.1330305051093296,0.08251924472257728,0.2893473645674138,0.026591709020186344,0.21733189621404497,0.010083118067805269,0.14114522168444163,-0.05081455105798176,0.09173094331486888,0.016553646844098907,0.17179887549594583,-0.13484817641068994,0.09249212301077292,0.05772508586314317,0.12205360865457875,0.00020575407127948004,0.09749137692004645,0.0356468588882203,-0.05273294419479554,-0.1493378655636769,-0.0016554276414608366,-0.0029801562060499075,-0.019645761105611764,0.0794693036102942,0.006795112309139058,-0.032397599289266,0.012598141189112776,0.046717634612584574,-0.010434478054022443,-0.03088227401543388,0.013431720953552412,-0.1524094954488672,-0.00758301540899835,-0.02391658225894226,-0.06870995145877502,-0.02287868402088637
2.8475523363971,0.20834602427653673,0.05451956533043426,-0.046450907582347684,-0.3607392782831601,0.0780882316705912,0.09093091127361519,0.0467224549085389,-0.10212743579462724,0.09741449119651845,-0.053732242762538414,-0.05196585965608678,0.1749744124111054,0.11670806782737617,-0.06584710876027242,0.28018953562703164,0.027585573406650216,-0.057049175460949716,0.06522812173998462,0.08215896201777598,0.030164841378210037,-0.03550056406333646,0.10108920272756175,-0.0026898343568488203,0.016883398985987026,-0.08474046385346681,-0.1432889892485273,-0.11332167015520356,0.03742307519951348,0.115340775973067,-0.005847133749104212,-0.055208735902980866,-0.01450343908355497,0.19699096212059822,-0.07297076665578954,0.11042705242280478,-0.05632903562790674
2.85336304145109,0.19344886876966144,-0.03380322044332693,0.038902001796270715,0.25755073755148516,0.0443174176179525,-0.17301496803499394,0.07306988084047145,-0.07703369524383351,0.057892863752332484,0.1325844935638844,0.11596343008467337,0.1107529456772573,-0.020320709533473175,0.029119310944520426,-0.1695198787621874,-0.06540884701366396,0.0161724108627988,0.03787246768971697,-0.020720295339342033,0.12954461936157935,0.025780604743273518,0.07218343174195904,-0.12937585763628254,-0.03763103467333088,0.026662956192389092,-0.02395495924803528,-0.05870011819408356,0.08021992187747949,-0.048100972152120766,0.028764016881296078,0.1277435514775769,0.057774354290373725,-0.008837854859834448,-0.06261995482486855,-0.0072050300189409,-0.0017683766372003974
2.89250602650154,0.24221013340472858,-0.3045548650047372,-0.08899641047674299,-0.23733762997719807,-0.08272548330604435,-0.029885743941471345,-0.030591505651961844,0.019768640483708817,0.03736741934487209,0.050951503414811486,-0.06395575983958347,0.004408392160402647,-0.09659818974042401,0.004984451745201299,0.0058505907944591306,0.0017444476697752755,0.021521597029707892,0.12396714107660556,0.02980722805519552,-0.027701866379900873,-0.031083943219053025,-0.0951254508748265,-0.007111041731970458,0.05286373900623542,-0.08198510689525076,0.05046773779863952,-0.0007967195302397901,-0.04202334489769846,-0.057778148767929395,0.04111537027882127,-0.01733076687255593,0.017612377542619854,0.035990658813218245,0.023549468045533088,0.08952912976921093,0.07340220371649223
2.91396501194177,0.19936860395976974,0.10497331304367516,-0.022328178617881056,-0.1820841046144531,0.2003763993318799,-0.08670087258010736,0.039694826099710236,0.05731935358401703,-0.10098289984047973,0.10265345850971067,-0.11547143945112537,0.10343635175253674,-0.06697635391318899,0.030250049470157456,0.09601166894385457,0.1046820175053383,-0.10228450963972345,0.19673821398200356,0.14170869471010847,0.05877437752474691,0.07138286949245215,0.06388467458927713,0.04961206033070344,-0.08101577621469161,-0.042708261374518115,0.0939852984380909,0.1181141229408929,0.005535061987714447,-0.040488224801264024,-0.04121206953224884,-0.05037059481557636,-0.05881899018032823,-0.05899209934919676,0.08457554235933756,-0.041276239507441845,0.05787458593817429
2.91854539249795,-0.8546849262207115,0.44451513311324564,0.001892686553118453,-0.26996095390288094,-0.4435657992422676,-0.18964858016253303,0.15713635958192312,-0.03368726636276881,-0.2064687093265584,0.021675681401850007,-0.00344640598801137,-0.01506832760407005,-0.07905415039888826,-0.03830679848126326,0.13945819883741548,-0.011696036007352521,-0.08421117684035784,0.08627334880622047,-0.12900304356237507,-0.11818781487758394,-0.08209964748294439,-0.0046123396668233405,-0.010203683633644113,-0.028846559827065153,0.06541755389939706,-0.05886050636615754,-0.03364174036422391,0.0012184482157976593,0.09662279329605318,-0.024669793305319373,0.04775367162568786,0.17696253209400534,-0.020292133075288734,-0.0045831547383058426,-0.08240580825584418,0.07515299691841604
2.92093387757412,0.18463928659016943,0.20393131583720905,0.03510926157034304,-0.21509915667419569,0.08546888571898845,-0.11622501026237354,0.20774443185546426,-0.0024352361576836447,-0.08335401649064685,-0.13223582271586595,0.06189390492708488,0.13827891618357216,-0.04188569943220207,-0.02847946321862535,-0.06080507935522731,-0.07646489118676945,-0.05954908755517239,-0.016899925709178965,0.014148410449464098,-0.06687680308974654,0.054235596248145786,0.027730538860578354,0.04889250962410494,0.017862690221027117,0.0844397467426748,-0.058347459528082186,-0.05678623000099325,0.013277377336257936,0.014599834827843316,0.09319755811363853,-0.07125445058075487,0.0005368259667957267,0.034139827612883346,-0.005747437701017064,-0.026314368109160775,0.009034680303144702
2.92289948616032,0.1792436352017326,0.016793038853151365,0.20312354738310656,0.13199386161387464,0.03084621993399572,-0.10264490818036333,0.03947129100119562,-0.011126139205447893,-0.02958701153168053,0.19808710513854008,0.022006762280467416,-0.09995918960813033,-0.09751415424391426,0.03247964347918203,0.07376487652479913,0.14194844018337358,-0.06787294177949703,0.0652889934958262,-0.0376683427613599,-0.09376342154893146,-0.0031216308709451296,-0.037797094511610375,0.0719871766019735,0.0789353446852174,-0.11097166330098883,-0.029588072406483448,-0.06541912814509829,0.10914677891415105,0.026586154178182535,-0.01941042470608496,0.060233854681542964,0.037115076088590195,-0.05021653169398399,-0.049500722857411285,-0.08040324973615028,-0.10326146894796005
2.9245341812826,0.21691136996340385,-0.08106893993278423,-0.10399374338949309,-0.5156960554260599,-0.08824073346977238,-0.11044895068741409,0.09576875077500448,0.1347385433958323,0.010313644925685456,-0.038710030054473925,0.0011883835393411222,-0.09018200706142479,0.09200622752468025,0.12765615679717232,-0.1131410615692071,0.018414511266255446,-0.03010917631751148,0.016513924535406985,0.0020581922760089808,-0.04072578197783798,0.15760402417410935,-0.12144204859688013,-0.06683948485192122,-0.035445978916634806,-0.0380009962494722,0.042292832287920405,-0.022566994407065707,0.026209156872205097,0.07728890687172853,0.0929549853605625,-0.005057095604348275,-0.01354364320736044,-0.09910457773690544,-0.07997532197442028,0.019081394229969947,0.048757760981743094
2.95012505119653,0.20983000976757488,-0.0012301125760729448,-0.11271366248608088,-0.10550158226462729,0.09564964173253221,-0.17839581215455136,0.039317759006134476,-0.07547900147818765,0.07156760599112519,0.03120960717207244,-0.023754116062955622,0.00917941237315174,-0.05374185585070376,0.014713288964819415,-0.1076711097760136,-0.02581694091259358,0.049584364527349815,-0.018191744659521114,-0.032510633792950584,-0.07661941953712496,-0.10429728958744584,-0.002692648788023542,-0.10489179972301707,-0.06996347129904118,-0.04700547985752913,-0.004387006463367642,-0.06558448423528382,0.06394167267061661,-0.0350032685686411,-0.0027566197270862325,-0.07763405542471175,9.267712697884166e-05,0.016773472152706817,-0.032136393258982675,0.031760025933541894,-0.027296308814846536
2.95402911018931,0.15807478906283218,0.05039700277018652,0.20954396417011467,-0.18398265946902007,0.18926482171866024,-0.017757283148051133,0.071739905751983,-0.030877793031082235,0.08080674109319358,0.023711705590809415,0.013228793358818883,-0.029645967673913108,-0.1252941174294689,-0.06590313777390404,-0.13178492973890757,0.053836970678135226,-0.0046140152431930846,-0.03232450117086629,-0.1965122046119861,0.06782765296350365,-0.07623714061728384,-0.039369697719319495,-0.04314294587492644,0.010251930702555057,-0.027727170062227673,0.08208018847941602,-0.011696728604270875,-0.030647280278635454,0.0749594675019018,-0.0014234499840297898,0.009489516206880773,-0.042777047584796495,0.0007409587962965531,-0.0036240440081037268,-0.009208722912140458,0.009512774037698117
2.95610854312015,-0.8936856387180312,0.2311409326346448,0.367712578552671,-0.12202355759044904,-0.23970202871914467,0.01949998065484614,-0.20136541638325134,-0.19059491331893322,-0.07769258178605325,0.05203557185932836,0.06651622139326714,-0.20973139678388023,-0.02770930415756087,0.07028031156280512,0.037132241339248986,-0.0047463269809512945,0.10572767881962034,0.10971309080425296,0.014780061824656531,0.032432207450190126,-0.1375379646189055,0.06689503001005977,-0.0739358113661379,-0.01928179743004791,-0.026545501331752465,-0.05411956509367092,0.06734648955836586,-0.018372132796769948,0.006108074377149449,-0.0778949789593516,-0.10682117227370838,-0.02095985587119343,-0.029520886989986166,-0.050523970663789,0.027699318391021244,-0.12813817531845625
3.00136893568393,-0.7749337956533262,-0.30728300035216854,-0.12740007611731277,-0.09324627959120628,0.1746275013424459,-0.09468528723607522,-0.07142721930598302,0.06400315376937149,0.019994233163207458,0.07705837828660125,-0.0986729730249548,-0.12195883952489156,-0.04584639997745928,0.05115392481130645,-0.040845371908232064,-0.14825706765960942,0.07711449903490879,-0.014590076023187626,-0.041912117090258154,-0.008143421908016658,0.04916647267976603,0.03883778546838245,0.07725473688733264,-0.022122660115135327,-0.011302322728003555,-0.05508829224382416,0.012683350727477304,0.051234807766338444,0.1386168765321319,-0.13896239511103178,0.07099115633348468,-0.08702007810939785,0.02596224931681919,0.10756271769537065,0.018043730199894244,0.018526276925867335
3.00804370738271,0.24303833461655636,-0.42728825732313097,-0.11459394531661297,0.04802833948036533,-0.07155590712078908,-0.3076190424170959,0.09257931107314905,-0.03397883741303828,-0.06807792989209836,0.09719616784115763,-0.24170144994020532,-0.02167122906464836,0.18989992278785495,-0.04129592383810991,0.010722364338237493,-0.07783318633448134,0.18002354306779927,0.09875288858709509,0.0014509734449374278,-0.09603583992818002,-0.00561254142684322,0.04027032588419159,0.018470536846007357,0.05126101640273643,0.11896345751006926,-0.09883954538527641,0.09891033177720233,-0.10597613564134081,0.023163602422409408,-0.10131594398366996,-0.026190237787356675,0.07028627766583968,0.04987999695369559,-0.06429578537963992,0.03105332748752374,0.04142579687972288
3.02640701067552,-0.8622589886121602,0.09852556766554572,0.18707764049053713,-0.24904980642367067,-0.34441204150350496,-0.19149843648739215,0.04479349300570557,-0.14207773880813707,-0.054584485362172995,-0.09071082325986653,0.0034828486802859697,0.10378593913984491,-0.010613586068244054,0.06470502161956874,-0.015480138198519882,-0.016189463923448832,0.06603184550397775,-0.10544006502463665,0.14820079519745127,-0.006051520121634325,0.03770429218327535,0.01666266062041729,-0.0640841580366004,0.008256925703332014,-0.004781693198457911,-0.011425774233428826,-0.14287647453846394,0.09589965279596452,-0.15564730233419302,-0.05187309717442242,0.06143216287957104,-0.06137640815537593,-0.06618559514387794,0.12618827264137314,-0.0983154628147166,0.02612529258210786
3.02732718065268,0.14924034521364624,0.102689352609675,0.2250003753616701,-0.2475312204469258,0.2389842143032264,0.08025217356960422,0.1787577767979443,0.2087607120226926,-0.14857641826600465,-0.05293277838866184,0.08032344263140262,0.01705533500695899,0.07493263002800518,-0.09681598930028562,-0.042189127946821794,0.13988515552448433,-0.005265013129177538,0.05325224392781431,0.006085884717236147,-0.012908807854944297,0.09731720688076212,0.04402304437996545,-0.09814635811075702,0.07281184650407767,0.013501026468438216,-0.006327051870181233,0.07796556737178019,0.05641858255688238,0.004474419234988706,-0.11038760611692904,0.010794637780746148,0.019330348721807233,0.0737490957571439,0.08989513966128701,-0.060118317182482096,0.07592281100746116
3.03347626130792,0.1798997480964918,0.04025985117694331,0.03334865478686238,-0.05254728450376273,0.188486831721217,-0.010390259057717493,0.054319670982396165,0.0686080107048182,0.08981918546705935,-0.09100743891753983,-0.005920631020414458,0.07167236289395047,-0.09641382947544401,-0.055857798033030856,0.08569726711184421,-0.021548826089602006,0.018963697605170877,0.06298145205176979,-0.051959868021820434,-0.055385386248115974,-0.12110689788964733,-0.1097672513782847,-0.02001916240632425,-0.10286823340710292,-0.05142390134177292,0.11070383590565142,0.01397498723122097,-0.0146284847588695,0.07087956340347962,-0.1027596727722502,0.07079141085593593,0.06451188146885346,-0.011166272372995866,0.046780990789560425,0.04400030639616608,0.062438655483376716
3.03998007489136,0.00714189527690982,0.0910740011270567,1.2102145140986735,-0.0483993373619409,0.07575753985144905,0.1553733231858982,0.008479704048081503,-0.12434666703581929,0.08792814721120011,-0.015163041512551531,-0.37398368140173743,-0.051197693659824774,0.1351852529663845,0.3327834781499905,-0.0348827941940115,0.05844852683468992,0.15298257390547984,0.010582653125452996,0.0014440136413870657,0.068529508477382,-0.09883251508240776,0.025452182304181996,0.12911879336366644,-0.08327778622612397,0.058156251768147524,0.037575797533668985,0.013301657149151292,0.029238529594084833,-0.034594735046407116,0.12191160337069759,0.07567484510650377,0.01679565116207375,0.07081501114152665,0.020072635517785736,-0.025331478898150274,0.050138727894502196
3.05066080552653,0.16859595228047453,0.2378357670190624,0.07159239801112045,0.17612051550962973,0.022282630884269572,-0.20057311205576614,0.14144882556587385,0.01604585625819825,-0.14432045318070336,0.07677470270085142,0.18453424256039122,-0.10882405062647092,0.02071648984678468,0.013841185760067267,0.005199769086743631,-0.00443724157149433,0.02313656950922396,0.09469014003661885,-0.03534850894263927,0.08649336665618607,-0.1016538865071132,-0.1042752064229413,-0.004158022301837452,0.06824131094948763,-0.008104887571939449,-0.12322715230194421,0.005351751164092347,-0.02597461141728174,-0.008758946676640117,0.012433659557900047,0.07975509337240919,-0.012379071989338979,-0.033216657707697834,0.06109638945741822,-0.01333525113565908,-0.1364555717829272
3.0514410237781,0.16025857573803445,-0.2565245430801058,0.32900936522233115,-0.3521991909406573,0.3299507996434528,0.02408593220932835,0.0025230684058668964,0.09085271013531235,0.18954283744638484,0.004924484931632264,0.1646168126102002,-0.005521151492712585,-0.0629859424579156,0.008357488091029888,-0.07290681617505634,0.017259978557914,-0.03956908409531304,0.03541837415461444,-0.013926451041017252,0.047399098071108044,0.05254210106563002,0.03578919521663509,-0.04290282548824975,0.03601366553519314,0.0663905446037584,0.007139394408212547,0.04684891810951075,0.03697300192118834,0.08385849226230686,-0.037024546128922586,0.039645936201769934,0.09000986482419486,0.05357497423806678,-0.004359165245423072,0.1077105703814987,-0.01541016257066771
3.0560258509342,0.18812530126673205,0.20726165204028446,-0.067628661293658,-0.007283151674339553,0.048427892798704714,-0.2278818874128303,-0.03668570439389706,-0.054837109750997384,0.03538080712646779,0.1633513636807473,-0.03967480103334094,0.022088865569862014,-0.020710512646296617,0.04153536703575937,-0.012893596006535247,0.15395696671211306,0.014792275832127949,0.001046120918237055,-0.04029162150366331,-0.020246455439417894,-0.01311924195984183,-0.06009921273111676,-0.05596991981086887,-0.014201847615472477,0.01665390021205923,-0.036193933453985694,0.013796418267657611,0.019262046766596628,-0.04050548197164355,0.031529375198117375,-0.03597062161675901,-0.11193745315741012,-0.06738535101794726,-0.007384126145552397,-0.00966059204244308,0.016596376081768956
3.06625134347406,0.243158414102455,-0.6988608198822275,-0.044611764926664486,-0.02287797133836665,-0.08625393536262609,-0.016672830921168672,0.0012237700615972326,0.012633529763055732,-0.11805768359376304,-0.003835565960991734,0.015562470138775026,-0.03524344219205179,0.07645329854275529,8.50579115136182e-05,0.02448066735112908,0.04799338601101932,0.03500924843629156,-0.04537921256700136,-0.04966615526162771,-0.022317752352130144,0.013524083323574894,-0.11214075219868612,-0.0022471102214104647,-0.06925403275192486,0.08747201847160076,0.04339817875189377,0.02034040508879161,-0.06439650591391198,0.03353059585593616,-0.10095188088765067,-0.018436158308615867,0.012278521671422944,0.004910191763524541,-0.029262119351129618,-0.043028680129321296,-0.08493548072721523
3.0911588870342,0.20635069305334158,-0.03696543316317401,-0.14106576307085067,-0.08516594616003924,0.005915243465113918,-0.24348656141980723,-0.0080128773860931,-0.1299038071205508,0.10243309535583157,0.002814148577297259,-0.050715996981383335,-0.020113887130748437,0.06147028781333053,0.08859138138389205,0.1519843312693362,-0.06525328644614242,0.05954637938867729,-0.029418114229772672,-0.15417795257077405,-0.04025903823629399,0.0038211794823636612,-0.03096263916182534,-0.10897110054972729,0.004838661846569774,-0.07712975434054373,0.03162599977607928,0.001763726747561939,-0.062053898125279595,0.043863379618588175,-0.00571692921990926,-0.10699635730492976,-0.01419089647674219,0.09270199784903398,0.14060485080990817,-0.07798440805519893,0.04927339180488193
3.09355812911819,0.24368095575558832,-0.706910141024951,0.10878482284999025,-0.08145455562532153,0.007203968701905093,0.022428185650124676,-0.11779695977610823,-0.05674607112759324,-0.1742445003615764,-0.10211478263896932,-0.0632664050456785,-0.0523602745579758,-0.06003094646856237,-0.12256893170783754,-0.025679732423341046,0.05700904188395819,0.024035733114991867,0.07239893598886502,0.08415961787460216,0.07122560212583658,0.09976897932574866,-0.00883059243225394,-0.040119562886162044,0.00395555422117174,0.05494820321468039,0.021625679696478203,-0.023121314451143057,0.06365943802748969,-0.11113515654631723,-0.04991573050726373,0.040835373285926686,0.02862472489590718,0.05259897336529315,0.003250947698956868,-0.006910507300362934,0.014970061413718842
3.09808524503145,-0.9173175234403769,0.2729925231243069,0.3518547809904873,0.3110489472820872,0.36128032504232943,-0.308803252559501,-0.2903051675749982,0.6167341410952836,0.08828879093493695,-0.21696140694164684,0.16261894748035752,-0.039105379085350354,0.1408569842085238,-0.07519331170718331,0.08776504604149488,-0.019269621380508587,-0.005232867294219306,0.10293127571685119,-0.00892762164407654,0.0027245802639065285,-0.055711781896130984,-0.05078637508403848,0.007142111997128926,-0.06112737996438294,-0.025534261441100232,-0.024678949997424853,0.05355634948605682,-0.03123829512653409,-0.11013127955650816,0.05510575955274905,-0.08340916899896654,0.01028539547041323,0.016465517282742273,-0.004053515972759812,0.01293851935053472,0.024384494079903306
3.12039812022964,0.23805909133585268,-0.4952552827589375,0.010883061791552006,-0.2573746405684277,-0.08523518827472702,-0.06778695341106053,-0.08960257897655498,0.07906081118263798,0.03481305198323407,0.08665994165154989,0.12016840428485977,-0.0757461963209565,0.06310667161316273,0.0214589428974718,-0.00963887583567516,-0.008366772827001967,0.01644242162051903,-0.024870129776652043,-0.026445819898553272,-0.026994524263109235,0.014776010765715634,-0.018242839355976186,-0.0065049727374534355,0.04084763613484836,0.022777774864103643,-0.07206142250229368,0.021397980566901783,-0.01913804662093218,0.011533160174044795,0.06794946346668203,0.030640310355322626,0.03397707448837556,-0.0696894337728669,0.10418905979086382,0.07246144371814402,0.05250341016253963
3.12236944474146,0.24262273285953442,-0.5671198286629224,0.06501041157013024,-0.30652377567478345,-0.07181546021333844,0.0036145938735310723,-0.02998601773753349,0.051708238986881136,-0.00782870357453254,0.09671012500830703,0.04044093825128779,-0.07526999356040497,-0.010017757498221345,0.016785752763876213,-0.017100004075857083,-0.04109661642597473,-0.07110629945461139,-0.010368180247238573,0.053966222243437195,-0.0658211398778018,-0.10341143791028484,0.035914696634469175,0.11471554662290674,0.02982669862667143,-0.03722982874235792,0.15088428687697153,-0.08877419981647727,-0.13252480843175551,-0.07321565031926257,-0.04581146528455447,-0.036421124434600625,0.010746260865413132,-0.10960852988386167,-0.03323162452624211,0.010634642865773637,-0.09711109469369182
3.12936400933147,0.23987022977147654,-0.06243431902441398,-0.13376181195762343,-0.27265885447611715,-0.1509396730504314,-0.23462909511441263,0.037956650825949324,0.006110980786133073,0.07735468299387174,0.026588177792059502,0.07310749628553169,-0.009632555402710382,0.03601924952101184,0.004281138760926131,-0.016751540385848942,-0.10646263200045766,-0.06889422854572971,0.1706383919127717,-0.0868979758658743,0.10347490799801273,-0.034449353287228056,0.017695141024560428,0.14774365061479672,-0.025460921183983166,0.01660570866729947,0.003741626102127372,-0.05858485543603744,-0.043257887866722064,0.01876614407078205,0.10895646590524691,0.033442905418700486,-0.13929844130897998,0.02501420820394395,-0.05233946476534425,-0.05587443144876992,0.06510378172702032
