TOD,Component_1,Component_2,Component_3,Component_4,Component_5,Component_6,Component_7,Component_8,Component_9,Component_10,Component_11,Component_12,Component_13,Component_14,Component_15,Component_16,Component_17,Component_18,Component_19,Component_20,Component_21,Component_22,Component_23,Component_24,Component_25,Component_26,Component_27,Component_28,Component_29,Component_30,Component_31,Component_32,Component_33,Component_34,Component_35,Component_36,Component_37,Component_38,Component_39,Component_40,Component_41,Component_42,Component_43,Component_44,Component_45,Component_46,Component_47,Component_48,Component_49,Component_50,Component_51,Component_52
0.0059113154688995,0.2796492631110534,-1.5382395188630915,2.086864091464547,-1.417929697516884,-0.9130612661178009,1.353525095381972,-1.2557743981483256,-0.13467910351099094,2.049706319230629,1.259526877968478,0.36845446919049246,0.11876553860118957,0.3188940291579063,-1.2714527352091773,-0.10315153781875844,-0.5938637973580395,1.0140272877503722,-1.284461066113646,-0.6655891506833838,0.16189348244713692,0.3786323375543477,-1.1986294232330748,-0.1727596092194495,0.18545439384724835,0.274840975423973,0.6165424394189815,0.5024218819819333,1.2641618690253607,0.05559540700619993,0.4339124835990702,0.09791130748079245,0.31785880252455323,0.45964712731889684,-0.020954751173647167,0.3099573090737938,-0.6892629939332465,0.17328948379037434,0.7288471505064595,-0.06719117089044892,-0.15897081503745444,-0.26044864306443594,-0.6194108041203179,0.5266524569421288,0.5477733007843097,-0.11466081143829829,0.2486287802518077,-0.004612337182131605,0.27007054001805103,0.017421252471187424,0.07675731183815312,0.14672991267362448,0.0
0.0213883852823696,-0.37381015758235636,2.457597136176427,-1.0794432947342854,1.3084835420173495,0.5896514182194864,1.9750999300373708,1.4646256455444286,-0.412596002093781,0.15881035696201873,0.5818770435863267,0.2644562832318402,0.39765178631253356,-0.34768354427286874,-0.6254816610388724,-0.1301602568333861,-1.8848274849079045,0.6481320764635062,1.677633118735729,-0.4102626207760893,-0.6489317944560755,1.1363069502484213,-0.20657456803260768,-0.8382342261339721,0.563425810610781,-0.10941021269868578,-0.2661673499798416,0.16064859218213284,-0.8480228643464265,-0.04847090122602163,1.101111934026431,1.032284131132553,0.14438754569201884,0.5737565477059576,0.6949950065093329,-0.18501539390213984,-0.23953491811356692,0.6090800666086792,-0.028469863953508395,0.24862261710376093,-0.16094061995970177,0.5258537944690594,0.07404009670495718,0.27966571844708155,-0.03158985613766241,-0.14937612141907936,0.1555164537242184,-0.051418791519780425,-0.09791582262474338,0.2265800108970633,-0.038083168020386665,-0.02652588498986166,0.0
0.0798984474110092,0.10569063333439455,-2.426186008043777,1.7922875528095148,-0.17833792228941053,-0.5264098729065728,2.828770210182782,0.013824823074278436,-0.9716810710164125,0.6758886949567443,-0.08143090453583132,-0.12116852129930435,-0.1627943541036237,-0.7866274089581111,1.2171296694232225,0.43502837106880576,-0.8168294907989291,0.03096777753161039,2.1383512852404034,0.41755831236716207,-0.4119847914229452,0.20227167003339247,0.26792720003752296,1.3280067553636714,1.168863474022399,-0.286531247739794,0.10959836512920353,-0.05498807260685959,-0.01590574430552434,-0.8214113178063851,0.23232729321952902,0.35596002292122153,-0.36860914914370463,0.1813155783109469,0.4734617931009803,-0.06755109312806024,-0.007651435044374866,-0.22764529767760683,0.5810091685093377,0.01296573119524972,0.046663974512479424,0.48448390544839487,-0.003394643902840023,0.4251569762999167,0.07774915469770947,-0.47543424134837353,-0.22166521198523942,0.001832890571482476,0.028784529973631057,0.027525612101597992,-0.03432304005657854,-0.03978926561470483,0.0
0.0452986463486315,0.7487338427838423,3.1496674821208996,0.29739529252724445,-0.6395413434122343,-0.04826739527232306,-0.9125586870521155,-0.6966806679574057,0.05516620023924792,-0.6555436940504119,-0.8358759480431757,0.08101289940966679,0.5947108671993531,-0.05107077470120517,0.2976692747142064,-0.6832068781889573,0.6429595413217263,-0.043882488992935745,0.7990515601315951,0.5879214289989518,0.34389241969600715,0.8048484956000101,-1.210328620979398,0.35905219202642896,0.18662678859453907,-0.6995782130408897,0.27595599792027486,1.6814768307022874,0.04357350020968838,0.0028331513049943517,-0.06860660807011551,0.24914025900487843,0.0830611823124915,0.46107674992189,-0.08582607753703805,0.15742519498528446,0.1158526971928648,0.1490271931635974,-0.29942083075030274,0.2468004208886878,0.22039898225323531,0.12157815912432772,-0.3100775199010929,-0.3213536210010945,-0.3486119022882171,-0.18866307467086404,-0.08395984323226366,-0.14628264261414556,-0.42521496526747177,0.012989991846685051,0.11460293308567986,0.04727619239887556,0.0
0.0,-2.0147467715567084,-0.2633039980236756,1.3338187483838437,-2.218121167423222,1.03162911610189,-0.24562218740858432,-0.22603076694316002,-1.1785065155186218,0.22553012397135078,0.1489025358102794,0.04232158502493228,-0.8090491363311823,0.6410647955187823,0.24993581752006694,0.12894938012511373,0.4692994241272819,0.04360571526517493,-0.9860229573393011,1.005372229498975,0.5593613437510544,1.015396056896623,0.4084325471232566,0.36679939005225465,0.4969793895509523,0.0992476733493734,0.1182836544408918,0.39433898302472464,0.9266277990021844,-1.0676849078639759,0.2777166585909008,1.414059379574413,-0.5530104120187591,-0.29602454934111616,0.5448699727698347,-0.30127531104418925,-0.05947758593378724,0.16624309342737975,-0.30428415646735807,0.1706256181148027,-0.2825754866575936,0.02740224528030225,0.08222129157821016,-0.036525904712116725,-0.6472047694669969,-0.12123214723639844,0.3187975604769494,0.4333223979937967,0.14319791912604063,-0.003446025169327198,0.03141342470904631,-0.028518283751427235,0.0
0.0170518238506117,1.641322085577989,2.795571608555742,-0.6315156476528911,-0.6524356992355713,1.577357375754915,0.9578843123815546,-0.7033994363347539,-0.45538076113216763,-0.6231189062590222,-0.5716577466478533,-1.5105020661556499,0.8886819566229339,-1.2344819694892193,0.34273887292518723,-0.8756968707665259,-0.0513328249364378,0.11524615955110697,-0.3023337646784971,-0.16519102497518934,-0.3735029170327459,-0.06718628967525009,-0.8179359033793264,-0.017955211696135575,-0.038812790328420284,0.6986721236966653,-0.3819109527439759,-1.2611291389029495,-0.7520086946298752,-0.37350859468731956,-0.7443702886895215,0.19354849946889532,-0.20533676404121512,-0.1962445981037244,-0.36172650902645453,0.6299575825806051,-0.22961014630906124,-0.16935758604804158,0.2739533579788063,-0.2567385386524546,-0.2290072274296459,-0.5864166688186885,-0.01984869743949936,0.227450659308438,-0.050182929424397546,-0.6273553208264424,0.2546392926743663,-0.31889382918989573,0.04055785947290401,0.23572847279591577,0.10025892015186785,-0.2207736216081533,0.0
0.111366096819705,-3.5301757071950233,1.4067888754376723,1.1170056330967473,-1.3120767767981667,0.20804652714302085,0.49724668970852026,-0.8530047695054565,3.3988202103743794,0.8963539788433669,-1.1892726489966388,0.37540435702171454,0.1126312793735801,0.5477010761414179,0.6474774459030834,0.9157083679332496,0.7985074001831562,-0.29728588658206007,1.0259618264286603,1.9505319296187102,0.6692708977343537,0.4391238179713629,-0.5232760692437597,-1.0893480106250328,-1.0256433160108516,-0.5213288309663342,0.4235192038627059,-0.7786413535871697,-0.17906717317987428,0.5874527191029496,-0.3859868648936067,0.033431011235478106,0.6894981640774301,-0.6951163737470111,0.16408277334787227,-0.336865282594484,-0.7377198227677056,-0.08927175166933687,0.2811476083410193,0.4226354348551881,0.11599628761705973,0.05467715982209568,0.1892934966267664,0.0946057477634485,-0.34639861400610267,0.07827449884430658,-0.19680924226350952,-0.14976784593413636,-0.004637712287210368,-0.0255460622060772,-0.02196682136737986,-0.04408104401673047,0.0
0.134933409604731,-0.2243479171475834,3.816298061988843,3.5589595123381246,4.191752301948989,0.22265131638296326,-1.9812258782278112,0.7453160849729441,-0.4918900820811493,0.09873865879107116,0.5836708874643556,0.4377435906980849,-0.8898509577790529,1.124136716245758,1.632403508319843,-1.2177054962627132,-1.687767955734495,0.5348865395306153,0.6305815131616602,0.07408397179218539,0.5024890702039576,-1.1986956693268906,0.7814603809591482,-0.13709674783742837,0.061244950726851224,-0.2649747762052346,-0.0237616306554399,0.670567170242592,-0.13187677641190237,0.7288545626863472,-0.20832606530448047,-0.036036650654351764,0.07914941506886988,0.4867405123364207,-0.3819253380822766,0.12368054369984006,-0.025304457484170643,-0.38480759550142435,0.6412584060375551,0.16336562875812216,-0.08371400781262525,-0.3340234197584048,-0.13217782139032672,-0.15267675783303772,-0.012916478665917195,0.0818495373839978,0.21118453233026008,0.14902034024160762,0.18237646638096394,-0.03524808835002342,0.027741899944688213,0.09215989287574924,0.0
0.140259508826461,-1.889372996511745,2.695692281791885,0.3938620748153773,1.492875967977305,0.09214543425569842,-0.007228793959929928,0.4713629587084602,1.6319896752734653,1.1568660407369737,-1.3156678693005244,1.1712244164183543,-0.5143883823217459,1.5755975458096607,-0.2691403443939302,-0.5624992887349902,0.4298063849319249,0.7406357567282341,0.35127557430081024,-0.2590118112347755,-0.6060679625224025,1.085578568877469,0.20123520092703712,0.22692663084338976,0.9105417771806465,-0.6581357389231076,-0.7145648586816495,-0.05161625876715809,0.8748892381136836,-0.09484181350712093,-0.12096052169325412,0.11189895802598374,-0.9871511162748116,-0.9074855286442173,0.0871627338908564,-0.29784538708343966,-0.09748466918525306,-0.4529433079986353,-0.03508898151195146,-0.13963833176002385,-0.059804676896715536,0.10759598792939241,-0.4169314007032901,-0.21218791909176624,-0.07087182421104743,-0.020186737823151692,0.01922465576397368,-0.17769887595689643,0.0605089224995244,0.5340369036486765,-0.074787451494172,-0.08201646039218796,0.0
0.107819804720328,-0.6958969110256993,3.0073581043909283,-0.6259636810032818,0.7342948517535358,-0.27355173184632836,0.2006933099262211,-0.7975951627303475,0.7932452125557798,1.5570444328706623,-0.5320618495518187,0.2558781580629275,-0.6711330443297628,0.05721494409046472,0.6324932627410694,0.6397387670632887,-0.359348245384824,0.710034491426013,-0.36838440474574996,-0.09221245335274404,-0.5711848359792792,-0.7818565034170843,0.07336384962045818,0.7734575294946797,-0.1821984875023511,0.2686950078987379,0.6707266610728461,-0.6984589487134892,-0.7851861182749246,-0.32957195123954197,-0.3376398270182762,-0.8446749183444384,-0.3583225045879639,0.8391004584668128,-0.0313192037506563,-0.42060601923175667,-0.3061275529419456,0.7307067073947549,-0.2557204454630434,-0.47937054730868667,0.567503843340336,0.19783195100477033,-0.45194743038763285,-0.04013612657778802,-0.269935810671638,-0.09677303689273002,0.13704416225683408,0.04885262994899968,-0.19647801467825204,0.06622760733576634,-0.10419601527948244,0.04356076349685517,0.0
0.207155289481297,-1.6125144487275604,-0.8950282185405842,0.2506949616814612,3.613784164645198,-1.41655456715927,2.2739742468519197,0.36325790750784764,0.326406986439296,-1.1391114321995746,2.958243854531374,-0.4735052418292832,1.9972105174834138,-1.4333383367856143,-0.7598128949038868,-0.18316042993462306,1.086308526027648,-0.2974463120790405,1.061000069630666,0.5951218301444142,-0.3466417541945988,-0.023914673603555578,0.28772735015390033,-0.1435373545525637,-0.027436658942076725,-0.1348752942226572,-0.22548121590310063,0.20317933788549172,0.20148473690164237,-0.9251064575420229,-0.3987209524250027,-0.2260435603959036,0.15872690081631563,-0.16379535852063293,0.24701746810564493,-0.22181415670020024,-0.48479147845865994,-0.29287841582418883,-0.7199221891522515,-0.3507363692412602,-0.04421865398126868,-0.2254208231607632,0.01211548987871553,0.13229130247748727,-0.33584424262207,-0.03883477564315986,-0.04537723486243102,-0.017639530152221278,-0.25217077868183974,-0.09325972203377103,-0.071772934346308,-0.11210427498884071,0.0
0.172488245278875,1.4572858876949433,0.584512440473435,-1.9472514141516586,1.3695165981163506,1.5575387895628325,-1.0135593148109054,0.8198637588698136,0.32097807816938173,1.7206357321215078,-0.6873380377700165,-0.47172335754755373,0.6607034962718837,-0.0387428419689083,0.16308681302503913,-1.526788944036633,-1.0456838136003457,2.009421296471404,0.2056658629659721,0.07173140607489417,0.30333742869355806,1.1180634866106505,0.0011577316905090655,0.8925993131318903,-0.27428962342583435,0.4860648843649119,0.3112674655758326,-0.2298904595550122,-0.04243431362790489,-0.061376782025990125,-0.49119362660487786,0.3917613586136483,0.49502967886899757,-0.17013093906969004,-0.2271790448790863,-0.47384020262755044,-0.45407919780797495,-0.23664638067847052,-0.17114326692719717,0.6643111776144306,-0.5800329668936939,-0.25759065853213564,-0.416506420465888,-0.4506591523776346,0.06871252432903137,0.01908819967913014,-0.27080840300709885,0.17775297628730088,-0.06200777267832627,-0.24954956200087944,-0.23127501130236783,0.05470783325423867,0.0
0.230983584472757,-2.7803028680849295,0.5228791462330563,-0.9708324065989853,2.828286136404246,0.4488129122104249,1.2484811987104796,-0.17926645258736423,1.0114659310193543,-0.7949511361770486,-0.25043364047548694,1.2837471872208546,1.1283195603986296,1.5209537460511804,-0.000770447556770188,-0.08270897297448644,-0.49820241600805604,-0.5973218613924581,-0.4745822003002537,-0.39139839959229394,-0.3871563119951251,-0.2113885283306124,0.394283796648335,-0.5725013134965891,-0.9982013291412879,-0.49669043500050497,1.0308409874112479,-0.5144859216934171,-0.37554578555621515,-0.7946627320564491,0.7960527412773517,-0.06949466981881802,-0.5903090058246688,0.23941320927582663,0.5095109418689691,0.9086156182617722,-0.13666848978611937,-0.23796768661090478,0.9629328508842875,-0.16813484510968435,-0.25875788091135377,-0.1457978766662043,-0.002035552282203777,-0.2579967672600248,-0.12474570611679642,0.15494005123678875,-0.11195347434525148,0.01540835648412193,0.22650724680709186,-0.05657457667955327,-0.014287187537812322,-0.045238098808965684,0.0
0.315454818277502,-2.7001618407710444,-1.0990120978621358,-2.218994432968472,1.3074311770684064,5.554535120106892,-0.9968740155123178,1.7513890333713833,-1.7453553759799851,0.6325059290509824,0.8109252608515879,2.3269751029141164,0.8655496970664172,-0.3125876752708671,-0.03710249509589248,0.8311123583559783,0.5218794564418243,-0.2602157832878326,-0.3369709700082363,-0.30301587372772465,-0.26794560894645425,0.2935893290903792,-0.7502068434034131,-0.14328426060198862,0.05901352508005849,0.49934610105645155,0.5065309253158135,0.2900389758391256,-0.34192954983766166,0.25523251137842756,0.391670074295374,0.3156327902446314,-0.17244047683655858,0.05688572488008185,-0.04788274603059829,-0.17145949991358242,0.21957059583967778,0.12492855012874286,-0.19606005595011514,-0.08324074268922486,0.20763276696890848,0.25128618952598214,-0.12238090998416735,0.20360584275590454,0.017271948262241172,-0.02623552128746209,-0.1261809841947602,-0.09157334390472247,0.10101298382496036,0.03974737446022233,0.10729190486286047,0.017172980750089363,0.0
0.286592726755842,-2.8599312076207846,-1.2240083965927102,-1.6033084887153428,0.46725378883727653,1.303398119181208,-0.6132294246538547,-1.383317806129766,0.9183013917929135,1.0837692841805089,-0.9248627889417674,-0.2745803024042405,-0.2451178454372305,-0.47679261617181967,0.9679831340012319,0.987767909935224,-0.30833280145207964,-1.144518762402166,-1.4471913481116467,0.9124794713459974,0.0438003226440914,-0.699164188593763,0.32191423189166907,-0.5222091618291762,0.35214766272035875,-1.0508343326700882,0.15953031868949713,-0.2206720081554956,-0.620315699600773,-0.5579002941385968,0.4434060666874566,0.36299470206817724,0.7644968020755758,0.7941961726625654,-0.15525181504147312,0.8358541989644224,0.04569084311345649,0.8659948096788184,-0.22956030866329058,0.1279481863901524,0.12334401614820514,-0.39165277399365855,0.12753057653691854,0.025859689302226548,-0.0701244155267107,-0.19130215751064403,0.2560034519657931,0.2346051932854581,-0.034255301993839325,-0.009288545668798227,-0.15925909703926347,0.176223804956534,0.0
0.413053446992338,0.14136682129164255,-1.9068979803731954,-1.9877995525570444,1.9382659720366264,-1.2960382673582658,0.5921929490091745,-1.0976875442226874,-0.03919144089505123,6.749991867196727e-05,0.6739207982942885,-0.13765985971925385,-0.38181584892620396,0.6996754801898163,0.40121524949855586,-1.4090809493771284,0.8401224385790766,-0.22670097805877087,0.9776621989382257,0.29461705205243216,-0.5499615493092171,1.404658308944699,0.8416234455287092,-0.07257872460996524,-0.4389613132492784,0.19156788550133255,0.8455409610830384,0.028127681382717592,-0.19151581158144826,-0.2689296048800109,-1.3087136413980067,-0.0648380460455439,-0.5830762811162256,-0.18453158264738734,-0.772053768152603,0.18108456959253777,0.15573880736244747,0.33666947009070025,0.6038211007608387,0.09295039180607699,-0.29993592525872337,0.0996645706289584,0.23127370460091706,0.2128549396066527,0.33680483581263904,-0.2720063652915095,-0.3685513527670304,0.18179692177734572,0.2137119574423123,-0.26301930478675256,0.1839165353614473,0.009942300081062241,0.0
0.425775267318277,-2.76663786950292,0.4175801214754571,0.5479104521202252,-0.9073895319679832,1.1204270627541157,-1.5133605238427899,0.8098246329213914,1.0184964645683845,-0.23429682570686852,0.3309012292102943,0.4414571258800426,-1.7527400317859523,-0.8602293152934659,-0.9243944984742346,-0.24265728351987456,-1.0708458400007668,-0.5075026747191378,-0.647557012926196,-0.12322443212917332,-0.13687397475776447,-0.10407420478077284,0.7688310529533363,0.9982105763706043,1.239611398582471,0.040593614919929265,0.7601085406542815,0.1918803891466001,-0.9463451391285106,0.6694931039392824,-0.36643130928328577,-1.0491252743903876,-0.153262134133666,-0.5015404337488364,-0.6251886780842851,0.10352812107895469,-0.5625738703862253,-0.27480322563438264,0.42119276564889147,0.3305867892369172,0.12277790818583592,-0.06677953447694605,0.28655137137019143,0.42641030371243693,-0.3124003349546588,0.18957623500041276,-0.2175033593844219,-0.08112442289946865,-0.11276417659056157,0.09944856664282543,-0.04160356893634706,0.06329756095493709,0.0
0.352540033392646,-3.504858068379438,-1.371448327751129,0.688223746909259,-0.9468782315069795,-0.38879590684479576,-1.3237657878878253,-0.16013712902158297,1.1079011604696574,-1.4422571065284102,-0.7947132099610869,-1.4751916845915052,0.13565416122509857,0.6373502481746912,0.4449835796180603,-0.2605891771834373,-1.137162342842911,-0.684678620066724,-0.8858787701021837,-0.16062072000648478,-0.6385295972881577,0.6560342362119642,-0.5972571881381655,-0.670187004253018,-1.3924823006567923,0.3060178504194503,0.11752141486807145,0.15687145124896523,-0.9823397585155663,0.05703035010894522,0.05829233614477596,0.09979047141320672,0.35732683329598314,-0.2530007637339027,0.8929829232281775,-0.7654054523434521,0.4653017708931867,-0.42756253369607,0.3701451875778412,-0.5266882868355871,-0.38110366110435817,0.01169999424505362,0.011708150267732396,-0.053577518138370556,0.14484784824286634,-0.6858283117610691,0.013983025100606557,0.2732414706261803,0.1106891652643786,0.11917117465117248,-0.14795215299906908,0.09282348563564954,0.0
0.3531032918666,-0.35173749535023496,2.884822109937256,1.1712885640403907,-0.021056080038423887,-1.7649061744232681,-1.2907389460315064,0.9301012830959501,-3.0667134322775884,0.7514799088157575,1.0063192313454767,-1.5553418227682412,0.9130666940328531,1.0892214122120376,1.9145179445770268,0.3174051805590671,1.1018892559486881,-0.560653907896558,-1.1905540170305344,0.9064746443955223,-0.07039429906704711,0.058076074245172436,-0.27407577469902544,0.5918063922547178,0.23460932874896198,0.366547288264832,0.04824332767590472,-0.9833286470981538,-0.4951369536600912,0.1763513459065322,0.1768385828750874,-0.009043513955733046,-0.21541646131573983,0.03439411633824141,-0.38675316373660523,0.07050083703047003,-0.15378868093425055,0.6586892741224417,0.6784871823929519,0.0028970066691869738,0.06990890032896166,0.01829380839826342,0.11287323777728313,-0.12043484353647806,0.07440051005076131,0.14841256406914272,0.23264594350646076,-0.12943774837465694,-0.13690057080164728,-0.08253956129945984,-0.06277839521189496,-0.23981752427729638,0.0
0.415152354178517,-1.6323976661869175,-1.966020773537644,-2.139510157229109,0.3959569771233315,0.9339691025205774,-0.9302509553426599,-0.6616616714662618,-1.7879838295776413,0.3600838343497066,-0.9967211291841778,-0.4040252955976614,-0.21157831995494356,-0.03367701773327727,0.5292407658769831,-0.22509037507854607,0.7150149028505327,0.5269008075892017,-0.04747110460404718,-0.7592226124543812,-0.19654441527923833,0.7473446768146883,-0.14192352645798478,-0.12155039964229346,-1.363895963638848,-0.2289126655251652,-1.3164499267155663,0.3744598940491895,0.17914570061871413,-0.24850447066972958,-0.3048367857036517,-0.3365141785152461,1.3020196786760296,-0.34755687737748114,-0.2951481663860097,-0.4228019517028067,0.292110835585637,0.15709729794075158,0.1682959537073959,0.7239028223823001,0.18051150466336427,0.24089183247646656,-0.3621357730969339,0.6289553733288983,0.05776052322082793,0.08043581760224916,-0.16447943423990113,0.4641312243945335,0.11132996553631457,-0.07770721198779539,-0.046410032545398744,-0.004042327597229734,0.0
0.426610579125668,-0.1546591233809307,-1.020610152971961,-2.2433181756584224,1.0888730654978183,-1.2421258467965826,1.7453994868033404,0.6959206422977721,-0.795501885946401,-1.1958511290070808,-0.9070029923980963,0.11273255160506337,-0.3377664063047461,-0.4594463760300952,-0.12056661986824262,0.24929930385796384,-0.33008253617696226,0.5374665561220571,0.9632105135493985,-0.34665252915151706,0.8382662018500924,-0.5072536932297098,0.3716983678228365,0.03423671539876765,-0.42522301681569646,0.25835782753135716,0.35830561791267457,-0.042917724549098854,1.398153911431679,0.9424535355601105,-0.029525923075569286,0.051326439788728404,0.1280273345337806,-0.31645676727928757,-0.2370645967398571,0.12471116058318728,0.4379314735897874,-0.018506350971692325,0.6790161040195937,-0.21025736223059843,-0.39669870007891,0.226976556460059,0.21103726161705888,-0.3847120561728722,-0.30172098167956446,0.1955462037929889,0.2843587271386548,0.3061936545482412,-0.3114696938530245,-0.10652164308950532,-0.2952008725483428,-0.028259216373802434,0.0
0.443146598346416,0.37970671662073835,-1.2512360339461737,4.149349439504436,2.2708662720093598,0.22390850368055215,0.8767093383436647,-1.48260845396126,0.1502201040554139,-0.4008708392745529,1.0615834986719235,0.6020345763343526,-0.7249295754390184,-1.1616293707841072,0.9767647630225745,-0.1974974491102692,0.7567573802938811,1.0307255744476906,-0.6328433621453737,-0.1559516929890208,-1.2753819703808456,-0.410943042947613,0.04947907836686004,-0.031149326042527653,-0.09437165598743447,0.6697391034924393,-0.3218624637916652,0.8565081004891487,0.3187987256628388,0.4379755048204011,0.27361903515485936,0.3649287252869687,0.2575205040130287,-0.6775519814643252,0.5023638394444191,0.40545269610433815,-0.07757103397903306,-0.027849949547323873,-0.4857538994792357,0.4251856020645624,0.09318862153601418,-0.35326587401679227,0.5202069504209371,-0.01902680401344861,0.17202506689392882,0.16106143895133457,0.5821284157689868,0.09374523061264789,-0.026611096104584387,0.049548827462218684,-0.11580363382825701,0.10075486781604852,0.0
0.467526823899957,-3.4056657134998143,-1.5086982406296148,-0.042296171205405284,-0.6122500158007198,-0.24553303238427837,-0.9200056188552567,-0.9172978156706896,0.3435826596158476,-0.1821517332835966,-0.5261999414969952,-1.9010341840164777,-0.5761864663781395,-0.31185342262673904,0.5819361508117977,-0.059865031054550336,-0.9901967377258764,-0.11538621465099735,0.9808685939667121,1.4494046986495859,-0.23365385373027206,-0.817900524125319,-0.6866066006590966,0.663375098069084,0.9524976703608969,0.49600256745832844,-0.882342144405851,-0.15826079445061103,0.03712912471607944,-0.6749912379066925,0.7790609643524977,0.4479908006781187,0.7243887341401534,-0.6660258342178136,-0.11580425371872474,0.14958318674494211,0.36768305298265874,-0.5528938451823363,-0.1754888778305189,0.2682311085683545,0.44697256196854884,0.13535778509054475,-0.02652988506507417,-0.05529309262272865,0.08899583932129035,0.3201847010337607,-0.35889612493974493,-0.1303641153438746,0.28358374709048295,-0.027440239706126846,0.3340203343357492,-0.022825712852054408,0.0
0.441795173681292,-1.4260105908251883,-1.7294825260132443,-1.4102824299202712,1.749911503335751,0.20146099847802287,0.6089100023754637,-1.5589775048699115,-0.0938349840210928,1.9479934343805234,0.6087777778691493,0.2522833587911252,0.7029441810288141,-0.966646023388232,-0.04769043290118671,-0.9050883328915155,-0.17437175613441375,-0.6385098996311015,-0.5472922082115926,-0.17022000542693516,0.37495724968718114,-0.15156951115177097,0.1607870620076357,1.6568288990159235,0.4065110191210709,1.1735432640851762,0.3883574646305207,-0.20236066060166114,0.34916252657618985,0.727493258847762,0.47365903362069656,-0.8878644845769035,0.5667878818810446,-0.02234301256421279,0.17770700818679705,0.27012740748691527,-0.3564946154775165,-0.2804301130360094,-0.05635995290741788,0.29774276628511775,0.4650580897940287,0.3107964584528665,0.05521327949749309,-0.04884973902422214,-0.20687844754717805,-0.2272439867547545,0.19934953012984333,-0.17999330186942564,-0.17241897292648437,0.09608209752695339,0.12025767422170959,0.13209822518373318,0.0
0.444400164275923,-2.4965516696705645,-0.16917178834018934,-1.2582885271247535,0.21739574788043212,-1.2668283138101242,-0.5082314344481158,-0.6949891162692354,-0.04998841621226539,-1.0252964563400637,-1.845887127149014,-0.46972389392304303,-0.6991669460881843,0.7293698321324673,-0.4803990317345426,-0.08899711689970241,0.2871884684600554,0.4734369695709131,-0.5444770140034827,-0.9417863300305908,-0.6063231077341037,-0.509258834837731,-0.1909038446409348,0.30614987503248936,0.6452058119045766,-0.6959611611705766,0.6788894009929081,1.0972612901245908,0.17998533952746817,-0.5105722336937951,-0.9058063946930981,0.7205464498964611,-0.7623066262002784,0.001479828073581934,-0.16113950204108096,0.35816158697999384,0.49193696215113325,0.5668012160385661,-0.23224766323316487,0.27249263191075246,-0.2727655942667722,-0.19099483263377903,-0.4116357078691606,0.4630251767874929,-0.16757694714481822,0.2806174014072618,-0.11852435502522074,-0.04534601330023177,-0.4361146944184885,0.29099713411022926,0.11909072988472907,-0.08118796831588988,0.0
0.486610881282747,-2.114699847247803,-1.141961305092059,0.0715665277873172,0.4094314974043651,-1.1630175327519472,1.6596255078753923,0.13261894926067774,1.0341825790977648,0.26824730581395173,0.5366805104421749,-1.4792765033818513,0.0029622657049441954,-1.1018155946252248,-0.7893377607909176,0.5918432606679696,-0.6530821214980354,-1.3278014908756102,-0.1957003724803007,-0.234823426156564,1.532571305349929,0.8609946919109127,0.13596346108007532,-0.7313766270220888,0.04848657876145609,-0.5619803706005717,0.7914104362326232,0.2603596861147235,-0.38940133706552776,0.36885948954445974,0.38851748933696184,0.38285513006282923,-0.6033250252522044,0.44783135240708755,-0.8629584895624255,-0.47184775881896907,0.37597034823389774,-0.34719966436550626,0.3325161096132177,0.47029093329395877,-0.14561679834660565,-0.06835301557028488,-0.16439642883813488,-0.16216671313681616,-0.01882428763646327,0.048468661150877716,0.1361593550299777,-0.17796345629715224,0.1710848898828893,-0.12304040689977908,0.22008154552704617,0.03409681093327461,0.0
0.447745066754242,-2.773163605208633,-1.2649607769403033,-0.8520530291539646,0.12125875687497172,0.3150229066834301,-1.0800804273384261,-0.3282152206524737,-0.26903411001334165,-1.1831247229586008,0.6345255554838216,-0.3136971028222382,1.453479927599079,-0.9041843658367925,-0.6300420514728494,0.856348608931685,-0.8057742502547395,-0.06837567861231764,-0.749152487553687,-0.4567639406346869,0.3081103757233963,-0.4602998170113004,0.4741540068186172,-0.053310814132467944,0.16833899708010946,0.21916036529000818,-0.6577875810380854,0.03584671435934471,0.9760727136698619,-0.7719604261499323,-0.8595846828626534,-0.7209294918849338,0.2789901227096806,0.905717582115681,0.4660229535059223,0.010918686922768032,0.12033387224510318,0.2548132506871144,0.09612818177546636,0.31957052736387587,-0.7933100081170936,0.4779377215889507,0.33425129748638677,-0.3649547419719641,-0.5018612815789939,0.08350363902671505,-0.25371403077571286,-0.28170930727141646,0.14522914396209813,0.16487832037404804,-0.04939563872101563,0.0008226515201857492,0.0
0.43211383865993,-3.2827095168427403,0.47448027575478496,-0.5734066618556533,0.17285391029960964,-0.5153631651426159,-0.2578367228288969,-0.5049137268027956,1.650293194548085,-0.4106315782731354,-1.1139782659581225,-0.8101701755057188,-0.8282564803426977,0.7073244305593969,-1.1749948361330866,0.7640216434365261,1.1451382575750058,0.41486260620211646,-0.3683223901137964,-0.18867780218410848,0.06932906873851745,-0.6433815853607195,0.4520910597709667,0.9486201812221668,0.4797994689726441,0.5056479191750595,0.3277114638452333,-0.7398450330004984,0.8073024399342873,0.5010682682675371,0.6566951003646901,-0.3407762534932844,-0.03812761881960685,0.3128478578147541,0.6234007305453718,0.644993883255136,0.21916189826564542,-0.23301763761675628,-0.06729804778591593,0.17199554680488893,-0.11426445104575636,0.8348773892095467,0.05801307651350844,-0.23779533028480437,0.36287517074666964,-0.6869411683986323,0.17904915474047398,0.06100358067355278,-0.06366886862763262,-0.15415540274033593,-0.09231136958561624,-0.10971187990374354,0.0
0.445083839799808,-2.320772080148758,-2.297068853812332,-0.25248890479441766,-0.818619221073446,0.6662439875397523,-1.1840824640455676,-0.11367757252490993,-1.0431658140530689,0.33489083153961063,-0.28249326606362324,-0.22704836404879045,-0.228574260847327,-1.415370545798829,1.860688117604016,0.4013900946069398,-1.5945143438238618,-0.8392144479841649,0.41332731470550604,-1.4795442662043834,0.7020122612032159,0.469189262849171,0.005889531316965312,-0.10426513980398468,0.8796307417292202,-0.4159082851627217,0.4108353616062065,-0.06973517443049795,0.8113832052370149,0.4243816682247282,-0.8129696138533339,0.09178365485017194,-0.1350638968560008,-0.3735247143607265,0.7941337905022884,-0.12845802548800103,0.09288004162503742,-0.22762181514091395,0.07294214882680496,-0.8341360064752771,0.37196832026466525,-0.13806202601644307,-0.07478738524376097,0.11218468780205976,0.06784060001130574,0.1848325605210156,0.03473994355563407,-0.18937303455772,-0.403817506403187,-0.1953418232704388,0.06971359594674646,-0.04702489445226856,0.0
0.497524159442072,-2.955448920761805,-1.7487130748275996,-0.5748137098808865,-1.6316849341112785,1.3506591928422231,-2.233391747258699,1.0063695279771916,-1.8416608681329116,-1.143858147430231,0.2764050334288279,-1.2422020694514968,-0.8378663248694833,-0.38025510279659497,-1.3495988082748307,0.38457993828506465,0.7304485056746542,2.260449478258788,1.3247132414577354,-0.7498780711831905,-0.5137732397567892,-0.9376787710855089,0.11496393385593402,-0.3623156384700353,-0.7722638883884066,-0.02350278563403577,0.28081658953008104,-0.005070881499235016,0.3357714098824952,0.3181047012039849,0.1069245779220805,-0.3365800602257235,-0.5520317110400543,-0.6878848615812463,0.3568702987064456,0.15683183741590115,-0.07859830063780085,0.15353163510666015,0.488582112783818,-0.3942667083181957,0.1787265213948035,-0.09788775400170811,-0.35317339319534685,-0.16926447558040872,-0.2491291806463155,-0.12990703309284932,0.20930285773004845,-0.29063688254274334,0.10019475769092615,0.008368947908178935,-0.034441738439284705,0.008411592446038209,0.0
0.462100012275569,-0.09193923371031061,-1.544022540196239,-2.064361135774297,0.741768036872139,-1.120702259866249,0.5754709134227097,-1.1466077267816777,-0.44556673189391643,-0.3717059965666445,-0.21052613798908437,-0.0629639699170382,-0.7405408681043044,0.5099819639433538,-0.20507893423778994,0.9522524253087724,-0.5149500998203062,1.2388564736928758,0.3059828435619957,0.0829086239398181,0.08840862730083147,-0.8659774004307548,-0.1594303022565394,-0.1665533459626251,0.0521498687961919,-0.12858023777689181,0.296907205208999,-1.0934805515724355,0.4400744321429148,-0.5922151971751675,0.47760699860026484,-0.4131796830869658,-0.07333223331197493,0.44919692982797693,-0.3692031983066741,-0.2976409670861097,-0.8139965944990588,-0.19060313304533316,-0.6269427721838521,-0.3440304383134317,-0.051031149305213984,-0.7045146038737997,-0.22150821624348227,-0.25358926049123776,0.46547737547206147,0.05030541876159937,-0.4547821493936222,-0.18096824642913392,-0.23412056297216824,-0.10133978135546691,0.2638165744086937,0.0869787264253564,0.0
0.429704848214951,-2.684885402077908,-0.567949765250193,-0.6747451548387505,2.254073008772447,-0.03447642594371382,0.06867364884994513,-1.5387065502296544,1.1029827453342018,0.054576525572541175,-0.4033845923551371,0.8076036084169405,1.0127416740011086,0.4956555252890427,1.6449221806398981,-0.016099962267925913,-0.38348248324095213,-0.33596787139508455,-0.3126020339356088,-0.45131180471182664,-0.8143590347629146,-0.27244008109862095,0.5238929035628597,-0.5228390527343661,-0.4758858267261694,0.34185316429728824,-1.1086455947497158,0.5882688322534639,0.7703630662384577,0.38642540492740923,-0.6104563143595353,-0.2700382889590959,-0.08885795327447486,0.12710725641253598,-0.08860238549756787,-0.3501419818752613,-0.015960532794926312,-0.3271427093349816,-0.2816706395125783,-0.27358396017124725,0.12240893192303288,0.17027162058525036,-0.31115345665197597,0.04058771115905738,0.24858022510895028,0.3316411641227632,0.4703193116467962,0.02078617725253976,0.1969837566690168,-0.06621726651015071,0.2604500924578204,-0.08876159869980217,0.0
0.517824927888618,-1.436476008128689,0.9633907745579492,-1.6277076655718987,1.2870113561556027,-2.4702880423790083,0.95568984267665,-0.012833169515995734,-1.0303547458258455,-0.7264087685831401,-1.0795678100165185,-0.5972610116839032,0.7771376195916585,1.117386709711946,-0.0724962261081367,-0.2672974186017783,1.1489149444800844,-0.545720200845281,-0.2449421273535688,-1.5966793158012658,0.013795097963519423,1.1682736317499913,-0.20128232100674495,0.6405188455315672,-0.3139078138022775,-0.0372608199660638,-0.3914170522002607,0.5325713739580837,-0.9975904023048744,0.6993856433802113,0.8094271688921932,0.29104426126732025,0.04590804054445632,0.2004340641282211,0.46066432293428755,-0.06687243227495847,-0.8859354768846328,-0.5481593107012848,-0.3575029618576492,-0.3902308577086241,0.6568731080630926,0.03351664021635678,-0.07935211338123888,0.2642414600353905,-0.11007156989764773,-0.19095172771476965,-0.04824872752050328,0.047919897426519295,-0.031965694912459756,-0.0913821837696954,-0.04572527448678343,0.10381904421228341,0.0
0.531370024080634,-3.0617492265758144,-1.0480084402135221,-0.29288279089118324,0.1576305888034536,-0.6539687818931147,-0.8449269317888684,-0.03529001728781799,-0.2891178355477533,-0.4840234324010772,-0.04705611989933285,0.24689378820490465,0.7972326767184287,-0.5570569663091485,0.6776765011237056,-0.1799672438686802,1.5040285302880962,0.20007319817699665,-0.5192669220094962,0.05873350667830436,0.06114457544934845,1.1110646257251304,-0.02334903188005814,-0.7243697109843608,0.5524832980597102,0.4693643944215205,0.1355410640103423,-0.5409129159184385,0.16672631700833845,0.3132593619809972,0.48245449224332615,-0.1658522346989433,-0.7320154772715944,-0.7761605902893651,-0.18393768670289437,0.32264000006510735,-0.555304902393463,0.14913240163669927,-0.28485408257957523,0.06235721659143005,0.26378180901314957,-0.39477437396782167,0.9092452797961913,-0.4374868045127445,0.6414312610347537,0.35180059230910565,-0.16209172614798936,0.2316471960563408,-0.15744338695905533,0.36875411251947293,-0.1315025356685356,-0.1464734289452714,0.0
0.583842724424122,2.494780971250818,-2.249154337164808,2.8941051433521454,1.2646384902974714,0.11382162814995932,-0.15359418833454855,-1.3405976539736304,-0.7068633411081988,0.35384236359147525,-0.9006009925542927,-0.4994335243080443,-0.1160708122539586,1.234883037320238,-1.1242300281295194,2.398791637930731,0.11252835261077362,0.0226534816026067,0.6051230573379661,-0.6608466063238401,-0.8855471082895995,0.16579639760193887,-0.3584022304737562,-0.6636932993525738,1.6869945804958644,-0.2542117878148845,-0.2325092838841025,-0.4739996511734966,-0.6496498012748685,0.31510892100296134,0.05014435915042664,-0.5405277399884543,0.8051503960299324,-0.17580891033965637,-0.3191936700697994,-0.2910105188936542,-0.5203320323534057,-0.18134846644347502,0.19369998308933267,-0.47238570382369505,-0.6888994730950772,-0.06103210876191893,-0.17091372760817267,0.18377482857955255,0.04204096544907286,0.18969612410871578,-0.10238434556919393,0.3096910140275477,-0.054991330426229515,0.26934371926887724,-0.12660428414362968,0.0005978811303419678,0.0
0.596257631730606,-0.7576674895465992,-1.9066738277002195,2.9338467099285412,-1.2754937196559923,-0.27234840397503085,1.3477506342276668,2.4043183278472866,1.05282218407666,0.08479429001104412,0.34585572314517393,0.014330579133676299,-1.928824456801309,-1.1122462095941195,1.9406523972016247,-0.9907719080810008,-0.17224244626666937,0.1180878351005325,-1.8789366967272612,-1.390921284698897,-0.22587539909933121,1.1758139554829874,-0.1862816219974212,-0.23780369332452542,-0.2175571737767541,-0.14595299214787558,0.18891720368617154,0.04236518214691517,-0.19863350488260326,-0.18043710505009736,0.21651415170961155,-0.6307777870591648,-0.30055507764690903,-0.042927616522160705,0.005328368928107602,-0.2912816382152033,0.49485713231605455,0.026296681490898706,-0.22726626089100146,-0.1706149489923705,-0.3164775450282729,-0.1843480490963926,0.052055540067613135,0.018431480904246723,0.2717010560163444,-0.288741983795659,-0.19284268015753545,-0.01759063082836724,-0.3645568597365355,-0.1818376937257422,0.08960616482538088,-0.07504381484060334,0.0
0.543748888813206,-1.3160161031196553,-1.1329617000054433,0.07412230445216403,-1.6962751392032287,-0.9701482675711244,0.19726222877653576,-1.6260877920228314,0.4501157227579727,-0.2042049729828017,-0.12287994318514149,0.6632925539162683,-1.2207427845142835,-0.644598409302764,0.48598843422093246,-0.559852292426962,0.5034495393034355,0.5885510588180377,0.3807639688870596,-0.6616443092801395,0.8135146372719944,-1.072157621918258,0.31711719887403594,0.45896111784430993,-0.5688223137420063,0.7673750133396071,-0.14916197159492525,1.1165679948028115,-0.8869535950499396,0.06596492376989797,-0.04976320201770584,0.569283444445678,0.18932589686457987,0.5956919582259379,-0.1782961247140456,-0.6798518576184909,-0.5210188836854729,0.4187718332575415,0.13670650247493402,-0.1702892443680927,0.5163325284128464,0.2672458124361912,0.29463742997577064,-0.09806751591376033,0.21696393960953128,-0.1418356620596875,-0.07540038978208034,0.032692090613645225,0.14355533933149525,0.018235080153155652,-0.1106270574173741,-0.1810338755449645,0.0
0.587103093237008,-0.3032449124252828,-2.4985694926410673,0.36345075477467537,-0.18513690765167934,-0.2066128542587723,-0.6967026325167883,0.4936224280973016,-0.3486266940223412,-0.3089692319928501,0.6989887656404977,0.18848898039854273,1.1854649011382767,0.5908261995283097,0.4534505085071713,-0.28418751956595134,0.21446027283886168,-0.9093759415509457,-0.2914702411348657,-0.5904009066966645,-1.1021882181388154,-0.4594625886008558,-0.14207720497944043,0.4538795349862954,-0.18874509044005908,0.035712379679943236,0.9855676877088582,-0.27149419239080513,0.026180889368697904,0.13531436030516633,0.2303672406897562,1.0400015442255088,0.08763880546466592,-0.09608956910113438,-0.6443242187159786,-0.12107969317371178,-0.017550012465971147,-0.06257710955647842,-0.2084975082761324,0.12273192397595398,0.11809102097537454,-0.6639478380171658,-0.6108360660527657,0.10870364241747991,-0.10180735109133077,0.2688948313388207,-0.06540790806929922,-0.129927352312662,0.0584112817292661,-0.2008447350230129,-0.2860143734717163,0.02816806697229413,0.0
0.544964333071599,1.2216023138235808,-2.2852700337221963,-1.8772651956029853,0.7331497456946998,0.6782740870216218,-0.5384313267009913,-0.19591938781510615,-0.60719762938918,0.5322783092135044,-0.12212061023151158,1.072655000360853,0.1454280417871307,0.6221503880710408,0.530393465378204,0.8859817205911762,-0.4438246057231537,-0.9171054812590826,0.12523087455492143,0.5398939951659042,0.21592385644296086,-0.3829833596425009,-0.5272035137154572,0.34325160003987726,0.22569243340759756,-0.8633587216277026,-1.2707358576989423,-0.19789347140511004,-0.069144466230568,0.9223978675069447,-1.0221782420416412,-0.17939859305293804,-0.5360698871259305,0.6032353065975412,0.606913808706008,0.08070778153000134,0.18238268101991686,-0.4905608843678517,-0.416078681019004,0.45812700383978633,-0.8516333460849719,-0.09779150994263651,0.48289206368003745,0.48499003371590976,0.3441344534496113,-0.38185272358766176,-0.06307668944346217,-0.1856161692087855,-0.11911379271334134,-0.1620753264727711,-0.1860459123342769,-0.03217835279195859,0.0
0.571375673960287,1.5889049714659524,-2.7979599956526524,1.022985228747091,-0.17832694203824292,-0.5620951663548522,-0.5756188442079796,0.39786389274660117,-0.4241312494145897,0.8237739831550124,-0.595788429503099,0.0882195004068495,-1.2512203663883812,0.4084246219016949,-0.1378609964216009,-0.48174553960014654,0.7412468218988961,0.39737783928130843,1.1482478534259304,-0.4419607820590309,-0.6873408658990423,-0.09588942157412189,-0.8838473937371236,-1.1234760488182165,-1.2309371164978309,0.3129999459496595,-0.6337912643799906,0.14042777168903484,-0.35965527713700474,-0.6636534626573032,0.3550597295987491,-1.2242305078293454,-0.7531217657773631,0.4513365720932683,0.3155143912415487,0.6689011141881476,-0.24598507636283937,0.5282865314769637,0.3908574381672793,0.5380523041006385,0.025571217055944114,-0.21001324547065012,0.3012112225679639,0.33590970916907215,-0.21332078828289897,-0.08284039171925044,0.022172794786866585,-0.3114901827383867,-0.014673129487531692,-0.09824854244407213,0.1048401236661951,0.08146762862318914,0.0
0.543345725942236,1.5483243471202273,-0.19720079031754875,-1.0969690405512909,-0.16339159392091876,-0.8024640878536706,-0.05255561321647309,-0.46763047352430254,-0.5992546611982719,0.7308837125783876,-0.8212859753893761,-0.4656290773467163,0.40674274855968634,-0.801692951997585,0.5974121439025429,0.31869743747710244,-0.145645199681305,-0.9187951995894539,-0.31209377153804857,-0.40428237391084976,0.715140186574666,0.2888851390614838,-0.34657165260664846,-0.7164450634384941,0.2002626293248413,0.14483606225974827,-0.3429556067371548,0.049137054674781876,0.24387854622356797,-0.5298395346874911,-0.6154091686426097,0.5059105566783462,-0.06220665364751914,0.5084855816003921,-0.8875272410674994,0.053908744400415716,-0.6797255180246551,0.6280067075008674,0.3161269716202062,-0.22212799497582297,-0.2177102278139362,0.6383417880087934,0.13016608701195395,-0.003623800845047458,-0.02817652689448417,0.3177041350243298,0.38427566003940783,-0.006861402149115329,-0.022302374353754578,0.5128164307614117,-0.0792123105365516,0.12271049133774853,0.0
0.554280414540191,2.992882761518104,-1.9177537284031576,-1.0943675514614317,1.415226820800414,-0.9200328031713622,-1.8013748198896062,0.3146957954245459,0.09008417989963516,-0.019054782824223366,-0.48167894352073126,0.45564131487090614,-0.2035560401149243,-0.16073359719435787,-1.27993991684794,-1.0759628011145,-0.5089518723619132,-1.0379588304915508,-0.17665108415703373,-0.511112378844559,-0.5868629350232262,-0.23772509140128764,-0.23427694616502615,0.7714158729579886,0.5160461822896218,0.47498038089119476,-0.015023700749323325,-0.8414251488115569,0.11599427443207667,0.3945745074110125,0.6842787280261357,0.335523716821467,0.3150906338624716,-0.15016452997864127,0.2954611053513881,-0.2342184940370967,0.1644075765019781,0.6261797963632368,0.27244402840996046,-0.20635457909638225,-0.6775646948746973,-0.26902891447210536,0.3391492057767784,-0.5581388801018766,-0.33015373723050256,-0.23752819907757425,0.11979248119870127,0.48789004932252317,0.0027623691497745805,0.06227045051521239,0.40577123222485567,-0.1205410500352421,0.0
0.596957136299756,1.9661499377697806,-0.7367197682389256,-2.1332160754848375,-0.3526700754023025,-1.297682586056563,-0.5004092266670118,-0.8605944271381578,0.5303656129590257,-1.3758340847619028,1.4371870359218346,1.2833770408451008,-0.8500321011345571,-0.07350504992737972,0.3124177013143999,-0.5028261493170443,0.49590585955207356,0.3461920029136098,-0.6411707971989162,0.7324344814863221,0.31049525348039614,-0.6238787686301251,1.1138620431871684,-0.35597093246835787,0.36478741923974595,-0.5567530582326878,-0.1882080852434182,-0.7751014659063024,-0.4304822590924703,0.8542498271569333,-0.1469523689950527,1.088101455555477,0.3095272615033444,-0.4616483493802262,0.4246658975224125,-0.3170746077100271,0.47730082566884874,0.25690275362203935,0.40731290912560614,-0.46865292069288483,-0.2690130972049471,0.34227839682756395,-0.501714416409282,0.6234007530337001,0.3173591787926131,0.10916136974494745,-0.2427275604131839,0.05294774559887568,0.0437922989974445,0.17920236895071096,0.09891137257392593,0.02533940241178375,0.0
0.589931866899941,1.192642193354248,-2.206508553693774,-1.7723190103725976,0.9197925873294721,0.6148723826769699,-0.3041312014474037,1.1944161821307815,-0.3178951376832613,1.0919957810607408,0.2681112135561433,-0.77066560917068,0.2782845949157078,0.17461518233167,-1.1973045965486404,0.44509200026972034,0.6815083068707111,0.10207303115065357,-0.11324200327808144,1.4530764209570817,-0.06903275777696118,-0.3948727298217052,1.1093235395105507,-1.0149271818431007,-0.2928308875967475,-0.735516368104544,-0.04556961769506358,0.6757513202127898,-0.7227969387064362,0.38170756919045756,0.12133764344070513,-0.4860158117853186,0.41802042100751496,-0.6910187086494494,-0.46389618001898353,-0.10277320432265051,0.0031789759809104155,0.002610245474570461,-0.10499263331819467,-0.6864988665958497,0.20733371889319702,-0.2123477963316888,-0.45920748652519683,0.19150285312352203,-0.38259916786050036,-0.3701806233552842,0.5835470524151928,0.06917672205647335,-0.41115734000398524,-0.14436961780751972,0.15151630722935028,-0.020658606825037437,0.0
0.573742093990033,1.4500805004409483,-1.6678556668666706,-0.9008435427525642,-0.8901789885357305,0.2579936369023059,-0.027190687261842015,-0.7373776704825203,0.48972304629942576,1.8877211149729902,1.3936949311465918,-0.3201570538626163,-0.6920481300653871,1.9947396491761935,-0.7823762774001507,-2.3740364330200405,0.5702319324060702,0.14867695404163628,-0.4162924230254921,0.3516875345771101,0.5153505548505365,-0.45017545796620545,0.4002674091222781,-0.7192073934966646,0.3239272831858052,0.4104675877380393,0.207719413014997,-0.24627237586607112,-0.09712104064170186,-0.007990033837672775,-0.40297721444335344,0.8560037672285783,0.2169475705579184,0.600728711409103,0.84984315195624,-0.4385731904687538,-0.09271481991947131,-0.536889271282731,0.07125175052648781,-0.2148920937149497,-0.022907479346869774,0.23287587755282574,0.5695308759147593,-0.2447932154143038,-0.2812000169019055,0.254390536616614,0.030174154823756967,-0.41706712497839127,-0.35472493040811015,-0.028470014450090623,-0.0438656160018504,0.05670484563770789,0.0
0.655069285711211,-1.06603697942406,1.1484374234670776,-1.660543151542947,0.6344619290484033,-1.7615350133753653,0.49074294198781426,-0.7421883684543038,-0.4989809786774301,0.47510533719522274,-0.016509579584039036,0.6626535620525876,-0.19970827678385894,-0.4275191370139679,-1.4192941492855566,0.19581031503572144,-0.31574837209326884,0.837790860729622,-1.4856446857523011,1.1648387185452338,0.43781590941437704,0.8641547365010267,0.4659900596070469,-0.15791721858017926,0.9500330805783287,0.14454079470843176,-0.9263961608190798,1.0521321666951569,0.027042023349693283,-0.836020175470064,0.42878786010561587,-0.34453051632727627,0.5413564217055249,-0.35413070215921366,-0.577062259754823,0.5062027649801387,0.4416983353647788,0.11309394102364488,0.6030417344648512,0.029246590151403788,0.21859641034677224,-0.21733732737456665,0.04887971359392008,0.001723889711746104,-0.008580171530240512,0.09585286978546417,-0.24401295541126763,0.027593754261385998,0.03835161805327088,-0.29527447053871986,-0.0666235715674968,-0.1988017703019363,0.0
0.641539274275448,2.2523011480941597,0.4530675073331362,1.3235884158687095,0.3368089753144972,-1.16867691303299,-1.3480495759372844,-1.4402630698366508,-1.6042856889513486,0.529131633852776,0.5628441693393985,1.1029768772528477,-0.8657210538528819,-0.4625932090063065,-0.37117065879953853,1.0214974709120512,-0.2069360024001996,-0.12969906865480962,-0.7061364252810522,1.181372882714177,-0.638628055016566,-0.6323880197516737,-0.5217596904346983,-0.2610510859517935,-0.6035313085383575,-0.7436207201157924,0.3522571139627983,0.22811255343039635,-0.04850415536804562,-0.19226591809213356,0.3057686698729184,0.3755518097218028,-0.6321360138031341,0.08841289107470696,0.5250222829690597,-0.8548117017708792,0.10282280541864748,-0.5312923732493375,0.46328105036083816,0.08231625373236726,0.3659158178305485,0.6781459422862953,-0.17665458748849364,-0.5619600587283906,0.14347002989328425,-0.07550893064975893,-0.080296735767374,-0.07199661132155989,-0.21150282228139172,-0.2221505228940346,-0.04391666310708055,-0.06465946370010324,0.0
0.660080306799788,0.4860024986078078,-0.7301200030753195,-0.7247896410789118,-0.9550336351030062,-3.6752867945128513,-1.0178476066896658,0.6034193593076207,-0.8883985943443885,-0.6312695356908595,-2.583086562042363,3.269706533831037,1.3662056695514597,-1.2362931849179255,-0.2712749794039638,-1.4098692933157695,0.6714294671162738,0.4025194221796698,0.004395538258652955,0.24418094503319587,0.28186475058530847,-1.0143669775520956,-0.9783419894312416,-0.8374571692057058,0.7847276602255326,-0.05889302135388467,0.06575014462016852,-0.3485810005408702,-0.7141001915696457,-0.002897243327005875,0.21299176196417005,0.09947923683034084,-0.14480922457993223,0.005994104286874401,0.07611269930440297,-0.026894596021093196,0.30518740879759426,-0.19433999388616618,-0.3769966966792548,0.3141225378936101,-0.15916387599969523,-0.09327986873255603,0.09907603210149059,0.08966397069244202,-0.07036199331060666,0.01140736831953687,-0.010563273638440777,-0.004860346173505512,-0.05825657683077026,-0.16000623619882134,0.027313174446906285,0.21366995438058614,0.0
0.671034802156788,3.333888484970029,-2.07667677411656,-0.6858595074636455,1.1601183171432956,-0.2541590639727564,-1.7601889842132163,0.617091992763425,0.1337746389186458,-0.5873694780365518,-0.19970830782832436,-0.9903218898089698,-0.8635047388938646,1.2135900970394322,-0.9636123316132372,-0.03347222504298079,-1.0022098547710063,-0.6445027904836476,-0.5532721204788269,0.26918937219336286,-0.8083585301933423,1.1465358727476214,0.7135829219789747,-0.356988535712423,0.545348789126648,0.7743996639832234,-0.10873019568650967,-0.45071844558428037,-0.2178688304317236,-0.6823961949261774,-0.5014178806766377,0.10438561346842148,-0.6540171405661157,0.20926062861218003,0.07052622603283257,0.23097077894146054,0.08496238012138183,-0.008747129322390404,-0.6766142434214539,-0.36126745611197436,0.8629535979514914,0.5559401096724114,-0.1818613144060309,-0.02781689894860034,0.44748479857673396,0.3506112669616228,-0.017163746283692365,-0.3577501474474846,0.3618581726747972,-0.089287348222978,-0.19161351223349304,0.06997973036537801,0.0
0.652061813607275,0.6999666025118476,2.634288291770018,-1.0485300555200618,1.1946012621572781,-1.1681490116602966,0.4713324129125155,0.3799188495473234,-1.921909188495095,0.563158843911901,-0.4659831806245799,-1.0522777721085854,-0.6177059752110678,0.6458574318832127,0.6049545724105407,0.27242919125085535,-1.1877884505620775,0.8626189710038965,-0.7816626931542997,0.13470479690944115,-0.03439699107939273,-0.7628775990009954,-1.039506149609208,-0.4821769761079814,-0.324075853462323,-0.21476325166421578,1.5838472297143846,0.8255013600516249,0.27564314579203153,0.3444058211760088,-0.43486381413154634,0.13478882221883554,0.8990293907423362,-0.42737076437513677,0.13129878852738455,0.3350603706906915,-0.03824363757425019,-0.0646762606796235,-0.7370830532931613,-0.18629809993679147,-0.12079762892268124,-0.026049390405319377,0.7101984169500538,0.2690231170939321,-0.17825236589121665,-0.20348958504948828,-0.5401047281114707,-0.28813537798313954,0.11884930117578123,0.18969778125085884,-0.019980602877775398,-0.20219682845201664,0.0
0.605762503328628,1.0819456236309921,-1.2750958606062852,0.06246442687979157,-0.23654695420943017,-0.7948994768921659,-0.6328782767750287,0.1092386696808087,0.5497067778689826,2.6463078358960077,1.295736611637191,-0.4989975482917908,0.9833894522938217,0.22741204348864222,-1.7076935142915834,-0.6475917486562311,-1.6721738961611945,-0.6521266016837305,-0.7603569374848961,-0.2126030177811557,0.6863548618933734,-0.3629174303624483,-0.6267646113474359,-0.03932596456562575,-1.124223324818901,-0.2513221301496183,-1.1159570946955752,-0.06940926130304845,-0.08481514020632316,0.5167588538579599,0.044347327277401885,0.21176111543637285,-1.16685251971929,-0.9833505765288307,-0.11316381344488384,0.8833224939415183,0.30144466275859505,0.11346372616162849,-0.3023714624821222,0.4455529720403915,0.37178600237261716,0.09981727612899885,-0.38659078748978676,-0.19579702910031238,-0.13496959507909306,-0.1450299085893913,-0.3013385324167912,0.16137222088719674,-0.1813612022791368,0.07662337457092844,-0.10210896988310082,-0.18707310034388205,0.0
0.627191662220336,0.9600520319375908,-0.9157421970553367,-0.049774721701218744,-1.3858446357507095,-1.0071916378847316,-0.5136311573046557,1.7151652036149607,-0.4873728072921713,-0.5069199694306011,1.1916442866870134,0.4835944587569267,0.01420693312511135,0.5828025947266243,-0.20074339396012625,0.6625430349040763,-0.3639832005254255,0.6907412716602612,-0.3885563458482329,-1.1895550036982323,1.07709713709613,0.4468322134624146,0.4864124867033432,-0.05517163531293775,0.433578087454413,-1.011953236119408,-1.0454741868267103,-0.8129164930696633,-0.1341701412095886,-0.4895413942272549,0.4066970439248316,-0.2599941131590453,0.7484070062391367,-0.33431101336721236,-0.01706765171180984,-0.6271878912246787,-0.48481142745842987,0.010525442311823454,0.5342988392761571,0.5904879123416215,0.4190486714885383,0.05770258760367852,0.34184368671208143,0.06109712247713645,-0.08105472419321202,0.011589624713172592,0.1747693010878392,-0.1415201924788471,0.032207179490721057,-0.03452936252571135,-0.08324967854843654,-0.048016753643497126,0.0
0.664350047474656,2.221760866883682,0.8389378739495644,-0.6989406439852092,-1.049546876761568,0.31689187615413345,-0.039519461070071794,0.7060196712027318,0.5991991091908863,0.27624137966013274,0.10064099236530624,0.08460708729476715,-0.6546195061863599,-0.0641744640202247,-0.8637396871554692,0.2680576152391395,-0.5674148997552023,-0.5306103619420832,0.30016897145964944,0.29147573278705885,0.3835764539884323,-0.42784824901595736,-0.1789482867735625,-0.4635223566426017,-1.5019544477307578,0.9511898410102269,0.1713500033846212,-0.20158025064717477,1.2085616465552491,-0.3163288305873378,-0.29439399021994467,0.6264096628208027,0.06621786911530274,0.7445125124935246,0.7709813090658371,-0.03875808959698642,-0.4484804643590774,-0.10570555954190466,-0.5275535379374608,-0.05338633368219937,0.4934138192585196,-0.49913075202488705,0.05490736269263345,0.5209597989701839,0.13840245310054314,0.12237413933662897,0.140281283790013,0.4568587840550497,-0.04842768850998161,0.20318592719957607,0.12180257419130638,-0.20261042300101123,0.0
0.624296212322651,-0.7712718680907148,-0.12115274678914889,-0.13118742831643587,-0.5541563800725083,1.0018670179554794,0.9822069690574509,0.582068742754361,0.5079393306944976,0.3515987828148558,0.777646136812372,-0.2802247759809681,0.34176886671909795,-0.11590363215293488,-0.08787931749119508,-0.13661921621688478,0.8706232575019299,0.5169124873617151,-0.38096351546495355,1.5417846342162487,-0.8058273569867164,-0.40262956522010035,0.17782963963340084,0.8585900706808631,-1.1040908660146662,0.03176649639739818,-0.7206125572252425,0.3991492489751724,-0.17630841681070877,-0.33627134094712957,-0.14663571605968195,-0.06318443688379782,-0.10486720212760771,-0.16412109992601043,0.17192786187140574,0.1702603900481345,0.3279341034191461,0.41433471024869356,0.7256685362126102,0.10330850336068832,-0.6538902731425407,0.16292876363702166,-0.11716674922896761,-0.13882259668339972,0.6938294629178229,0.10470320977863999,-0.04070173507293383,-0.35000357054778625,-0.4068462917325371,0.3737041170572651,0.05444295800097283,0.21060206327483352,0.0
0.654108425543756,-0.8742981561712235,-2.3347410642636457,-1.6498078701675714,-0.3115501815241925,1.6054256561375828,0.16373689039550393,-0.40705660949349387,-1.566871227812319,1.951079810054647,-0.33852625759921945,-0.8822736894299488,-1.2836383924741717,-0.616216176920193,0.7956951248672931,-1.009974101517938,1.228986068392068,-0.09821026548635083,1.8478242423224844,0.5117373786338181,0.8584614450568872,-0.13429143429788,-0.17380415758611611,-0.16914983603683767,0.12731188832400364,-0.8935005531594234,0.4968191283926368,-0.12683077808214308,-0.19003359414942309,0.16316452750225952,0.6306802222606036,0.4347683197193157,-0.3834908429231042,0.03309606988128548,-0.46404433611315626,0.45290907321490853,-0.0748924314931786,-0.28865444265647705,-0.38241806996608796,-0.2082150213727943,-0.4891363437163655,-0.04923132222500383,0.1013992465337322,-0.38712281184250036,0.2214131320013075,0.22903935337017642,0.24855622204561637,-0.10227466726564759,0.4489042394798377,-0.031909055801382855,-0.07919484667077066,0.011003670538028053,0.0
0.620331012869695,1.3737942928526399,-2.3251170890149457,0.05101911981245883,1.3779638571249004,0.8887550572504225,1.7724620019052015,0.27336886902113827,-0.7662422404498341,-0.890127687354948,-0.0037089523603869817,0.6153960617614609,-1.8294916428605705,-0.2945506092208781,-0.13712466857976616,-0.6671925315522581,1.1349245215076,-1.0168438076533808,-0.018248111646797797,0.42016861272453465,0.15728435528999415,0.25109424259263774,0.011098866508150368,0.1402955065962012,-0.5806979382043699,-0.22820523917820273,0.2455211926023509,-0.7407596074045111,-0.344504862231298,0.3099959921883146,-0.23882129660479337,-0.5630931472629105,0.9357516796496574,0.5357463560531645,0.09530123185357871,-0.7134029374384964,0.5048170392549356,0.008234638546536359,-0.11470446763691602,0.33873673294732504,0.5970926777386225,0.12441280876301859,-0.49844578388863986,-0.39234489735139244,-0.2602757754240679,0.1642217682133704,-0.1328986017013788,-0.05128703505214764,0.11808997504088709,0.48664067853908455,-0.014242351255282521,-0.2708455109140592,0.0
0.627360174818459,-0.17552863019710654,2.104882587622642,1.1086115364285434,2.035519476543636,1.6360947621135826,1.4271966813105903,1.2170612721138179,-0.4132488981555745,-1.5121112482785855,0.5757954176471766,0.5387199819078886,-1.413895939415063,-1.1821146574965753,-1.2773277714142974,-1.0963610501499599,-0.20676542188793776,-0.49276826013168246,-0.9689371749551433,0.016186663468424997,0.8654687014541785,-0.4511196334575793,-1.2687931711162956,-0.20024378281111255,-0.34781375387566166,-1.2106484342106478,-0.14988280377136598,-0.04852471274464641,0.22274445981349159,-0.4265374515646007,-0.11908296758403931,-0.23410830302268015,0.17812942894465064,-0.09732833766380432,-0.47042589231356174,0.058478659122215275,-0.06734247374186897,-0.1772492119114137,0.11628409277484708,-0.3499769166443359,0.30754954233859666,0.4303153146748843,0.37784485491893394,0.11049130226340673,0.29973267508247214,0.16627745669031882,-0.0793284398388206,-0.007010775416304304,-0.09012676569059191,0.07172175192628535,-0.005895401830517423,0.09003434645537726,0.0
0.744565360577015,-3.0744412672820105,0.38331922758249387,0.9520401326614188,1.0053108123643608,0.6582128157940536,-0.252879181498766,0.94390158611479,1.7616835598615423,-0.8488763472610307,1.1203330792207933,0.1976060009415967,-0.5726930371009509,-0.25986640482551787,-0.27606583712298377,0.2291043024232535,-0.0975273276954718,1.2591962422108647,-0.2679999968376962,0.04718074546497478,-0.6762287502818746,-0.7748438885804053,-0.3140529022632828,-1.0608151870675995,0.7052842417140346,0.05987761266282066,-0.724547146685372,-0.35349291900003477,-0.032260597975416805,-0.3273882759058216,0.37206105251499466,0.8204193435538895,-0.36733621296503266,0.49219682568271766,-0.4865251621617868,-0.5859626714349606,0.09438531834060972,0.7041362900930164,-0.4602220407430218,-0.05576923984297785,-0.01893925517915585,-0.2850489803159887,0.05264782146884293,-0.14902415870229221,-0.19943214819282684,-0.13396425786762411,-0.16111093945229726,-0.09817956561177547,0.22709332800299625,-0.3165984625253996,-0.05528290029745719,-0.06978018308586849,0.0
0.710700717222153,2.415124841074163,-1.3206124373194292,-0.49560494764140123,1.182337270511162,-1.2706081366942776,0.4509141556403819,-0.2927370944162777,1.0543200798591703,0.6568979327893378,0.49526970411259835,0.07078912909467525,0.12831600235192384,-0.5334472930930886,-0.22744254581193546,1.044796685102945,0.1638651813257351,0.6172788835469795,-0.03153476189954233,0.3651108931460641,0.6911850339649602,-0.5149552030203578,-0.5311701303518184,0.7155959258886063,0.08130841504349447,0.8538953821786145,0.9538270845525519,0.47745129940255615,-0.30767889449547403,-0.17115150544109453,-0.19595709810757836,-0.2743894390103082,-0.3447720932894275,-0.8215351897674542,0.43312854861146083,-0.6344059414148754,0.7000767061982602,0.20777061350615922,-0.01119113452309463,0.23527370382946583,0.15315394932955115,-0.537981958590257,0.24088254502399672,0.4476852712713564,-0.2665177604640146,-0.10369515343989597,-0.1007819978206153,-0.08252270743401428,0.4931506378446578,0.2041344134328254,-0.2776406013380411,0.16324161063939646,0.0
0.721670768193695,2.0135254659005795,-0.838336665424032,2.2081517849716623,0.23748464817829948,0.14672107311709712,-1.3708883044069176,0.06160487037855633,0.6156518631509703,0.4489373728238018,-0.8061030024687263,0.03755289250501553,1.4596675004169797,0.008951361564349732,-0.14818120634091922,0.7865809186328994,-0.494775635476405,-0.0939049136234485,1.118674834890482,-0.29626631031938205,-0.13071196210610495,-0.4504696654173664,1.6024769931135303,0.6695795927171292,-0.8775200017919981,-0.7794689220885123,-0.46038243063530915,1.1290099751861356,-0.1522191154552059,0.44987465706156904,0.4048698222560927,0.3649252928429687,-0.25948095547420424,0.24258373828465962,-0.39781931671313764,0.6004539525577374,0.42208376558969735,0.43746762499247727,-0.05099522180627463,-0.3852142482329037,0.6872655787282493,0.14482303811656033,0.8112603001464542,0.05827254342204962,0.2609756494734383,-0.1675671970801827,-0.3323540288599589,-0.006582114682742862,0.09742453850479017,0.14909715510158456,0.041354431744127465,-0.11123130284473537,0.0
0.740242585998082,1.6838897536463588,0.8834446706804632,-1.8492441599524487,-1.0268628693480526,5.225029731358462e-05,-0.3454276915927413,-1.0835092165643578,1.1600917316021606,-0.44674864069511416,0.8903513109586613,0.5984882720073931,-0.11702804506303058,-0.7083891727262579,0.7903760946161829,1.224997174731099,-0.12894556353977799,2.1144524742212125,-0.3758687726063601,0.5329142183123229,0.3297501602414613,0.7778032222996245,-1.0939164942482713,1.473626904645475,-0.44671988846424177,-0.5757346260633969,-0.6888823974317868,-0.10835956719451839,-0.9325914462579155,-0.005851186936606703,-0.24115756615567915,-0.2212561676617112,-0.44057905168549355,0.9074308224653908,-0.04533682583289672,0.03434393528851047,0.2521289184942382,-0.9586669791710314,0.17554687528439092,-0.3501052606085833,-0.16927953503469312,-0.4201299972498919,0.028821534810894545,-0.09540609793255206,0.02869378820118309,0.43169756061774817,0.4155835701515931,0.10303686668238526,0.05326899380260775,0.03322434132724132,0.03655125259972846,-0.21617252046004992,0.0
0.69221173555025,2.578276818308435,-0.7630518432789661,-1.968303384824727,-0.47261813131552427,-1.0510810958120744,-1.135846573720956,-0.8675758427300627,0.8842766740785252,-2.3928979176569283,1.9723526318173428,0.7881655468807726,-1.5931894580868609,1.0198929487210486,1.2464717535611716,0.5414130962968667,-0.5213941969526538,-1.109800111603491,1.005741339836832,0.3915093096247765,-0.947425277906009,1.2910837247194558,-1.4417051363586766,0.4060394529963382,-0.3662802352643173,-0.4329259491236961,0.35438011502903727,-0.037802204151874755,1.3769358346895664,0.3761459729194765,0.40734431064945725,-0.5975069909740905,-0.13033965300990613,0.21417246643477694,-0.683073943744405,0.4323024306063838,-0.04984081336431872,0.5717533607859484,-0.05976716589982425,0.4121914264177543,0.19875377156526985,0.00813878907574054,-0.06000802111568061,-0.16046195364352095,-0.47123576190093414,-0.22455936132930182,0.1951252517891264,-0.08603134380947813,0.06777705581892429,-0.04883134316445672,-0.09014837282580873,0.03280171279232532,0.0
0.760184540342403,-2.4253117634286316,0.37482743541679425,1.4251406230643455,-0.09017191460482209,-1.139891949067084,-1.8723367873909846,1.3565092207345002,-0.4709196333937473,-1.8960377764097114,1.809942095637663,-1.8933735107111405,0.5427681856345432,0.7138730975780072,-0.9741573559850139,-0.7101884947373232,0.8835347248906166,-0.2105040466392735,0.5004374604044507,0.14926498981685912,1.1050954822585661,-0.5820450800688574,-0.1821760304379924,1.0854182304146909,0.3958906433946587,-0.29491719157039964,0.126297529902756,0.2954974159299342,-0.6375621578838884,-0.1296120221237849,-0.4787752277309811,-0.10567092552984889,-0.08373627610935995,1.012827963949867,-0.06373353660643029,-0.058253201496615496,0.028599428720551413,-0.31624011977110494,-0.5169390087095617,0.5238001619022267,-0.1349815561825737,-0.015998852603133468,-0.2532215773516291,0.06725701147272109,0.3720715753412653,-0.13129397359422618,0.24435641937767472,0.35364550641414116,0.08473228077185858,0.21292168096293176,0.00044216307713296405,0.13515639941188512,0.0
0.695207847224833,2.2395057111208403,0.539431664443486,-2.0334435507247863,0.030282313034549636,0.30145636513797125,1.3401446085928685,1.3951262487699703,0.4872198924107147,-1.5790778933864729,-0.3539069875041782,-0.7147637472284865,-0.41628660531962147,0.0021002115744003873,0.35255089504493337,0.43632617935824314,-0.33212654594047164,0.18929135726926224,-0.7326339935146583,0.5723127894947476,0.5422047048076581,0.19690767218852437,-0.5045487130242959,-0.08834162681016515,0.6765800912785664,0.13941489267355286,-0.9586396136089633,0.9395415924885424,-0.18458299702561567,1.3341293438041544,-0.17196550411749897,-0.05049885363917969,0.44019331689489355,-0.29308265603378303,0.8774669523181056,0.6794752287601827,-0.8240331163212311,0.31991896364662115,-0.06165014035003045,0.009319394112423466,0.019370692505753316,-0.4200036701361988,-0.48548910636610326,-0.6475188309466662,0.0630221115349224,-0.06870078249456663,-0.1985442722647925,-0.1029358639018049,0.40262220949720695,0.016177880251441065,0.11160451161737106,0.06993034749262542,0.0
0.764661275301477,1.7073605726040346,-1.7883616952179224,1.6023400689654321,0.031072939597754454,0.32349390352447815,1.4038503918340857,0.7163762493844942,-0.8978417963928514,-1.1447646795253585,-1.51336628422116,-0.32843865420295937,-0.5218900210373363,0.20723775511865725,0.24153105819385273,1.9372439408156956,-0.6034591338909957,0.06627142711425668,-0.7622602892594803,0.9072844092365628,0.22894707011395918,0.48729310901530026,1.6669382197791631,-0.07679030284196976,-0.8155173033898698,0.615522755732211,-0.06582965935013779,-0.2134165415148213,-0.15537843154787523,0.12195398989634271,0.13496894625657313,0.373715875456947,-0.812977779175702,-0.035817367107268905,-0.28088476301367954,0.030452250207605946,-0.26172756113996365,-0.6493924297317115,-0.7594033771564729,1.0088174026142722,-0.15259249143736436,-0.11732040259455398,-0.14355975254242995,-0.007656524921582492,-0.14118422125509092,0.020512328480982386,0.11354128055945162,-0.16279966274264535,-0.3696975261828477,0.03651084440753556,0.08154009567460267,0.1908206994372174,0.0
0.764467258202021,1.594731773306309,0.9718373590932315,-2.1677435912444762,-1.026286365673463,0.3448918869623146,0.7459124921165959,-0.28844701307833764,0.9597154972062992,-0.4743860488624434,0.9894214769454871,-0.7382526620644815,0.27999813398817563,0.850738251403715,0.5697213139521025,-0.1002300952103176,-0.8527893106621713,1.6288128846205354,0.30671015809323116,0.3616923552838903,-0.09989068023463944,0.3779788331245519,0.14538995351958914,-1.1263457465696478,0.7476314796720152,0.49827044905527607,0.8172615383433489,0.005565165909332174,-0.3274909588424892,-0.5212085903046445,-0.6331593253068873,-0.6596111475793878,0.13176754075309713,-0.6292185565587359,-0.31743390609220995,0.19510592823173253,0.7290981802889516,-0.04259114183130659,-0.33230332355965864,-0.16616538667953934,0.4650679683999592,0.6366274750820274,0.4937311761136946,-0.0261733095352333,0.012708455469551317,-0.024277405066282454,0.4036193484495291,0.48796095273979195,-0.16841710243397226,-0.010301016468396759,0.09011439502923771,0.2027882892355297,0.0
0.707941684652591,1.256577948971904,-1.728742260162156,0.5713704285664399,-1.7347621596716647,0.7977874104355862,2.3974886989549478,0.8502839543640905,0.3117178652475216,0.6996548170354566,-0.5906544276443606,-0.9305212025206481,0.6156376281062317,1.6363707282292073,0.20328453041088002,-0.18715636474013128,-0.014676562730925458,-0.03539565619389672,-0.053164502798897714,0.04988009165519285,0.8196020631845747,-1.0275084078000059,0.24062160636025665,-0.5461295021796284,0.5346861818859736,-0.5283654618360142,-0.009011162960392788,0.9339422593633059,0.446799576507725,0.5618515570209405,0.4862614299710778,-1.0390289177000274,-0.7974188330883843,0.4825804463478175,-0.5099603475072012,-0.9629818221865942,0.13508406559428987,0.1556174088052819,-0.1295361958163945,-0.04928707391327343,-0.18466569700811888,-0.4043632232924551,0.20483946634628686,-0.11895353247662364,0.05699527452957198,0.020457116020530873,-0.0809182330583004,0.33994277615193597,0.11213054339345692,0.13060480879940428,-0.0006355133318889452,-0.1602345726067345,0.0
0.763836284439359,0.535161884057751,-0.14703943542889028,-0.1756794533120144,-0.8224064661178344,2.023480374766998,2.482650613515995,0.4259634558900675,-0.7555792787628024,-1.575485126838489,-0.2663671072003099,1.461235677067427,0.5012993637201396,1.842166681131404,0.33085971141253157,0.6448931408745906,-0.3839364999541769,-0.7901310858208163,0.14873681369194078,-0.3437029281567285,1.6238180281034778,-1.3423756853684747,-0.5423767797545179,0.7840386487663084,-0.1252072145976586,1.0173209303761745,-0.06720797588031335,-0.43222177655402605,-0.43881758233385465,-0.9529624053227254,-0.7939027137466049,0.386336770460911,-0.2715808183163089,-0.9472920387034339,-0.21713419949983,0.2756214063184066,0.12622920281228592,0.07872530375202479,0.2859937512118595,-0.07129362507163972,0.34547834486451545,-0.24001488287306524,0.02243220809252787,-0.178266376093385,0.18627204401490097,-0.1639496563423538,0.018596152903348647,0.19314344493215918,0.0529171603043322,-0.17034141079066561,-0.023496647801476877,0.04176863604590962,0.0
0.838874062991905,-1.0420979086861804,0.14226720142888066,1.238583456452047,-2.5760594872159652,-0.6707972553665248,-1.242118301873595,-0.5415073178920315,-0.5100541144762223,-0.49437355741142586,0.08314243787172178,1.350133651627575,1.088201083031188,-0.7950152346964332,-1.5547753955139485,-0.1335847973948824,-0.8066893123509183,-0.5022006829737489,0.6730655089038673,0.5078236839757131,0.5063514344920317,1.222372783720259,0.8864643794639844,-0.5347919827920639,-0.5533500594888997,-0.23298250207822713,1.0442096416147253,0.6285480496761724,0.013354852583762337,0.007491211292207891,-0.6921066872216847,-0.4183403562699505,0.7174694201376571,0.031082878683663606,0.38434573145179995,0.1182552081427207,-0.3214164347803632,0.17730438693053563,-0.1289774140624357,-0.3208034587216846,-0.09582266213085266,-0.4511424023705379,-0.06145555875375029,-0.5713249979352054,0.576912860582282,-0.03303087562364502,0.17991365502671622,-0.29793438851817466,0.21090427148798857,0.15681052199235815,-0.04974545363775821,0.020889231196534467,0.0
0.798292602718543,-0.7490058063466412,-0.4365886762795689,3.1058339745522137,0.1935250858979026,-0.7798709489553799,-0.5766842119387595,-0.7608350041745605,0.2009662200678086,0.41190565532596946,0.23202625468063268,0.4284103349768963,1.594220625208018,0.47898862367233985,1.0041960370846708,-0.2512995849609145,-0.3049755598105609,-0.2231026572393641,0.652405127101187,0.16046981171804425,1.5286919445408294,0.04629917646190255,-0.7952137571666971,0.0609612742014288,0.2514908020639693,0.6087668497100625,-0.6265949409676987,-0.1431326979848463,-0.1573908979475464,-0.11463750692814036,-0.01633460254459013,-0.9062693056736372,-0.5412825085926534,-0.7406392333962007,0.27450171723822253,-0.8815155343361677,0.4389370976460644,1.039948207149386,-0.4353185728293445,-0.5023435752433482,-0.14752998833517617,0.17371896532517184,-0.49332198732691324,-0.11690195218946677,-0.2617722515248958,0.029126195539684135,0.07272843326520327,-0.23721945973532682,0.081035040079324,-0.020538587692403687,0.06839889364824116,0.0708423041462369,0.0
0.791178427342462,1.388543583037331,1.512502456959093,-1.1477266964932338,-1.5910650233027357,-0.11436982876710278,-0.7557188466475934,-0.5151964160621959,1.2471546471442925,0.39229117224937204,1.2027084039353253,0.4652327565066601,0.060183589791316675,-0.9940684962617062,-0.36957456408526496,0.5256383243174829,-0.8247216827351431,-0.5959149841779773,1.0128270136367223,-1.1586009470385914,-1.4491202658919673,-0.26817254895935466,0.4401997879678133,1.1976605610981101,-0.7425302351771568,-0.5208881072816798,0.28273790878514754,-0.3428387682715343,-0.5482194318904161,-0.21561530261398437,0.4528096473644835,0.4221371115081079,0.15227866456250522,-0.8553106667837199,-0.5228500564655142,-0.5909042980148232,-0.12191462920697624,0.22387221309769625,-0.35218616575059725,0.3141013954771057,-0.29012538103203656,-0.28694936179100733,0.24612938707291668,-0.3132959633022329,0.1941527351565133,0.12034505474568812,0.025538373100092798,0.1617157386309692,-0.1627508832897309,0.2362901230216085,0.08472017498459329,0.06020169232997552,0.0
0.857361536644115,-1.208052569062698,3.09524292436977,0.43575311682869594,-0.4507641647790287,-0.37788416292195526,0.28602524461329926,0.668620021934411,-0.42769596501101326,0.2018352997552134,-0.14559526227810815,0.28366623189905843,-0.681001346333894,1.650114868672385,-0.7208103886415079,-0.03755036441329003,-0.01984031405347059,-1.0977341888302616,0.6343077044807638,-0.21486333422081144,0.42859530098343246,-0.06067140678144542,0.44744884007465907,0.9703161394837578,-0.23788534576241288,-0.5264229806008314,0.46740581734720543,-0.01729576615443725,-0.21093289695692946,-0.6872334345728534,0.221202260875996,-0.7023509531366994,0.4634240024225787,-0.6712360976560574,1.3372240511157785,0.211798756970278,-0.052118667821573456,0.4023919988326836,-0.16843971264239913,0.41133847509244065,-0.3235981099085616,-0.23567648344480618,0.0692280085087639,0.6397212356563299,0.1923458034586988,0.765747047507114,0.38566589352322944,-0.04688176375075377,-0.012937681782406256,-0.23903259932135246,0.13807030603021392,-0.11205880693067731,0.0
0.774348905208236,1.3311365793312893,2.704938827861958,-0.3172050813633593,-0.4920064779403858,-0.09506591496733618,-0.28869927456483385,-0.6446690175148613,-0.8215345929875123,-1.0780315187849407,0.23656090069579824,0.22173721905352137,-0.2914657768270662,-0.011625823120559875,1.0963777985337206,0.27985864144972555,-0.6660163352010001,0.4448869087093236,0.2233886872221692,0.20412125195503472,1.606555396488128,0.3977846895258514,1.151096500342629,0.26216061873939556,-1.1198162253759196,0.27924217074017427,-0.40415009089974574,-0.2025782902899374,0.24639511678790965,-0.13023005157454962,1.3203549298255368,0.07831268525690606,0.24476127215179033,-0.31212317738422973,-0.31087896504325374,0.34415361998942506,-0.23804707771579148,0.39282215141329263,-0.37784097322101473,-0.6600188600856911,-0.47724509978514074,0.2899884931347238,-0.2099896311029281,0.09737497325135168,0.13715787617966924,-0.07121961925214114,-0.22477742329827557,-0.13761375174808435,-0.2305355102643737,-0.13250625540072192,-0.0665296286451046,0.12081458947483137,0.0
0.823582399640292,2.718481689721336,0.12406638858863106,-1.0859336404917133,-0.8170044758974961,1.349754306769406,-0.8609197237057765,-0.017349461210358002,1.812717753903728,-1.0712637609762452,-0.30995604398024357,-1.1280396659963885,1.6116680637748118,-0.0075405547450161075,0.23534761356641473,-1.2091454723442763,0.17910227666023226,0.2856188184341466,-0.41559180459476763,0.5180889325614237,-0.29083563575510396,0.2809778003012259,0.5285329580382946,0.5728894893634523,0.4271595567228693,-0.7036632393833477,-0.030033942144562172,-0.2782477181641026,0.8433266484559413,0.5414277089640595,0.6555916747423288,0.11347424398079972,0.11902486083876307,0.3108770025080288,0.04193294421160101,-0.45728529239118626,0.2034458041049792,0.16761738268210466,0.199995312291615,-0.2923317343077758,0.05473075359982103,-0.4429497718494085,0.5352129794649173,0.8880212499810558,-0.16253817461587156,0.09254988441311118,0.20515610621304983,-0.4577934309785663,0.05491301552448338,-0.2252510663455148,-0.0706252362807082,-0.03304349857831865,0.0
0.799601139707931,1.756470739548107,1.2134212472101742,-1.0106186642876958,-2.4046266624992128,0.7049002457118191,0.42673443809158385,-0.6973744276722086,0.9031852103285363,-1.033213804288348,1.3298438243848039,-0.32845003730232314,0.47083870547044765,0.7771798630386866,1.4038108863103544,-0.8290823460852232,0.5622820429988005,-1.0331181926531658,0.16511742605583057,-0.9706377404837067,-0.32278598442393214,-1.3408389045325333,0.4651225985003109,-1.280224488794524,0.6735897131516468,0.9255706266000445,-0.2822263594607496,0.5928501524084401,0.3685763859255327,0.09387791012727408,0.7657921548790149,0.042918261470073486,0.2729724154207699,-0.17952211841499097,-0.3650248598300953,0.2307407534121573,-0.2289919101333617,-0.5320615193957868,0.47883413548163467,0.48934129193703774,-0.011400574562787192,0.09967985716229655,-0.530266374022489,0.12266970651801344,-0.07988604349994323,-0.011573714401923006,-0.3991752341098949,-0.17658585116657136,-0.2442839422894659,0.27909720090873397,-0.09071189212354502,0.028949993813016127,0.0
0.794817666403332,0.2776488609576648,-1.7661867189555451,3.36542473544868,-1.8077543321602259,0.5928925152557315,1.7852278478644747,-0.43212982978719516,-0.532475943467705,0.23983939124257023,0.33796908756876787,0.849522512504467,0.08572252963475116,1.7416778838301465,-0.0421591439453297,-0.04713956081736374,0.42057176681490754,0.898882131861654,-0.1405840074908164,-1.0542392266192893,-0.5605710376862666,0.6958228304606083,0.8723654752626463,0.4560681390663753,0.03171128571960053,0.12845236917605585,-0.24047299469985609,-0.19614086600149344,-0.7862955432626403,0.42225730985067145,-0.737566029144601,0.3171430835855818,1.1990126523659475,0.5615438600822472,-0.0987608489023664,0.7430329284112291,0.4475446896404478,0.44080373940875434,-0.4981292739849338,-0.08886739991470848,-0.20484066022974498,-0.0016937799490849136,0.27654108097604074,-0.5939634865485511,-0.48366315151553385,0.07893679244424266,-0.19635826307178092,-0.21959451970989297,0.0288548516507474,-0.1390608827786275,0.15513873786887217,-0.012712645523857029,0.0
0.796722006660741,2.428653783237165,-0.8556570716064035,1.2331488100507173,-1.6440489861197456,0.5959449735254398,0.049861207121003864,-0.1869061094508409,0.6991663570581921,-0.5602440877661263,0.07654924811709712,0.7915936071539766,-0.2918997925166328,-0.5212373406899384,-0.011707737322069981,-0.8437251660606533,0.2849350862072175,-0.27494756782031543,-0.4526038726782617,0.1890410244911684,-0.008461440447968495,-0.2946186887631578,-0.4299026055841832,0.03391085510193954,0.25907112253304865,-0.6009801292604257,0.04578643193163675,0.1513319009156391,-0.6365304220431421,0.002892998608901071,0.15966902704309213,-0.3250322870088729,-0.3590309577014242,-0.6549535659581479,-0.1692933892441745,1.0944659091898559,-0.5385098104920947,-0.5302114631065877,-0.7123298812624326,-0.47869444965821795,-0.5753778553487222,0.9831194105821464,-0.15429087804214572,0.24435274202435145,-0.2923064179409231,-0.004450083475457494,0.27872398885406957,0.1643948945255031,0.3929790493245161,-0.05965958522992541,-0.0011293184321976314,-0.0752392958127196,0.0
0.89763871286755,4.339242540888841,0.7023901069393973,3.472381716767568,3.461021335601985,2.0551196900227855,-2.0692652381804315,-1.991342506382278,0.7588953978025159,-1.1737449483869402,-2.052078447763563,-1.2261569760114284,-0.404713188007767,-1.1573471335411856,-0.7169728786937865,-0.5092938170426659,0.5543459567211996,-0.10553069102569686,0.14096460026448332,-0.5104520883258244,1.6103608156661686,0.5225519018040223,-0.05108564530567158,-0.5496887444245505,-0.25481174779076715,0.8637557857036622,0.1705908897493268,-0.36192819718554536,-0.08026952610047892,-0.5207232692722793,0.48636076568090675,0.05958694686145891,-0.04438752726535404,-0.025587947059589448,0.125213187863035,-0.21285464505394636,0.12739271807823904,0.03173490303576782,0.2591390305850131,0.20849265646166687,-0.1963128533892655,-0.016893445644541247,0.07916816391240031,0.17940987190327595,-0.0499292951597814,0.123576159602334,-0.06599346799705928,-0.07944336185120669,-0.14608581865314585,-0.0605914044411197,0.019263987538802554,-0.04788578992997117,0.0
0.863582452082903,0.7104523172210486,2.8046210912882814,-1.2025641849133297,-0.5157389306629026,-0.772787323883822,1.2608005355958765,-0.014915032648704904,-0.6609220664357259,0.6773606196545634,0.40417049931070353,-1.105709192874521,-0.038274386444048826,-0.9428042131744416,-0.06408465485191912,1.4806841761126006,0.4443321917735675,-0.4345655105018733,0.04177673263239446,-0.41678059569102904,-0.6546282390783211,0.3915329424462298,-0.2883212973804653,-0.4342817007950708,-0.20273559067123934,0.9646632786671898,0.05253933612333047,0.24296973636132177,-0.6297012466871869,0.8354005550657893,0.4351399469176558,0.06292249383290234,-0.3771201656708688,0.2704257802069224,0.7205378898048378,0.22475532496406767,1.5766952256335838,-0.3169251485276728,0.3590765282961768,-0.12837949376348368,-0.12366559210690262,-0.17153365583480962,0.014270830226333613,-0.13854768567150982,-0.262705585294547,0.7410610183994872,-0.08910275070261221,-0.017391997963301865,0.1531417832239698,0.014328500713350416,0.029843632712446524,0.1386264238225547,0.0
0.935214770327318,-0.8541871149745421,2.477620038366837,-0.37500422787509136,-0.3547270139627842,-0.06798040003302365,1.6039133314421965,0.4119299349272783,1.0436814852225975,0.12634133001949865,-1.1762803657697918,-0.2934457414577613,-1.3503149844023392,-0.553260945536214,-1.7441651193080994,0.4322209848889508,0.4312417429565217,-1.1005037733600014,0.7434922465606603,-0.6809926306450759,-0.42778678236103146,-0.2066146924102964,-0.4254789438745308,0.22465798529739425,0.41217752390260937,0.5864993593027317,-1.0648382022701879,0.06961342669718769,-0.00845970798535572,0.7953152712073837,-1.1791086459747027,0.9281667307248811,-0.168240102816367,-0.21337206218911395,-0.4743430994364147,-0.28243459985155006,-0.28848964485254575,0.6057860437541795,0.37042185088865737,-0.0031070874684939838,0.2216236760588531,-0.13175191683068305,0.17181299614063186,-0.14058121802267418,0.207183035553592,-0.002582720118838828,0.3790417579141415,-0.2065875970377078,-0.060291048030971704,-0.47408291455160123,-0.06144139466913147,0.06570111029479896,0.0
0.927523453964567,0.038581721130353186,2.4956543037988923,-0.04489259423574595,-1.915603445006966,0.2632993431298813,-0.16836311823108427,-0.921335667561233,-0.6568129821994171,0.33289100090232104,-0.09188344736729917,0.5742868571665608,-0.8943235883174749,-1.0569585621833553,-0.5478918157948627,-0.2937694097060219,0.0905261995018983,-1.476453713264605,0.18033670441054309,0.3522639385412551,-0.9899298140321663,-0.13872941217914936,1.0644887854514071,0.06930988274006052,-0.08327997197288158,1.2410005687402343,-0.2764663312792928,1.0518168323641688,-0.15079976392086183,-0.687538568639848,0.0942166963849499,-0.6371902269981644,-0.16291104002062634,0.26054786763278637,-0.35200661439444786,-0.1669986838012843,-0.4017059531102744,-0.5081427749294147,-0.18064569901627997,-0.5240777636983102,-0.7966462704989254,-0.17484295008342657,-0.3331639296657441,0.08955780376686438,-0.28353961958171897,0.06079737757706651,-0.21717543757808996,0.11747745938927617,0.07605076965247512,-0.261143080113079,-0.21067421786682122,-0.17860594154565979,0.0
0.88551667722249,1.3789941386148494,-0.2512911200115642,3.437691094816713,-0.7360222810261757,1.9818787411116914,1.659044176455513,-2.2186034789216427,-1.2834882407621193,-1.4862153587155797,-1.2019979971538621,-0.16696584807433612,1.5796516107428444,-0.05724243983963097,-1.1452509575816172,-0.6552573401547078,-0.16335571406252833,0.15899877744876878,-0.45305441303828564,1.0485251616511635,-1.0151006119765558,0.2649585231031487,-0.23122128947576176,0.6588796471022269,0.3711064417984807,-1.0483777743454945,0.5378718003002521,-0.3462698996258965,0.6329415919252592,0.37232325342110856,-0.14655809637611375,0.0659413818380601,0.06892774785638288,0.004888523350946307,-0.06896755570481077,-0.07066550060077813,0.47403280318304497,0.10080794132944086,0.3603116132327562,-0.027209952535676273,0.6018095803970732,-0.18415492210549203,-0.30033262142456385,-0.08571893674944721,0.11877512565847982,-0.07476121213857267,-0.09018032441614689,0.07599349886626197,-0.07831495728115002,-0.09707559755697498,-0.06373896842997476,0.0075195979933639434,0.0
0.907293973256347,-1.1242053791630295,-1.1094664837539097,3.0842374598894877,-1.0327022006946225,-1.0959796492591807,-0.9082051875266058,1.1917296672529698,-0.18319287616824592,-0.04167453459789478,0.5826100055718065,-0.14442643209567377,0.8728652159180001,-0.8571824452734077,0.3104955660454952,0.23820728903379518,-0.6427994791671604,0.5424559593584907,0.5636424805178681,0.8885253546012467,-0.6418998100615674,-0.090952366362367,-0.2659497001697891,-0.6989976465990727,-0.15708639646841976,0.36408233904353066,-0.032227729867356315,-0.7932748463830983,-0.06634258074952727,0.5782110239720866,-0.8997417122869317,0.4594094062792716,-0.1121875893417429,0.3503404357607253,0.10521552903829294,0.7226422512605233,-0.8681358960237521,-0.37662303332783426,0.612594267112208,0.09635757572034605,0.29659415594880517,0.22372239145589076,-0.020056196505634567,0.20736832462569543,-0.4327257614597229,0.2606196898817506,-0.24630358988016327,0.4731697617859398,-0.1151750278239633,-0.10617462618345273,0.09301622267081798,-0.0017986674653358635,0.0
0.9121829636365,-1.4752476705824957,0.44344384907652973,0.047653639034735316,-1.8425246056901399,0.22531062353465622,0.8325335319704262,-0.5206504072235213,0.5277868072036076,0.4622637671198503,-0.6457758909561974,-0.17689184455377208,0.2025398310298603,-0.010357432396353764,-0.45825971004467003,-1.5615589098710538,-0.5315256526608529,0.22203290570063178,0.7959288790553033,-0.9984580360731505,0.11807453836179976,0.04454130314607215,-0.26359555949168745,-0.007011012354830661,-0.23826206182900958,-0.6119082074781893,-0.7956707252344271,-0.9827279334409594,0.13299984152712008,-0.43341404614094836,0.33855737453266926,-0.4626341564164765,0.19899270864291152,0.6738953171430964,-0.10685590781328949,0.6227911417681651,0.9103165798865767,-0.4715676583548638,-0.21261306627623253,-0.32894793617501156,0.4598415318754115,-0.3182161930695005,-0.07936960849454314,-0.06930844065151577,-0.12723767638681194,0.33283075592782196,-0.07029636411244945,0.2660745816021042,-0.14238566875811925,0.03780277011228245,-0.21748564222524602,0.13618167407259646,0.0
0.869376201373098,-1.520899608222503,2.9115629422918463,0.8795110418637304,-0.5125627326676515,0.8011613930367824,-0.8580673484781456,1.1626161554663548,-0.32737921302963724,0.4523250747600762,0.5823475553968349,1.2168218721265698,-0.49524409975783423,0.22543227434956578,-0.6084636639482663,0.27659348179492543,0.7947079709631663,-0.3566269494561174,0.8213202359463658,1.4773925193388044,0.41190614161458017,0.9686699468812604,0.025460184500214027,-0.22733475204837741,0.7097078738958839,1.3209107204098531,-0.19913143417854054,-0.47645162744534414,0.6187419970906458,0.9944936700048344,0.18232253503032603,-0.39804543858313146,-0.16146554904360852,0.8922530145565251,-0.12084036757778074,0.14363450564636898,0.5747649639004843,0.25623222174429355,-0.2045309339411311,-0.3687284399780406,0.06452858996808392,-0.29528094591279075,0.002430869001406609,0.4574920011408415,0.23075431633551585,-0.20312922921150905,-0.47008520081200855,0.3338365263597897,-0.13184464581718205,0.06825357174475079,0.023722800249104344,0.09949471811082808,0.0
0.886333287521092,2.875712846316917,-0.7377370153130561,-0.7857110087667064,-0.05398364781659226,1.693827804254548,-1.6760538595870655,1.1013945761343553,1.524763510873317,0.24762393025956442,0.13881400307511307,0.08374406441424784,0.8845037543060132,1.0278337904508448,0.1807401126016935,1.2476487299869714,1.061152927305543,-0.5516726822235062,0.3431120727822182,-0.4938988890873973,-0.2067905614671734,0.09229697866722957,-1.3379703732959976,0.07197918277182323,0.7561710720416195,0.31556410116288447,0.3187506883551466,1.4398973469270728,-0.08602018132565621,-1.0480677432058425,0.13437312388995967,-0.04946639198592096,0.45036897193888675,0.06500666740221515,0.08398626056105798,-0.1747142471350945,-0.17178936744620849,-0.6207230449943956,0.576930211108157,-0.14653137901232866,0.11928825032478654,0.09662795002116539,0.373525935706421,-0.4583912136031677,0.2992094575349436,0.030379587749730968,-0.0739488325120443,0.10875946893046154,-0.3386362536318737,-0.24323977018683524,0.06667807324046832,-0.007590208500416983,0.0
0.90800333178361,3.1929868561309807,2.145879115725336,-0.935570865083712,-0.30611101444817673,0.8648177229600185,-0.5359266301679483,-0.5617026075468075,0.9662320984092835,0.5136066113091661,0.5321253129176766,-0.014596679048830887,0.7357441283984849,-1.5344264292437029,0.7070443397371321,0.974004646559384,1.889390179637375,0.7986910883449322,-0.3738543988940359,-1.7700195886752847,0.952312556128502,0.056170610176993645,1.4522343409093208,-0.2782877077856123,0.5432033551438733,-0.8947279063150693,0.5787140436560537,-0.28950044885430104,0.09198019423056979,-0.12270630801109386,-0.499036889979768,-0.03224978585802191,-0.6813172898161486,0.20327960125795852,0.8560921096414423,0.3510075376961513,-0.27460460485923294,0.1381945702209195,0.17779105365404263,0.5059749323130057,0.3862109379196873,0.01648892514313405,-0.4081165154169949,-0.06730210461651481,-0.13499463238845535,-0.16359424253718083,-0.3330453309640643,0.23650519807924533,0.25550956214143966,-0.12384378859890752,0.12969335306812688,0.004108413875728458,0.0
0.972935207983938,0.6077171685596887,3.3522745997939127,-0.16067288286712933,-0.7832759627366724,-0.8190272362667064,-0.38955226204956317,0.05074302194536507,-1.0981155257123385,0.6153977799157052,-0.15805967340686305,0.8041541547406377,0.18318693077141496,-0.33039081185282554,0.38291525134270143,0.0582276527212423,-0.2853788082724678,-0.34490696058979253,0.6591050503210288,-0.38811862551973714,-0.5613135020816277,-0.281011420477543,0.7954317277391748,-1.580573328781786,0.8520618513583451,0.14598194521584112,0.14302434204344885,-0.4450845691453191,0.16246951330387588,-0.42339693888098984,-0.1311706262493408,-0.3001387266109694,0.6159554141920242,-0.10384286541852521,-0.11052703867258692,-0.0020124818609059078,0.9130253261352189,-0.5594143758447354,-0.21103508458505205,0.8957427570083242,0.2270123808108321,-0.2754718729573355,-0.19239164713452922,-0.15828271966936672,0.4147201969079533,-0.6493293483687994,0.5586915406692634,-0.23913884867472457,0.10434970922748983,0.04296928656683476,-0.005628033510896485,-0.1842306388602421,0.0
0.944855084288193,-1.1807982616972876,1.4848651612566366,-0.06601878796018498,-1.3302775928688562,0.3143552893947969,0.28743957797448344,-0.17351314154285266,-0.7326585080617843,-0.5560068857925551,-0.6591995869989936,0.653489984019306,1.5288826895672347,0.6367629899054723,-0.9675444285221526,0.31854719853742075,-0.17459728260937857,0.9091174357487973,-0.699554761602899,-0.4817924905897581,-0.368116259038807,0.040789063547676134,-0.20784271627359785,0.21333866902170237,-0.9447165044550201,0.6422228926012643,0.5066325510924717,-0.29460231673857873,0.23519912642725488,0.6744290411534529,0.3172603775444641,-0.04945559283135251,-0.2743875177702658,0.21456670864749922,-1.2868830062135839,-0.7763141205929835,-0.052514900500735054,-0.5051510686156394,-0.18238528168351043,0.25023069170853074,-0.15163440365978412,0.800718887353599,0.4309274441709845,0.3773661258629437,-0.10421094691919033,0.10901647525119254,0.13285769977943332,-0.1938799905272926,0.2566264099051772,-0.03847031090382639,0.20616532960759057,-0.03943303703546994,0.0
1.0,0.4468894792602558,1.6621858906630271,2.507340574309627,0.9025360200045615,-0.9855780304322042,-0.46255773905311026,1.3188570026322282,1.4687023782662119,1.5411364194666868,0.8574857248757102,-0.5402023520061497,-0.008343116258704665,-0.24217040952487381,-0.10489526782566147,1.4175148949609515,1.4457529199702535,-0.2851432779905973,0.07978704742883894,-1.1587102773100515,0.2991540846699268,-0.317155172404838,-0.756926955813891,0.07651971125331827,-0.5970803762302413,-0.3853000893979959,0.3550453395897476,-0.5845753823630964,0.7266758571835158,-0.032578978022364743,-0.314017290162027,0.518655981506031,1.0625630354496156,-0.2783272018956203,-0.5930052468638671,0.45129067277329793,0.6510331266198046,-0.1263421422867567,-0.6014624627960857,-0.2809435159368325,-0.4729082681444203,0.541066952444285,-0.2791283706527095,0.07485599472628103,0.23158281528586644,-0.015605880233174926,-0.16894114370752095,-0.10306816108251068,0.042921106162532925,-0.1716070452323782,-0.026958591465403157,0.005043856618491621,0.0
0.951432846822686,2.263655402955828,-1.8741503274665565,0.10528327221130666,-0.23916086510639112,-1.48770430566635,0.20840652452022548,5.097839468367769,1.4428611405734026,0.5364011131127565,-2.543450285697699,0.22221752752161866,0.6686862941139935,-1.0096127353277062,1.075042156533238,-0.3286545142007915,0.28132818954046074,0.042757008093241115,-0.3011738976926312,1.0194698140911878,-0.782147466258826,-0.4021806699436032,0.5052406978087656,0.8316456086307887,-0.1954600151216929,0.34190798758701324,0.3599273692453315,0.10956233599599294,0.65657874174583,-0.6678553833319814,0.05820055017142116,-0.1104234001010411,0.5638387271537832,0.34834754421014813,-0.05821149430547298,0.08527645088463359,-0.057481494966486586,-0.01100040292340069,0.29434465079726807,-0.2573089961369772,0.14248899004222282,0.21685211496807114,-0.31487995002494834,-0.08288934727803741,0.021906110763578044,0.1523869011153714,0.11674161921332851,-0.07783220263807024,0.20748623374160366,0.1017207755592488,-0.009054918787900696,-0.0026762058158967777,0.0
0.994227212011479,1.227746406499235,2.8417338003495503,-0.6091437055947504,-1.034355880502453,0.9763299081373874,1.267180532155305,-0.23196160849808078,-0.8718355283512023,0.02310885361549088,-0.2907488307731523,-1.5408268355645216,0.6832136802877946,-0.7715786316741923,0.22373180312734114,-0.9504579806160692,-0.24196181566858213,-0.44133798192224144,-0.4296287636349281,0.29621215651704197,-1.5485536041997756,-0.7664731525544233,-0.10448830388998799,-0.4355598178947924,0.10961649940248405,-0.8027780085911371,0.09346556067002637,-0.1819221201827709,0.22446601072596337,0.40822821102843954,-0.04171194804155419,-0.8578334304702717,-0.3908913338475423,-0.18812937983631328,0.7517059383580275,-0.727075992842781,-0.5416126214002472,0.7112269720702294,-0.4326897157260066,0.48205421683254596,-0.13331248352832406,0.598151691879241,0.10466821762275119,-0.28344250480346944,0.3690583270542957,0.3121197363926047,-0.2442694520041346,0.33344276357681885,0.15497488410085797,-0.34916761218043796,-0.015883567591394213,0.08634978156067422,0.0
0.947128419673302,0.43403067309425414,3.3507417911450763,0.061452127737713726,-0.030870767638886392,-0.5973457230989732,-0.17056160742806414,0.16240939508086602,-1.5745657585529096,1.0511855723157264,0.05900446639022277,-0.1346131347380589,-0.779527741818603,0.09400203739752028,0.004010415654230634,0.11701855099260172,0.8952011228746006,-0.8399929669961146,-0.6287683498222825,-0.1958560709907878,-0.5180256660467955,-0.016210257529411846,0.4944285660513139,0.3295447848453463,-0.473666905660952,-0.9038471773468891,-1.0074896770795072,-0.28840347061129384,0.9706163871628026,-0.6281377194853518,-0.3747291512636578,0.08932173211207975,-0.11375672346211928,-0.3228541560878661,-0.14022332617726738,-0.4956084156418198,-0.14406300924417786,-0.692441438553142,0.2007289516603068,-0.585863751010313,0.24020102085847211,-0.5237827183866417,0.6439189412261541,-0.1640387149417371,-0.48205464590163943,-0.42139716099284613,-0.2173689323843747,0.029629937136106992,0.335903702545766,0.1772457314472849,0.1291462452974683,0.4211185418724764,0.0
