TOD,PC1,PC2,PC3,PC4,PC5,PC6,PC7,PC8,PC9,PC10,PC11,PC12,PC13,PC14,PC15,PC16,PC17,PC18,PC19,PC20,PC21,PC22,PC23,PC24,PC25,PC26,PC27,PC28,PC29,PC30,PC31,PC32,PC33,PC34
-0.839253719086909,-0.8540828112279324,-0.3302000311225185,-0.20844305738711388,-0.39933382976913373,0.06246712293590854,-0.09937386788066303,-0.061769625296973364,-0.2034139866338687,-0.12138548852203088,-0.013862271776335679,-0.047207993843664794,0.0249903841731082,0.13918474283142235,-0.16067294886763245,-0.18739147838003833,0.16431736836012328,-0.1705709056188036,-0.09391685669744165,-0.023487821974616716,0.04270530478059943,-0.1486316494591868,0.08823800454100546,-0.007858794201350255,0.12654672581792376,0.06095960635842599,-0.09920869766236932,-0.05638823516177377,-0.04647099470707245,-0.08684303627773127,-0.12117541996579188,0.07843918972554045,0.014305553946274953,-0.1124711341789481,0.07450532012755522
-0.629508410326847,-0.9285517908120858,-0.2299435105850594,-0.30435463571634713,-0.23199670449224105,0.2393528034126028,0.10400443716599295,0.12460485618956074,-0.19983091220697513,-0.05840496466390704,0.18044661821557,-0.06512661333071097,0.03380105091654266,0.16075815428299262,-0.1696514506226731,-0.07144738573266202,0.18376413307644923,-0.11059120110217707,-0.12670616014886374,-0.07266377349887315,-0.03920601999538202,-0.06780817422384187,0.10437369379162938,-0.006504485453744374,0.14445777508116772,0.07757784072471527,-0.0763216385995886,0.08175576698268157,-0.05074371805358553,-0.02573635523622421,-0.13932342449426538,0.017022317544112896,0.01755933329949036,-0.06520041132093903,0.02372591842579197
-0.552569765555599,-0.2899733832305156,0.5766213550348711,-0.06914721426278964,-0.5585743902357627,-0.07809670393671696,-0.013070304304350565,0.10889424511140514,-0.06392458489901123,-0.04464973198905183,0.14441781575733859,0.014361840649606326,0.11235821316778437,0.08896902646398958,-0.13964469481366718,0.016311912287290235,0.05641674407804887,-0.08538347265406929,-0.0760482109715003,-0.15073851431014287,-0.08450491547539944,0.04006464396076179,-0.03551285673804699,0.027683952682069315,0.1562539661440715,0.06466065566182415,-0.060602206354749714,0.18723006394886085,0.04740754792215151,0.08503893420929477,-0.04646083891773211,-0.07062217957123401,-0.05890004051603668,-0.015504308790548794,-0.10530057671231274
0.750610688492847,-0.939845726080338,0.07901138603037401,-0.6861717231194293,-0.7219701510099976,-0.0340822479541707,-0.1143930777462553,0.21116428789287142,0.10736804977416847,0.13367011076874039,-0.03715344701953581,0.000963253778127069,0.05433185248103262,0.0381930128960157,0.03507865993983707,0.09906189615245803,0.06304514426109548,-0.0037768847694896945,-0.01736099162767687,-0.06293233610847607,-0.05997459081816462,0.14452712482799612,-0.10920060698027033,-0.030111048643207117,0.14296476104864933,0.03593629738898611,0.014273369328715356,-0.010772757548906362,0.06693457258563223,0.053617022197654844,0.18574649662134493,-0.01565674037849037,-0.020090655210193493,0.07497775708991784,-0.03067456731553019
0.933069430133357,-0.3749139562720387,0.8615167484915123,-0.5253359335987839,-0.3253876259481366,0.2837801885258391,-0.1207804392001043,0.371619732856273,0.15470573557491124,0.225987931311344,0.1562969504684264,-0.0034871450516968526,0.11015197773643648,0.03591559075125127,0.10615936455499829,0.1305880075129963,0.11552647234969189,-0.08464992635780948,-0.010553304947589754,0.005624303810290783,-0.08846605254054611,0.17021016986581286,-0.01893507514599947,0.06399193953496217,-0.027659386417199092,-0.05692232432648202,0.04971021150667891,-0.05951502271050342,0.027029639203441373,-0.08882452051784713,0.17909800326479944,0.013255178622752429,-0.012770970132637753,0.0015330374191604476,0.017268837268351083
0.964985078500852,-0.2135484451712427,0.8471000086062738,-0.6991039484461107,-0.0332733526965513,0.06272090121844179,-0.007787779256427644,0.4595818334906243,0.2207602629359121,0.24578984977745874,0.11473543310496448,-0.002782065752169447,0.06856998658933607,0.11750285636712095,0.057015009968253795,0.07010521643506254,0.02035611097159761,-0.07956307405198672,-0.016614161224251026,0.10716849355566795,0.09517986560463543,0.009646936071642803,0.058313497711042564,-0.03802630855371556,-0.21370495637763295,0.08644638845953433,0.019166410248739562,-0.09409931678012498,-0.010640570068251505,0.04522458328810737,-0.06195153006802235,-0.06429099385772573,-0.04892489986329593,-0.009336736389699032,0.010165225926999494
1.15457215880067,-0.03834609923174253,0.8484413228395159,-0.8389699939014293,-0.10735219580816696,-0.4837993700269322,-0.14027844835963,0.27011209478925163,0.16582879894262767,-0.04338647887278495,-0.13593905916276225,0.0012383346563394813,-0.03734014900082897,0.07726463431900556,-0.05768677036255281,-0.09348800842035006,-0.09277228071283114,0.01819608512067552,0.04221761639949172,0.1534850036733487,0.1861712230458295,-0.11281647804645813,0.03906850375336578,-0.014952103883605395,-0.12555601591176793,0.11260596485274009,0.016213272370832452,-0.1408559634249632,-0.0028113368538832976,0.0595544626241502,-0.14700352236287256,-0.016571668927597642,-0.024783112143042522,0.03130669864803489,0.02402609443030813
1.39767420290358,0.05923136612258606,0.7949794351866305,-0.9483155161074622,0.3133726955216097,-0.3540675354842738,0.018334731741287528,0.273873711531542,0.024102877198209516,-0.19701927651535497,-0.0754385304813729,0.027555889091944327,0.03856369316905466,-0.006858992614754638,-0.09376039844300225,-0.0643331263015807,-0.14739754297185473,0.07688945325713226,0.02802472878601676,0.042829930554701835,0.0669399770014372,-0.05583020976561137,0.019008633349993972,0.04684165749853394,0.0025924377387195395,0.026591600720316477,0.04380286465350762,-0.00027005892690121886,-0.022123102411787082,-0.03381823030752398,-0.1048069707506374,0.06904298450910804,0.06694040395608951,0.04472294087401854,0.011286645112050391
1.46717689965213,0.07944967817189921,0.69071481995489,-0.9163988343440743,0.3505005459446266,-0.2964858229919713,-0.1554728844396367,0.16579316491051582,-0.1631917612396711,-0.3254370603203404,-0.031438974884269374,0.002744977593782867,0.005865898409618518,-0.05743029345670654,-0.09101770758491746,-0.06888190784102016,-0.12989981432205694,0.05863672276406826,0.05356875362261827,-0.05979893112122079,-0.08122059554862189,0.045223636811964195,-0.03845750456052742,0.12923226972850962,0.07047427688184574,-0.11300562218508252,-0.040868520705465844,0.08488324002706954,0.02268875395401748,-0.11312768793510766,0.01993826611346015,0.12510231828800614,0.11442687541764436,-0.0012349060151526856,-0.03303233777037028
1.57934041643112,-0.3261043223339943,-0.3279219533663641,-1.0549714539577122,0.5602132293660038,-0.2362130424579377,-0.04161082228622956,0.20418133747815043,-0.2910584043584151,-0.22570487581473447,-0.04290355297403192,-0.11267844272894799,-0.14378769820617088,-0.0904765331657497,-0.011777452413835035,0.041352818110689506,-0.0320228860466583,0.11084662629776751,-0.08175107808518581,-0.07200375494275225,-0.041018102821618475,0.08150043469951987,0.036508098257054006,-0.027377956544419994,0.10722966236144282,-0.05621866754324578,0.011688108386947463,0.038501683168953645,0.012075727580495663,0.05394859392160424,0.1343995585492912,-0.04923646006368985,0.01650578232738894,-0.05559751081696194,-0.018298981296415193
1.90189828659735,0.36187870600748034,0.16866241473714075,-0.4763099864127321,0.45021974722197056,-0.16591130116362038,-0.20798042518187548,-0.03178542035519378,-0.2960112571558576,-0.06254929493727353,-0.04609114896990781,-0.12177796724869162,-0.1541885353657066,-0.09291801015116487,0.037373689735788404,0.1388714741967123,0.016692013408613125,-0.01763141566913475,-0.11836272864947185,-0.12943500339774153,-0.040595561319395394,0.07043827274644932,0.1214708945842329,-0.011611514319446398,0.06873557696879505,-0.02600000652888321,0.012801206103953867,0.019300945751244716,0.024994050541555256,0.08207606663124793,0.08191998893073205,-0.09459690787825883,-0.13195984193286264,-0.09766548602184943,0.00017949734992414734
1.99736532572493,-0.2670680522361864,-0.5048561429470823,-0.7771007141664976,-0.1609503289848163,-0.11608230480834475,-0.3188996252592968,-0.40593692783587343,-0.3854206835785052,0.06786631723083074,-0.17112227506464073,-0.03246973381354079,-0.24233588266979006,-0.09703648493950223,0.05405954584757072,0.20499429529988858,-0.025300455755237993,-0.11752760712904681,0.02772812690689079,-0.02508112513238417,-0.001799121868591976,0.06523123231111116,0.08818521257300131,-0.07266277458516063,-0.0782280284156399,0.016541763993771073,-0.07355749416380601,-0.11718651048844997,-0.03689901976737483,-0.02056554221436263,0.001981548833336061,-0.024532582657948998,-0.0710094436443165,0.06856705319704179,0.05447748764756359
2.08856392307049,0.2698489323090384,0.2213884702753238,-0.4085672035281709,0.06415516740288334,0.14843762035894595,-0.20140314288919073,-0.34683127738031894,-0.3455550248940351,0.3058248843961891,0.05147134656843833,0.043577938021345325,-0.08572164467283559,-0.03769854934322719,0.02324467333163909,0.1866492077973746,-0.03839781692541009,-0.21049758010844907,0.07648622476652764,0.0006491594606668298,-0.08330569531991722,0.047462520457592104,0.07929566824750933,0.060849101621085186,-0.10018059679132112,0.02524256840025204,-0.028652271643826648,-0.0009927583026352266,-0.030716564450973587,-0.049837093016827316,-0.1257375286203095,0.008676124376811728,0.0017405303895274594,0.10010644641295735,0.01070806580619524
2.10800584058625,0.3172996064770272,0.15397218731387854,-0.3090261979165226,0.26931889423412764,0.02758409063390682,0.03003328133591016,-0.277531704964647,-0.08163631131192792,0.4729664643610921,0.10053202840735513,0.07517656077864569,-0.000493622719530927,0.0845843151317976,-0.02292668033968555,0.13241967815754532,-0.08336801581913471,-0.2062022821808639,0.018387718380651782,0.04874503033609736,-0.0707817481423706,-0.08341827424491531,0.0885991061929009,0.03434975626642615,0.03326907571818342,0.034984982416008344,0.05596291345930241,0.0325100906430635,-0.01328589006106738,0.06219242482847031,-0.046498862672844136,-0.03273593622297866,0.06122558875101292,0.007861272034651352,-0.07556797087043873
2.10959538299129,0.41120818211261817,0.14376692459403623,-0.31633361073552557,-0.051336979049813505,-0.36328637860516944,0.10453578638397203,-0.41201040548312806,0.09175006021492302,0.31175181808050506,0.04260506232622623,0.19221380231305973,0.04984920753308638,0.0423376941259711,-0.06334839911767468,-0.04874852855899025,-0.13021389118909232,-0.172421713793245,0.08053241594805298,0.06584944001595609,-0.06129118254253552,-0.17192067960444213,-0.026344370143968943,0.03763034959198221,0.11490382486869778,-0.07192644239239221,0.030367379599043152,0.04043811510383368,0.009462058181004089,0.029658220414367577,0.06892970800902046,0.0254533357653025,0.0378382474308507,-0.05911246201045004,-0.09194877512280349
2.18307450301212,-0.17777739920432628,-0.5336419032651532,-0.8329281545092194,0.21496961309499896,-0.013971219670982223,0.39241087873499286,-0.1555210383255528,0.07663834573061648,0.33571824901936076,0.24694527637466485,0.271480169857499,0.14923799653360606,-0.030959634344009165,-0.12112855953445578,-0.1320459775151728,-0.04664406209878015,0.03637293494381972,0.12598527932199263,0.008454468812848547,0.043139758522522484,-0.025359388071442165,-0.07028638771682025,-0.021583839422304428,0.06252511294287981,-0.10344384997405236,0.05232516631353591,0.05692057395015484,-0.04209907473644753,0.02406350709297844,0.03624837478669136,0.06370396073653832,-0.02605458536783365,-0.02775189670551059,0.010892465367162887
2.18673876833911,-0.18088372437853356,-0.6050956475246659,-0.8089884179095148,0.07028427622847365,0.06244970098618431,0.02704042368701291,-0.12534139823629342,0.03271012655134993,0.12310785250875286,0.24712190971346504,0.2965095689826878,0.10423311462719717,-0.08857758326390093,-0.04270608975877613,-0.19307828927795748,0.06788888505772127,0.09130638672653288,0.14008527501170337,-0.01746387545240472,0.019182482088631863,0.09817637650588323,-0.1276181342140475,0.04518320303593626,-0.06113030159944816,-0.0688464711651943,0.008782333726579904,0.030340757632673326,-0.01630017665989388,-0.0981821108390369,-0.020236199757391868,-0.018892510794966864,-0.03511427828119834,0.01059613022974833,0.046777399499637176
2.26578497197039,0.46846545709182125,0.008887785284864082,-0.3113509960165336,-0.03508100272435285,0.017466833780800377,-0.19378530339437447,-0.18084621682957572,0.029484376347814655,-0.060147977544445966,0.19730035920523206,0.24303739917259556,-0.029410144491717697,-0.031929421721928246,0.11861337757277411,-0.24811160400754437,0.15643307877011595,0.11057956019558349,0.01782032505452503,-0.08732486928007524,0.08441168744396815,0.0650446981152388,-0.00431563509161874,0.026482439980204196,-0.11952051677632504,0.019939123901569676,0.02190565228969059,0.04050247453471205,0.03427458081324716,-0.12308593489178507,-0.016373996662413785,-0.15273257125364723,-0.047595420651990024,-0.05336914674543165,0.046153613081146974
2.30516343750525,0.5604893380562674,-0.05730152386001245,-0.22382003336848857,-0.17483956517692686,-0.09056654288882889,-0.1566634519629608,-0.17532636922145975,0.08519494365019234,-0.1244103395726244,0.10708560566788577,0.2036313481042865,-0.09390524523602109,-0.03843762259814929,0.15934737347627467,-0.20073416787513335,0.15285002216334534,0.10647384608119587,-0.10631350409335322,-0.13986878070021122,0.12938404992759572,-0.05785912834685582,0.10665657958983839,-0.0772350618261543,-0.06541188512010934,-0.001070754486382698,0.009331528344283482,0.04170174242867434,0.061551570548242174,-0.011415880516890872,0.009782698444643814,-0.12849431908813044,-0.005692506376167688,-0.02518861224807194,0.013669265922209396
2.31073414033149,0.6009426736088143,-0.08013885565511325,-0.2218380366530589,0.05798529411069849,0.013359338309459918,0.06185379696553834,0.03666780001011351,0.15524383703977046,0.024233710385933024,0.08578558385047037,0.12026384012216441,-0.1255465649360219,-0.015241706181250819,0.25401357736638813,0.008991963299545384,0.14953189838499129,0.08124725099934954,-0.23659892643935865,-0.1624432763470601,0.14534860328969645,-0.11371307698704229,0.07854791146009625,-0.1498758280740873,0.03145921303344949,-0.03553446119284653,-0.016163573562743446,0.07386377494187395,0.039510850756121776,0.07343825792018464,-0.018695313284319403,0.03423255190473962,0.04181709982069338,0.04250340261714386,9.410524947016404e-06
2.33206780874885,0.5448237488890889,-0.003114799270906604,-0.24137697877551217,-0.08522998897534437,0.008504039172984538,0.05179564808780384,0.005663441120063469,0.1253903387331287,0.04023354599361568,-0.04776205936382728,0.08210066449192097,-0.0852588314893838,0.0007003253048627249,0.27163780109694047,0.10446128461197003,0.10438721799110513,0.025162573573665192,-0.16508650504822964,-0.13445745516691812,0.06444456484639334,-0.1325491752064938,-0.06896398944210004,-0.03196685634912895,0.10227559696861183,-0.06933139738525104,-0.08064856604238142,-0.006971429745602542,0.02109254596660057,0.016471691665810764,-0.031043926241270187,0.15470306873183956,0.08030447790361785,0.1323708214595986,-0.021020662878052643
2.33281406790127,0.5647976147022256,-0.08906852562827627,-0.16241848406169937,-0.00842422591399524,0.14430433432399284,-0.018102697298018076,0.07573798858930132,0.06775079413469354,-0.015795478455609573,-0.10520108657241087,0.08882017443320654,0.035776243667415504,-0.03470512897485535,0.26855281610811954,0.1568483710104502,0.13535895282084948,0.003149941088418196,-0.07747204718945537,0.0021179627321105967,-0.030772408116020444,-0.08733847699287509,-0.1454529329756912,0.06547635622513909,0.1019795340561909,-0.05243165588313174,-0.08943346273951978,-0.051229150761489796,-0.016218107305220882,0.028662305593306674,-0.07321982136532017,0.10081104463181739,0.04239875553933058,0.038351317221345355,-0.03971134126922974
2.33585780652913,0.5718544939512384,-0.13787571076478963,-0.09480416711479804,-0.002383504409119684,0.10882794880004226,-0.13182401176471692,0.015892708066973314,0.010558545976004257,-0.086670194926328,-0.17512247182708507,0.08267930338524304,0.12150461127100881,-0.08946625521666213,0.1722070614439594,0.08094402723068503,0.18324671540020523,0.0065945325078936926,0.048582644235385046,0.1742530400938649,-0.07362446766269896,-0.06766374109631565,-0.11701603028276825,0.15199356922763965,0.09956283083188956,-0.0021763288399687854,-0.03549464479474242,-0.07596932944240745,-0.05761231128577291,0.07932145628715641,-0.060113275599743665,0.016385758380989966,0.010963180129899152,-0.08238140805461633,-0.010025133938980304
2.33867288492065,0.5586955109536507,-0.1277781520862155,-0.0965320163547734,0.05737902682611968,0.14594029106274442,-0.12374517420643125,-0.02050221576818199,-0.04310886318822666,-0.08770551860926319,-0.18640031191824466,0.05818841169210492,0.16975756206978898,-0.05498980247527643,0.10516512464647239,0.0279138911326379,0.22285488972376075,0.03404900840099384,0.01857252854898338,0.2366485247395177,-0.08439167829836279,-0.02496511573751765,-0.0007059417517714772,0.13879139999072826,0.08029793018281899,0.08406186586082035,0.059179833009296544,-0.07984457587392724,-0.09723390861019866,0.054918048637954985,0.0015742482154369986,-0.07709554995907016,-0.007498254447978429,-0.1289414062488988,0.028534408837641433
2.34020485222729,0.580985379219087,-0.1016228088333036,-0.09391569462959273,-0.05912279263621317,-0.006983199848110144,-0.022243269270300823,-0.10357720209254738,-0.053467934550265855,-0.09429229003358638,-0.23731929770094956,0.05599503524854991,0.26390561730067436,0.019602212605649066,-0.05692833699573202,0.04524422588912296,0.14718485788749472,0.07067889872400572,-0.013758442099785207,0.20422798854549273,-0.011737307499678856,-0.04446446819324462,0.04502057229882622,0.05072068564436399,0.051861250153006765,0.12049795107385529,0.07028528129309593,-0.017500706027805756,-0.030286119067972385,-0.013731585658467826,0.10647779626245636,-0.03846749685565265,-0.04101859437868108,-0.02597008911109734,0.037629040343095915
2.34614583171231,0.6808137335316525,-0.19355038898796162,-0.05845351733433173,0.06749461317615905,-0.01783513202689024,0.1791428982844822,-0.04464394725645751,-0.0289768060525473,0.0005403851120101945,-0.1668591167223329,0.0064047725152527124,0.35467930190276376,0.035817755329093745,-0.20551614248256114,0.11977043715606359,0.022847070120426482,0.1266737622685726,-0.09220351757033053,0.050367594909164905,0.10114893550244013,-0.06958821820353314,0.07823951413734244,-0.042437991038741234,0.014094461068581922,0.1439807321103854,0.05251819503383285,0.07867526858452795,-0.018763597157342098,-0.025564115058306663,0.11150029051897063,-0.004133844541781508,-0.0845154444148579,0.05345488574641187,0.001373113220731927
2.36055933695408,0.5982913564069027,-0.16381775620501832,-0.02585524556549395,-0.03426204138783409,0.0615980623555042,0.08774961910943689,-0.12393259270671841,-0.06591653869456703,0.040609175791586516,-0.14481157940805897,-0.11995950864486149,0.3015019781874177,0.004339785067555017,-0.245114038333467,0.091572556528248,0.038615823616795046,0.16116444177192313,-0.07392095365895605,-0.125386534999384,0.09060355745611964,-0.009134265783080098,0.04687559173088465,0.00934442326721755,-0.010666603072622858,0.05665359253726346,0.03385166295117327,0.017107770437025452,-0.04011887091465994,-0.1020370697392436,0.0016142464960397077,-0.009196403849640336,-0.017561348477998978,0.1288986448227931,-0.027666007077945795
2.37759728821484,0.6098016338859138,-0.21328035365921275,0.020389000660037827,-0.10208987329493764,-0.016112404154178018,0.04497618289176334,-0.07809879628888573,-0.04200339456004351,0.024056517161937744,-0.06373389396964503,-0.2607656752745613,0.1818904513744005,-0.006517613722043053,-0.16642110631103207,0.1038901193899281,0.04351084094915032,0.08637469575432213,-0.03522945737592631,-0.2226013898839691,0.06521474744056203,0.008955468921795119,-0.054849744967325004,0.03903184868606581,-0.06785951281942214,-0.04748306493321447,0.03668348722767292,-0.08274625549028643,-0.005553351361989737,-0.10875184097477761,-0.08354138967970612,-0.043933795994265064,0.022701819269902238,0.0863724319345797,-0.0754598748975552
2.37964604173184,0.6844238013146874,-0.2887643749443297,-0.04226639399909724,-0.09702122037756,0.0685058011076918,-0.028186031781886854,0.03350550170464431,-0.0016031008767606282,0.0632177843580134,0.05465648341632176,-0.3218830338277241,0.10517427086363759,0.004784397795121295,-0.10952456358255898,0.10483127325467498,-0.03444964974452835,-0.02110846053235649,-0.02917540185116726,-0.2231141155540932,0.04000806584964272,-0.027103423047686575,-0.1672230136617451,0.060827784016114356,-0.11991992807457941,-0.060915560202199626,0.03194852711266131,-0.04305735631121337,0.07742042934623738,0.0011806693810283507,-0.06719385030179907,-0.06370783255631626,0.06148515019994349,-0.05027948844218104,-0.013185185108506766
2.49109772687554,0.1097966694050668,-0.9412161735232324,-0.47052882549327385,-0.3454975519549179,-0.06953291174544006,-0.0045053733063297,-0.03878968590774653,0.04189331863411365,0.0056991251394053035,0.009662367361772757,-0.31185075918920896,-0.011162005925030272,0.0016898887200434394,-0.08074561033753552,-0.010789528356227547,-0.07846104455768822,-0.04444068854632781,0.024391832348296807,-0.054302373340912195,0.09463809708486912,-0.07806795674485482,-0.21429090981944351,0.019951311127248423,-0.0885100784795216,-0.04278768554282403,0.05038324071165002,-0.04134358499442105,0.06235454049479766,0.1334836552718576,0.05158386267079645,-0.008726781540760589,0.06545796526701197,-0.05815720209813324,0.08757233170762031
2.50804369880753,0.5818202106855739,-0.20436857210403542,-0.03424469660588191,-0.05585495470895114,-0.008460953053203513,0.00779890874245545,-0.05571427125665921,0.04817376453129972,0.02761789552789197,0.16077876351939713,-0.38927696087976227,-0.1221622687577369,0.09029438435215759,0.011547740027764208,-0.1028226312307447,0.05120440775678765,-0.059519799589475564,-0.00715209837913115,0.04809651366183062,0.02209396958852142,0.016235548265413815,-0.07218703853922141,0.12929163286504972,-0.07157863167371047,-0.07400094070342637,0.14561572423074604,0.07640952612114883,0.022760264492489957,0.11175361465493883,0.00932034613948895,0.06025823873358725,0.010980353839409509,-0.08349911522688913,0.04502364083989286
2.5163481317498,0.5228087790990075,-0.14580133957133654,0.005136615918499091,-0.1379144632992957,-0.10847536828890086,-0.0461264540806426,-0.12394982853265489,-0.022061542837628456,-0.0470762027515511,0.16834075538272703,-0.34172361331836104,-0.17230092479455897,0.08774021487646165,0.025128005368899524,-0.17920345633436022,0.10345106174716698,-0.052783914671152045,0.011548887518879811,0.21697816863456953,0.04735329279242367,0.05492409981540866,0.044153960487835625,0.10019120441075399,-0.042556491531950874,-0.04081010331345421,0.08963266135486989,0.057694339724458824,0.012198226515927023,0.044670649023323114,0.042659954889494214,0.1024663164397601,-0.02650061201126943,0.011537116479009235,-0.005192956270481121
2.51684399395106,0.5865964471811359,-0.2165461649669177,0.027493714807836498,0.010046525825981341,0.03495923932636315,0.07945576054766518,0.07307508555886708,0.028546407187975697,-0.041861745950287535,0.27729209750948125,-0.241741335263285,-0.03658030360497331,0.01990833524460375,0.011483313461424397,-0.09659074114856611,0.015920716831675005,-0.040071290350851496,-0.06501109714419348,0.22329483488855664,0.05149555165783535,0.06276272622231631,0.142600154971139,0.00423801449198155,-0.05766242750332559,0.011147043286136343,-0.1054525089044968,0.11635316456608565,-0.06048906945353535,0.03818725077654383,0.06624899751894098,0.09851801168201135,-0.06510927018442704,0.11045109972421695,0.006132872621851457
2.53536885040444,0.5535789683622797,-0.1537456952205545,0.07836984226897933,-0.3829215935011553,-0.2410073174340913,0.042148356623136055,-0.05773956642830288,0.10562497828120791,-0.1876750139236826,0.1677042785292756,-0.0665946365356597,-0.03432401100683359,-0.1162427120572782,-0.005788876414284101,-0.05844525308454792,-0.08911787884729203,-0.07724350333117362,-0.04913118080047898,0.22356622230417292,-0.02894829213889395,0.03234490989430117,0.07445685073122549,-0.06031790059554518,-0.02223095392104242,-0.041529416554592656,-0.21351737905004733,0.04823845636509014,-0.10478223694175923,-0.046757540370985035,0.06744794079706305,-0.027952875675523372,-0.03564863126633865,0.10101980735679589,-0.03547371365579113
2.53906786085162,0.5746764419182113,-0.21891570516276593,0.11247400194096663,-0.07821974414670556,-0.036458924285788355,0.13267204307379477,0.16350845173526535,0.09672375849254043,-0.09310828827465263,0.2241504982622458,-0.02196459540307188,0.06634237556763581,-0.18001579791171976,-0.014659867187976731,0.0732799568583985,-0.11988525121223045,-0.060903582039109665,-0.08704077613163776,0.12084159036388728,-0.12356940274610756,0.03847644167467427,0.0839383264504962,-0.1348939921299101,0.023539865852498332,-0.0700300537827079,-0.09394686409098238,0.01357439660842576,-0.12386993492984144,-0.035063601807270146,-0.020499980424729343,-0.11429114725159271,0.06821458712898738,0.005695785218479283,-0.03784045950865237
2.5398075029906,0.6020383692448003,-0.2606675310673095,0.11177808321612503,-0.16454851908881227,0.031109978686029105,-0.05459128095322133,0.2281673154173214,0.09953259139695957,-0.06797981735603156,0.14688714028488487,-0.02460402037770444,0.09215588946067564,-0.21167249016801631,-0.03765710253954263,0.09341662481814507,-0.1671586608223707,-0.015248079718472534,-0.018185987899086202,0.06757858403279096,-0.2195777793006726,0.0026468947781700994,0.027896099703791564,-0.18857103317263504,0.023547601096960538,-0.08998837667863777,0.009636629466666415,-0.04912710868051772,-0.07476977302473391,-0.07554897028139769,-0.07630045470640397,-0.04747257217393438,0.06818822522232003,-0.06763057870531246,0.06728204120881674
2.54203405058686,0.6157095402752697,-0.24049995433822627,0.05041449290539861,-0.17261386334357065,0.11913123502119834,-0.1003830021910599,0.24936000353509777,0.13123473895560975,0.012037398466293078,0.06181720269837373,-0.01214546005966939,-0.0540922514817346,-0.0954397719732028,-0.060335424392436644,0.04338562289092394,-0.1478867903707987,0.035645399125961305,0.06983600592154762,-0.034254506243754715,-0.1857464164028484,-0.08737281819965183,0.012828688815080428,-0.19716767488220258,0.07486611620106806,-0.06021782134471902,0.053782524938136685,-0.06037644119578814,0.05022312598803031,-0.039314802911644055,-0.05861275923464911,0.013204264730187095,-0.0539265993639647,-0.07875758871594885,0.07044980353407854
2.55893733673506,0.6104503060519642,-0.26056503787344415,0.08681360256935666,0.007521659284129622,0.13667147848366545,-0.08232131179763061,0.22469529950632344,0.1325397254436169,0.045711011016434225,-0.02879831406412286,-0.039607265866292526,-0.2157923261497125,0.08011928823082992,-0.09634235710463208,-0.07875325219284997,-0.03165641753402305,0.05751708052119495,0.20930841903647948,-0.07055017144580622,-0.13256907157076822,-0.14866435233000386,0.021465011050918213,-0.10029039958048272,0.13835231624893551,0.012343611163558827,0.045184080271214545,-0.05034725921201252,0.09332148939768804,-0.027044037181421617,-0.039817186984564254,-0.005298143230756986,-0.1291259626700375,0.026427736778812695,-0.02754912456073493
2.57877464916503,0.5288524039470296,-0.22831434903487188,0.10652832315978267,0.10611574673742896,0.2460539297290968,-0.15402851712640636,0.16294636775398985,0.07251959793079583,0.057911185838788765,-0.03992617301188071,-0.04972915374158038,-0.24438349192357645,0.1219732321176972,-0.07447150995666642,-0.15092184753860793,0.05277711342432018,0.08705655420809692,0.2156425885212914,-0.019197731096712498,-0.11485365148265136,-0.07238536113056222,-0.03714387755944413,-0.015145865905119878,0.10339664163102791,0.11905318834705748,-0.009893373330943544,-0.044926865923681565,0.06334522661714317,-0.04971345107526812,0.019822071599987667,0.009631198364099168,-0.09939490522881494,0.09772396066434103,-0.06829926281841042
2.58923111297877,0.38077825013822225,-0.08096632681724938,0.0062728923288104185,0.23534937754445173,0.534033489364727,-0.20084728155460063,0.18060442679381447,-0.027443410595602118,0.1289032768172381,-0.0349853363441796,-0.00669411053916544,-0.23747168033776672,0.028755427219510944,-0.056757943340159156,-0.07801067341824225,0.0008349117984155351,0.11197133801937151,0.11601523315255718,0.014340821179890972,-0.05340914666777842,0.03703375065555432,-0.11101038237665806,-0.01702946432880834,-0.015545966832065073,0.226013539643969,-0.05311140578107631,0.06945120070346066,-0.022190235643148013,-0.026002122229173686,0.04085878214771855,0.057981489316113057,0.013587108506161023,0.03160849836383804,-0.02481243009963073
2.59335315627419,0.19773769338306244,0.1536388704232572,-0.028423981704150895,-0.016622795501110742,0.45838695051415546,-0.11333852822606337,-0.045951355387126275,-0.11587398602785455,0.060873174036513454,-0.1679538911374903,0.07347734370316117,-0.22525502423005075,-0.04938468433767009,-0.1174995165494928,-0.06590659505325337,-0.0461087358049971,0.05421887665969077,-0.025738794285762635,0.07875216297105621,0.057922585687606463,0.08360403645577676,-0.1847934999559034,-0.09542392602729588,-0.060919593168567696,0.15063689946066602,-0.11280253471112264,0.07986166971737513,-0.058180381997828136,-0.042720306628825526,0.05289968126896266,0.031435243436683726,0.12779932345065018,-0.054844424468710656,-0.016073029633479178
2.5973305284851,0.13378267407664216,0.23539333660598522,0.019902169891750515,-0.06864772007653416,0.1393191863501407,0.11249417664939597,-0.20674700826252476,0.032787817684561606,0.10027015768492911,-0.23194431697872794,0.016749227435119047,-0.20712772853466363,0.031429740997036965,-0.12191701244328318,-0.09300430212101012,-0.044361791768578816,-0.02911369080082047,-0.1515076336357236,0.11951239619165469,0.09589201492389211,0.11986301374635454,-0.09547033761114544,-0.140479904109155,0.0466111186126171,0.0177734482286227,-0.04515289330414371,-0.06910944331055797,0.05985010583353785,-0.06488204315402692,-0.0016584255477635561,-0.04145188447387141,0.12366118389353829,-0.07582043110149683,0.037464965254652226
2.64752048685691,0.13389202716463874,0.17289584799211352,0.06682384579143208,0.4233358406724781,0.21097462578680157,0.4311767435590482,-0.030610333645578847,0.17529853953842983,0.18885852542328918,-0.12257114136973726,-0.0548718538803898,-0.04080892114214612,0.06851103578449955,-0.04101743437449072,-0.08408406652251275,-0.04189161553123823,-0.07396772855109188,-0.27371609916603445,0.06827683935576773,0.014775149108410528,0.2286933091073584,-0.0014429273188874096,-0.07951131240619273,0.09699176663113837,0.027288182154494568,0.0001475042126448086,-0.08696254710607694,0.1190730518604907,0.02600041492044974,-0.0476032961163135,-0.06770553129744257,0.03313655713557414,-0.017509177793393258,0.05354525158575817
2.65774839944431,0.10084206466744475,0.28851983501763956,0.0277501741618853,-0.09007350156856746,-0.21544785401158809,0.369603659321487,-0.2869563501610741,0.14774711985233135,-0.03732446725976938,-0.2953771755880875,-0.03687312174513027,0.01778964524537531,-0.03944181842637281,0.021502867631379416,-0.21145596775234632,-0.05983513538569179,-0.09614451727883498,-0.0845662368470415,-0.005597256773913571,-0.12443069585632341,0.2151059650537006,-0.04395742033794679,0.061752543354168486,0.0847236188902998,0.008511866080483209,-0.0539241809906464,-0.08570151365197073,0.1457970530713768,-0.029090338258423776,-0.02340399798447018,-0.005334818312557887,-0.057570498625286626,0.07490052368382569,0.06044459525617321
2.66902438214515,0.09865561166732337,0.1393347373017969,0.08549518792476789,0.1862558264230497,0.03605137171778557,0.1967735431208301,-0.14326763078600233,0.13650471292751004,-0.10255660673383649,-0.07059111349882317,-0.056949730284604184,0.17877437610841207,-0.10368828661223571,0.13035186761498113,-0.16942805973997455,-0.032300409585447526,-0.044420490365940944,0.03296521204982818,-0.1224813419420037,-0.1896968032639494,0.22203707099922176,0.0012627112313534688,0.11597229084399335,-0.018037765742776664,0.09000544243196533,-0.06676910774874986,0.014724407160071885,0.056297431979647275,0.06229253194980287,-0.12829056834980307,0.05964509901120428,-0.09538246148546228,0.009358047478802567,-0.03202019737019402
2.6712265052914,-0.41180864406090895,-0.7201598243649403,-0.18678206148478266,0.06721798644843548,0.052032319110535026,0.0236603243530389,-0.08599866273877783,0.17469390644510416,-0.15723023064373665,-0.06328902261942596,-0.032711482143991354,0.2335837988789678,-0.09301223668958958,0.19724947709680493,-0.10894928934033465,-0.1495310109416628,-0.021621815747954104,0.10123913734708923,-0.14576095268684075,-0.04142011357809666,0.12714577915864517,0.11330993640668531,-0.0591051925905838,-0.06354711669572212,0.1513945564494787,-0.018305021631782943,-0.04082981631230856,-0.05122933717566756,0.12028674314923522,-0.04148414103335992,0.08241416021202981,0.009927209754403423,-0.06152085777705838,-0.06633487401206513
2.67141187871117,-0.5051631096579228,-0.6725244557651423,-0.1927471784885361,-0.06835203794430662,0.2214036424280014,-0.2500708455052127,-0.10323487028707068,0.2160990929726292,-0.07746090651471631,-0.09034254989946397,-0.05916316038457569,0.18646493747336002,0.050309039098123474,0.19031503199606994,-0.07591538218498323,-0.24419200713861444,-0.02088553788359057,0.0722593644729603,-0.12981424878015602,0.04233140450851774,0.023924404342645506,0.13123688683990722,-0.06362420827257387,-0.06553637153413353,0.09668037570639705,0.020087160956248375,-0.0201998888890459,-0.09329842503047439,-0.003253966536933308,0.06239319423154411,0.0730297798129195,0.056715195939142045,-0.05395004328155244,-0.05243102993222455
2.67758259571282,-0.09210196479858068,0.24089164316533265,0.07196292335644924,0.02137918636142969,0.3985442476726951,-0.28070730607223127,-0.15089113839175705,0.22060664891642018,-0.07706788515279336,-0.0967752331728445,-0.072855011928597,0.09703999562894386,0.27923807961971736,0.17627719490151683,-0.01672729154249067,-0.22212919720562327,-0.09534818960378644,-0.03978760367726368,-0.110052598966665,0.01503206586888788,-0.0510775246955608,0.11372469505463856,0.06347002524107423,-0.016193412724282454,-0.027687341299565092,0.03639706817818396,0.03982783685151347,-0.05079412665052723,-0.1379459613824574,0.09254109453415571,-0.016142473416338163,0.01842268864687687,-0.012343117727240699,0.0178204573584633
2.68219852222396,-0.11710321946006559,0.29811654041790764,0.09504864717069474,0.12072574829725413,0.30557818436386475,-0.042580968210166874,-0.1688473991869727,0.10194869087859235,-0.17276129473426746,-0.10428282990195613,-0.026829230282737225,-0.07478395093068613,0.42643120873862633,0.13105565188736149,0.010960212527145673,-0.1306726586574106,-0.06287659557524995,-0.00014906183903777982,0.002744262932490828,-0.05083569546301243,-0.0877644877155517,0.029497310869261228,0.07421414325924651,0.025722844700568095,-0.13560553185420612,0.018547833517119725,0.047029162280912085,-0.04196989997630203,-0.035277100406237286,-0.0018263751653276599,-0.13132456755963837,-0.029393514355992755,0.03993281001406696,0.04935637463678224
2.68246651004765,-0.6871423689693398,-0.3910205479807353,-0.2694423940863416,0.21340656870410793,0.25992659496347104,0.24336586125105772,-0.04047069288319121,0.012462483153806122,-0.25307244742853247,-0.09538303804923437,0.05177549764058415,-0.030160866210474518,0.3674025569827541,0.008241777279431714,0.07398449483964717,-0.10581371037454726,0.06203894594938384,0.05940122735292922,0.08778013050755369,-0.02941981737429993,-0.09418152121058904,-0.08274491976492662,-0.04357658420731374,0.002203438300418964,-0.09289832576070721,-0.016333319172479818,0.06816092015307668,-0.02789252967015545,0.14825928999027035,-0.04567693611616753,-0.12186912784210681,-0.049198357538810356,0.07754593811944627,0.014344852605625603
2.70476229064367,-0.15673317118233046,0.4625432980909918,-0.023269665966419804,-0.11835361329143719,0.19653114294204194,0.0845192645103619,-0.22273757351765017,-0.046576676559009704,-0.36690827945522336,-0.01749153247005118,0.12722691617365667,0.055268371703426425,0.17324843635250856,-0.05379543762014355,0.13475547216395659,-0.041174981365586505,0.06361622181478875,0.02168563389596268,0.09154315534869079,-0.058490438245080816,0.004814534775657627,-0.19334724685410196,-0.08617522976218439,-0.13290543374767363,-0.13228282599051353,-0.0438455459252129,0.09090132270059777,0.01656129960671031,0.050601585612651455,-0.030318566396265022,0.010923127440682861,-0.031572773554175315,0.01710959887004863,0.02295815250698866
2.70734302644648,-0.08553063824559731,0.3938084403613971,-0.0018102430714583481,-0.10023945587218373,0.2431280285737722,0.14696099448903685,-0.23703566081570518,-0.1022522137108618,-0.2579722403155004,0.1588804405173897,0.09850319951472447,0.04881944451638533,0.10132132590172904,-0.028573494305133423,0.1967988847947436,0.05194324409145829,0.12770100050875016,0.030608191485063604,0.08339107041766346,-0.04431862545826183,0.07349983090341071,-0.06855009269055136,-0.10500150254110872,-0.11557800299123297,-0.05961948059362332,0.026209041240112908,-0.007434846356287526,0.0597273483063645,-0.024015060616840292,0.011794284871179166,0.09416598466094284,0.03213993340942515,-0.055425310197393836,-0.0204674592855387
2.71476581851356,-0.03985554446179209,0.26927673031024674,0.176274332418705,0.012408898627710219,0.12778571997742563,0.24111921963368194,-0.17139411450112282,-0.0789059425584227,-0.11598143957708253,0.24005627121927428,0.045512161291137866,-0.04210272978063576,0.13865773557936178,-0.01957844328362014,0.1742019241787733,0.08566593620240154,0.15199358873073046,0.07936929707662421,0.016596748591297495,0.014306494032082959,0.08937186021390302,0.1103806203281721,-0.08427854058096178,-0.07633957134660135,0.05130322138240051,0.06246805643011012,-0.12697501505441783,0.07077882145983505,-0.023405957916757425,0.008185157914820758,0.08354372809623073,0.048993941337118374,-0.0940076956111935,-0.09872804800248698
2.72099282937656,0.04592353465459026,0.21962008810472922,0.28321457713790343,-0.265326034159136,-0.3270949723275787,0.29745402914105223,-0.2096117623326843,-0.02995963501031815,-0.17777933214911013,0.11939831620327185,0.03970132410927206,-0.19647714742825537,0.12943255794850672,-0.0008523775439523838,0.09999497625552545,0.043254790444274424,0.0881678329488494,0.15058151349893845,-0.036595733181260005,-0.000643081109351821,0.0242447801690766,0.11011612280950321,-0.02098708307996144,-0.0040302433133250146,0.06717318374362623,-0.000910280274621922,-0.18730667988597027,0.05143294113742064,0.012560803124450862,0.03819450290193259,0.017760386049798203,0.017026517590585318,-0.04839757224068599,-0.10199253586470843
2.77982401489326,0.13104504510077805,0.13971795828079067,0.2621905868094772,-0.06933746924408492,-0.1525348219697269,0.43973359213755014,-0.013122829980391111,-0.018119694486048252,-0.07869722170473914,0.199005665504155,0.03467615275217994,-0.16536909067769157,0.035017766189696604,0.014801310006804066,0.15695477524155976,-0.00451525434716013,0.08652277409473487,0.08897577607011922,-0.1063179694102311,0.012917897996628989,-0.0014706267767798957,0.09239036062968996,0.07231577348671084,0.04867272557664078,0.13069273297354414,-0.028692326129169457,-0.06994514839930212,-0.05073684641760309,0.05217098241294965,0.026300818094716648,0.011797921466506977,-0.004756871734146912,-0.019063387760728308,0.038403410756381026
2.77986657492998,0.14398817922704618,0.033755414721019804,0.37623321569400286,-0.11816660276780244,-0.14575071070331905,0.3065418722209423,0.043772150909788074,0.034393774066459215,-0.06417854426357236,0.1334134120149028,0.10549715416011647,-0.13501623273303548,-0.03428826954827964,0.026707070422000295,0.16396510475301465,-0.11244406514605972,-0.0021756765045232358,0.10122221588001662,-0.1311655285648524,0.04789920440993226,-0.02738267508901778,-0.007696246081441856,0.21227675843710675,0.047597862914082224,0.16336630079887757,-0.008075686907909765,0.030762820143239743,-0.05849772813786629,0.014535283787138822,0.016277184857574206,-0.002866014600606173,0.03472575326180793,0.01689531262188941,0.18903746112416284
2.78060947421184,0.20588481659574848,-0.1822443286776368,0.5353822028969615,-0.08558776080931554,-0.1020321852964434,0.03067700050924426,0.185261382241664,0.10733345197020878,-0.09632419255898711,0.08394172629746761,0.12385509695536055,-0.13830840142880158,-0.08459059374710372,0.021149512630667805,0.16983960708787532,-0.11465935969725354,-0.09807328320337573,0.06987493513449411,-0.058474520604996895,0.09319054326792385,0.083718707784353,-0.045622874368500155,0.23466582372331807,0.05929448713346457,0.08969664683515322,0.04426229891052774,0.08330892065782325,-0.004313560660280132,-0.05615350078356429,-0.01311173565147755,-0.06771450281835459,0.06293984344834185,-0.00332929551831717,0.10614467774648899
2.78491893983045,-0.3471112296942426,-0.9149631756369343,0.1701410076761986,-0.18610349532808193,-0.11279008022784734,0.05453599576371622,0.17352804187443213,0.056283284884976435,-0.11977543591375134,-0.06606646033248463,0.16963671296699379,-0.1292425754195071,-0.08508012728692534,0.02735948237457818,0.09720527773029275,-0.09470522671133279,-0.09121126564061481,0.033573764996777805,0.10386267939197685,0.19029175272309395,0.08121843403461634,-0.013052235745903995,0.10500963448689239,0.08298533643854032,-0.013679326254606942,0.06435323772525449,0.020590564137261333,0.04072618746985305,-0.08019058164080609,-0.018189482351733587,-0.1013330222398855,0.02623385506785715,0.025341265271684885,-0.080199866875601
2.80303027673118,-0.3908517205373022,-0.9256406799130688,0.18809788330124283,0.018865807429025695,0.11781700982307304,0.032100156118379894,0.23298639619781988,-0.008799378725751398,-0.07146168490338417,-0.09022368634131646,0.1140455494580139,-0.08427635203964078,-0.012465585679528744,-0.016598484201305292,0.05995486732160334,-0.025634084755159024,-0.06349522535869356,-0.020229139445295145,0.15390115776833138,0.205882361768691,0.09112514848207906,0.06432606875141139,0.07862779743886066,0.037840971522531706,-0.07386175127618701,0.09118169720746028,0.026058514704173714,0.07154813859013846,-0.08088560555037862,-0.059316769067131445,-0.015797566022076836,-0.004363024748811393,0.008807755236357545,-0.18039433212898415
2.80691158427679,0.13183600807757223,-0.12868849026077475,0.4722377684406733,0.07297711806596456,0.2829454202053932,-0.1383868133687155,0.2201513154193686,-0.05637430914620599,0.024517800756612702,-0.1065287351421183,0.13190590587498552,0.012067326335950604,-0.008540487402290546,-0.08368721639555278,0.07402100998790838,-0.07788913991642285,-0.0878076362375716,-0.05229945819490557,0.043761916766258124,0.12130565930595102,0.06011561870959354,0.13476417895943243,0.08614362055597903,-0.03967500086018247,-0.08371061309210044,0.050339860321349114,0.05437478057737508,0.12868437626678986,-0.026046083713788977,-0.038809058129194725,0.12491161426993967,-0.04486812546454218,-0.06105759244028686,-0.04589064932711035
2.80843505445744,0.1473569002426437,-0.009315679006257812,0.3582408966848906,-0.1720722261636579,0.18190238063208566,-0.05560998495562701,0.11540550447176032,-0.061760697201716674,0.026396267556019058,-0.1910045499445781,0.23971159517261878,0.0014268910554668807,-0.08716672123665056,-0.16060611627085786,-0.001606250123567722,-0.0965341148592578,-0.07012302813049479,-0.03589260378323172,-0.03261847360669724,0.08585766348706958,-0.04127616493803712,0.16478435020985122,0.034373347529068905,-0.05636537671713447,-0.13499931060427198,-0.05941663419273702,-0.009683230579629842,0.10707527984146396,0.09008231940595204,0.04428629962808196,0.1406512395059155,-0.08191730345585989,-0.04407960417805757,0.08168124262953376
2.81266820236444,0.13709647651298812,0.028095802906703184,0.35084081171204146,-0.1622478517424325,0.1232089871024066,0.0395597976227288,0.13529876427392482,-0.06924496918943981,0.020557603814608347,-0.1620756892714981,0.2136149931003554,0.012804493114890335,-0.0930495590572407,-0.14932919505055503,-0.10195653901414342,-0.00348684536256455,-0.009435092460983674,0.02802420754583381,-0.069009129868797,0.00013385932052171372,-0.048575646975200275,0.13031042990485078,0.03261882493616345,-0.07241589029387796,-0.19096452399925568,-0.05534662532440977,-0.07148881759136526,0.03896480559866727,0.14213488896584062,0.07344100743441603,0.012948353361970442,-0.0448395778752308,0.017589490760324702,0.047544963410004505
2.822196534187,0.06969658264933686,0.07094242474782533,0.3319957308288097,0.04273200650923849,0.21183594291013907,0.0990746077774274,0.23660412284319887,-0.13777167182776665,0.040394984574303704,-0.09167401743928623,0.11918946234035377,0.0011676708599157421,-0.047750290229910314,-0.10250489376637151,-0.11309455115738044,0.08110287530149904,-0.01085489516579793,0.044029287683660184,-0.10912903752079729,-0.06932533486131222,0.010973361285976427,0.05932549158060487,0.04678584582274111,-0.1439138340371022,-0.1474356722236495,-0.01221912251505135,-0.07435005231290012,-0.06348632491193877,0.13053679597659104,0.04834678818933641,-0.06684118835710705,0.05969343789338017,0.044590000497845325,0.004681584698786668
2.8475523363971,0.055813954407133264,0.11147200995643354,0.34734144466374883,-0.1415597578480323,-0.032041334155071106,0.09834021561040472,0.17485106205404904,-0.1848956216910565,-0.023819273619057117,-0.2139239597229473,0.07992795479801881,-0.042871727608463576,-0.020721212872546604,-0.04991911535182192,-0.18698536423585527,0.11855185102382444,-0.09249727633258287,0.10358967742280742,-0.1149106993083739,-0.08776170968905601,0.013403360068179458,-0.017865826704121634,0.04782685631272091,-0.14110088639632398,-0.050813012536696144,-0.03497588548215855,-0.047236236228323146,-0.14298329680928984,0.03274813101170578,0.0448370187957478,-0.05802053626040899,0.11106069350707738,0.05246999908762606,-0.04101832129149918
2.85336304145109,0.11935644215197257,0.022539656906510972,0.420319599379635,0.16712052745496692,-0.2550474337782303,0.2815630549753657,0.29752669364210294,-0.1344920093551917,0.11098411532772287,-0.18623699608814084,0.01296065505592552,-0.04602866261252094,0.1134481052404819,0.053728235434754065,-0.07486075797448775,0.10993435589102198,-0.1578005069400187,0.01324655510825244,-0.08695511806059125,-0.03708046343553915,-0.009771547775192022,-0.04227904256049094,-0.07880582451991465,-0.10871671957916612,0.04130434280391835,0.013440601560250197,0.07324141421907378,-0.14345601124035212,0.03096471738895439,0.04930366435767064,-0.003058868856017444,0.06548884047201692,-0.03817865734499009,-0.10864782559578563
2.89250602650154,0.13390580037073394,0.026145388700287805,0.43476453803371967,-0.05148508178693905,-0.5823303528343884,0.21322083346474624,0.12119170751754324,-0.10379656346070835,0.054905880966591776,-0.22600588411634467,0.016872551221712117,-0.02497625978019764,0.1522422312716961,0.11380171024127352,-0.04459592141955391,0.05498711665139025,-0.15189186070972496,0.031827542898611776,-0.05368533874570946,-2.8372399768450445e-05,-0.03167416310335054,-0.08990887646499712,-0.1506987856649789,-0.08410827567316898,0.012913748336686981,0.042350742072328064,0.0998199475614935,-0.07369132458493376,-0.1153656704210199,0.04829717755294543,0.03734874989828742,-0.037040319621530024,-0.06969683911682355,-0.024853058977237198
2.91396501194177,0.07323754544944229,-0.018792460574364647,0.4820568255417876,0.23201244172567695,-0.37430930445493615,0.13089169446841784,0.18336804388258346,-0.10930784368282268,0.14623067527892641,-0.09852080504888795,-0.01794570403869278,0.08155692845181114,0.15574689267457145,0.1558345956761525,0.07334836088413392,0.07334088634337917,-0.0571069054898042,0.07223038838013397,-0.032522047202095054,-0.0023631811897003602,0.06466269393537022,-0.04518216178403987,-0.14421756624699292,-0.04072457952049789,-0.016583191776099435,0.02401417641970711,0.12837582340224304,-0.001312982724344122,-0.12257670427313194,-0.02404799818925207,0.0270953120041779,-0.12092342005615002,-0.06410711393947699,0.11939321461061361
2.91854539249795,-0.5564575358761904,-0.8388003935148497,0.2877002789334287,0.12916764539385972,-0.3950531314340368,-0.13314351999427515,0.16232798263090042,-0.1703297586840769,0.08842995610649497,-0.015196696188004122,-0.02994577528873128,0.1600106476258085,0.09957633852237871,0.14098137566363314,0.09914835598163602,0.08601702755472038,0.01826799264764067,0.1589761411065678,0.09230180879468682,0.009258533622195005,0.09262895727223548,-0.09502528960625241,-0.11867349216289384,-0.005734348676430964,-0.054460037583121616,-0.061233340144509325,-0.030038280615444123,0.10084477612496305,-0.037889295309534866,-0.05402174612362966,0.05771981917185432,-0.023981618666933532,0.05992094937090312,0.08696906631888092
2.92093387757412,-0.029586811820778696,-0.1454897426185993,0.706969425032125,0.23270947156342642,-0.2436399188009343,-0.35320049332640974,0.08128748630020846,-0.21760389639077551,0.06296528896755353,0.17686124562877104,0.002376841042172958,0.20248535196934375,0.1509190052258455,0.07556414743834097,-0.03900782560063721,0.04893002341487638,0.011944541734873165,0.03662640313698606,0.05333520960137063,0.01220493174178981,0.03894832796628593,-0.0040856484481081035,-0.0020879610966426563,0.002767565544892868,-0.013476292233073794,-0.11452484598443553,-0.020788980531067126,0.14844311067638713,0.042110457044598794,-0.0446182776613394,-0.04351857886784299,0.06848652817927811,0.042025180950900194,-0.00800822621325837
2.92289948616032,-0.08027679042682506,-0.07975733871195995,0.6820626549106534,0.1963768373125301,-0.14930046103833447,-0.39436518764578954,0.05022125967085015,-0.18101546070184038,0.09132125255131085,0.23724642686830788,0.04422539993971251,0.1795568623431381,0.13735559158378804,-0.005715161792262292,-0.09661490654757536,-0.04460138935075946,0.09087776783038212,-0.01571749193741338,0.06201365186623135,0.004069647300461797,0.03871958392856179,0.005530412972964577,0.01789112641872179,0.02947743262279878,0.05662426763493269,-0.10286541968772364,-0.027226861380199963,0.10814278232944416,0.11595810487522575,0.012720401901385027,-0.0746182241831614,0.13234085540398507,0.036047125700630483,-0.015203767848152496
2.9245341812826,-0.1348087989150717,0.0700095159095813,0.6277261127767279,-0.040708161974653094,-0.4035685312464152,-0.34815666719403204,-0.12923101480416344,-0.01969793650439737,0.11823901785726068,0.0556511201206458,0.08389786515647082,0.06431620715732321,0.1537972641578455,-0.045218603860181956,-0.09429286929919478,-0.19803729272015727,0.1335895286182647,-0.09294321963784243,0.015474581474744113,-0.005086221890097284,-0.036250640297183626,-0.03747424873801882,-0.032059873563871626,0.10422461877822686,0.06305671461631866,0.005269123062239843,-0.08306038487422811,-0.010014044475460488,0.038782376750063866,0.09082312284179718,0.017284096141248723,0.06643658810067558,0.019782396320733333,0.039364733982333325
2.95012505119653,-0.21075961036714047,0.11719590849282134,0.6051504539967217,0.1684870135153868,-0.20334983025553963,-0.1848696735691602,-0.005633824387208035,0.006138196155173734,0.1523282184636342,0.11269576161228399,0.04711272504096225,-0.019821167562439318,0.13026157860015766,-0.04146919693586748,-0.01781984620318094,-0.13269519541639221,0.1695660437090872,-0.1987081659897123,-0.04327417838458359,-0.001717654918397073,0.019923650029190616,-0.055847982752611415,0.04712632918208376,0.09036711339065233,-0.03114089690802976,0.05895006978136096,-0.11319021239264655,-0.13985066460664036,-0.011595576417379393,0.025037975145865227,0.049958629578185615,-0.05988882006967292,-0.028353177159151973,0.006641646970336317
2.95402911018931,-0.266864823332828,0.1591090309387139,0.5436111365072043,0.0881418364159095,-0.029057493139141022,-0.16106582652610416,0.016314197698021986,-0.030797488878252174,0.04691260183817913,0.18803364193736602,0.05155317014827634,-0.07651327951875309,0.0358686855966665,-0.04010320917607994,-0.0480228836260945,-0.0141610353185487,0.12365988287813358,-0.21989421161578604,-0.037209705912327494,-0.06193659529488138,0.055729716964058325,-0.09113053233760586,0.16283820805713836,-0.042167305964655184,-0.1019273159940263,0.013193026285341754,-0.10932231902707328,-0.16487050113966978,-0.06802823570043921,-0.05269141462043251,0.040348958589086305,-0.1246814419501509,-0.031476231579794456,-0.047111810824310645
2.95610854312015,-0.9094782900898843,-0.47371489203330525,0.13688536251313524,0.08694813676739463,-0.10512008315228973,0.02621580744094492,-0.02791991099313134,0.09251236844921217,0.05794829886450885,0.04611432450354064,0.0459948559550212,-0.16495999026373423,-0.08755882588764062,-0.042931605969802285,0.010476465724305646,-0.0022916951321506895,0.09892990468891173,-0.2508448529346854,0.01977986911877333,-0.08702814637480824,-0.0360773385270886,-0.12656407648504242,0.07229534015304692,-0.12012602730720956,0.014509955215054873,0.030355137695207653,-0.057920193335211916,-0.13047707849076254,0.0007180625976815473,-0.03889413250172754,0.03131997677332824,-0.1183344834287381,0.034532487700710386,-0.046595459623619676
3.00136893568393,-0.8983061089908452,-0.453529238657138,0.07034731814511624,0.04205553044239914,-0.19073058853662034,-0.0968466529862673,-0.057391775774121884,0.17518163619452146,0.03033763173645358,-0.08719653882303853,0.062487809378143265,-0.10090741192554782,-0.17349365444232037,-0.022647408364698557,0.10164859574004942,-0.028847450431797643,0.01432087042027942,-0.23706757163166292,0.07778497706367145,-0.18004223701291422,-0.17459466856554368,-0.06649362080746792,-0.010503106846809442,-0.18484747923840644,0.1415216990117861,0.08674968140463736,0.06403461306200608,0.09129611568926471,0.025984629366447135,0.02761716180398732,0.02910216801982827,-0.008174912750720539,-0.00124059223757856,-0.014067401131917725
3.00804370738271,-0.30010585400590306,0.27046167388027115,0.38532557456680205,0.042775063221652934,-0.1791789795538275,-0.16648721495699803,-0.10739222467405178,0.1943750377073607,-0.07033442705605021,-0.02066182784179777,0.06541977289286707,-0.010434250638298274,-0.1572903355846994,-0.09016706250839762,0.060452827145693826,0.08128186054920523,0.007360382293242102,-0.0627103756828653,0.003818985101436836,-0.2551178476346267,-0.1282202776326763,0.0768967662580716,0.0634565292554623,-0.17375026543698616,0.10617697431517063,0.04850895583916167,0.19957709564100487,0.1992764130178696,-0.03088605507562252,-0.018365389324844418,-0.012823893755709598,0.0643651805605768,-0.0023615568388319565,0.010672511969694437
3.02640701067552,-1.0116188539387416,-0.31995117761063746,0.040249163968601294,0.08647869945865565,-0.19774092317190084,-0.07042792508325224,-0.15617074632957573,0.4264069439430218,0.0460408697281144,-0.14495337307750783,-0.11456808467761755,-0.13211341041342262,-0.014185860335996494,-0.13566795864795067,0.03220714628427786,0.27127437909802987,0.12705935430061296,0.1260011214715868,0.03832995589539115,-0.11148876630266619,0.04880683740325095,0.17115802999404411,0.006023347420511353,0.021488379733331814,-0.1092784273066681,0.06375665534979649,0.020332980663178114,-0.0433998104543026,0.0009388215448627344,-0.03534815322599068,-0.03515830460478926,0.10687005977490315,0.07239442505909185,0.017595965305652602
3.02732718065268,-0.4231988385553743,0.41982426358012487,0.34138322501210244,0.3447254096438774,-0.1053745947439897,-0.20030927548114283,-0.16231317628627973,0.475165843377141,0.13416562240740956,-0.09825049195159988,-0.16547581718338947,-0.04433823456901763,-0.053857241509382495,-0.12893615916958137,0.12290767987430136,0.22132778034483758,0.04056922165390134,0.13535810944584636,-0.03691981227072849,0.09043576122629185,0.06755824385576611,0.09888595883235149,-0.028065292807009617,0.0927026607410201,-0.1472532797126954,-0.05220037146093815,0.04898405337590373,-0.1029056247642386,-0.005504877651368219,-0.011195769267244957,0.013079664385056998,0.0517657244769359,-0.043784028033933345,0.017770838131070714
3.03347626130792,-0.3712729935006387,0.4139884410321478,0.2900816244441413,0.30478990494534736,0.020483723865679575,-0.18959783418609308,-0.16338632584113827,0.2904959970835521,-0.0027456188882547168,0.006495764230229538,-0.08523535738458769,0.025528816588767583,-0.17099450144201894,-0.10970135883155688,0.12143735438303599,0.08954083003737423,-0.07207081691400895,0.11883676357373497,-0.04710355961776159,0.20460313111994577,-0.027009009198757063,-0.08789742246762071,-0.05032763508416583,0.0207514718375432,-0.009398242192516773,-0.23559367952305812,0.011826816622019433,-0.02717591821796637,0.00208610459869624,0.05217398799638329,0.016134881479972413,-0.06010774474948617,-0.06020142351518147,0.03248066658314613
3.03998007489136,-0.3371077927503903,0.36162183273177895,0.3292753437114679,0.35601619166208615,0.08642153630818279,-0.044894165360860376,-0.08015181987740638,0.1098905509377594,-0.19783727137559512,0.15314237080496798,-0.028726091718647716,0.06444014993029419,-0.19927148075328896,-0.09718181196415404,0.03607133357817605,-0.029950012845531775,-0.23069628073344667,0.06403882193469505,-0.04737340974439195,0.15046189788885148,-0.10699935322185967,-0.1821822892805492,-0.029163801764294988,-0.009247038956702381,0.08036105735313544,-0.15561805222480316,-0.03579497102987733,0.008533259805281863,0.05493109467106986,0.05167831591715124,-0.04387079357191181,-0.12253298504687327,-0.005650879105456846,-0.05730186467401856
3.05066080552653,-0.39046540325503004,0.40744657293071507,0.34450801731433994,0.33961340335325957,0.1763455777350886,0.014000137175758516,-0.05262258888284739,-0.052342999870409246,-0.21394192601212225,0.1812595100219957,-0.04170876547803262,0.04545819391117561,-0.18903836230843257,0.03382145186217602,-0.07890009009115058,0.07981918481782553,-0.2553607026067962,0.029142815788302644,-0.008862268257630746,0.055971960418408906,-0.10009634772908862,-0.08277951832595269,-0.09884990471585593,0.06925535572993917,0.02078808107733761,0.2029395875115819,-0.09884878807542082,0.0432358153974338,-0.022439037066552276,0.014801623878484002,-0.050488575972398,-0.003501752632926426,0.056026665038915464,-0.0655627977948081
3.0514410237781,-0.3639699385211747,0.43483399020776087,0.33570302499192234,0.03471301520488903,0.06764693675603575,-0.035899994105061145,-0.12362564856937411,-0.1369724785849286,-0.22417531704703583,0.08306513431971836,-0.022301767044592666,0.06334988899280819,-0.2080923152511725,0.048235615567266285,-0.12363107771131565,0.05034397894282663,-0.1840070152983984,0.00782598897825923,0.020627236393041308,0.03719872262559339,-0.07267171942716294,-0.04551637601070317,-0.1136120713373137,0.08930768872503005,-0.023193243721387258,0.2613626447834282,-0.08524965760626103,-0.020663258451856712,-0.02226034859800268,0.05048192288780877,0.03543628473745313,0.014519956700332312,0.11439608505513145,0.04121715837227473
3.0560258509342,-0.32333394536819,0.3649566027496764,0.3667225823854729,0.05912514646972231,0.32770367507060627,-0.0029964289498480767,0.023333904761969167,-0.22417493651868436,-0.016607303953310035,0.07326181476173861,-0.004678292146799681,0.03484799059173154,-0.13867477842830994,0.036212663414759205,-0.036476633170712716,0.0256441014093066,0.00407249511582089,-0.0012511314764355257,-0.00705424816002899,0.025857282084611462,0.05658537509075126,0.03644448383090917,-0.07902490299165693,0.05730067393838282,0.04103542644555943,0.1818051806422585,0.059941164101158115,-0.06303735264882893,0.05276557523819105,-0.02304009475207068,0.07443350893315563,0.05097276498043861,0.08880704796836861,0.12915833940952046
3.06625134347406,-0.3659090372131395,0.5337462976203662,0.31177828386882966,-0.4610575883957499,0.0074266549596581286,-0.06820355879066183,-0.15098472144970673,-0.16811474000054333,0.11291084446952208,-0.141174982026397,-0.03470815976821761,-0.040983889504422034,-0.17377835443187833,0.05965225067720921,-0.01792802989081072,-0.11204095600820664,0.21930320894393757,0.0981676828151073,0.028130472422409326,0.09994843984977467,0.0744761491423538,-0.010756070151679136,-0.09007996882736327,0.06012221327621375,0.017554194008597788,0.09918682798778265,0.13267878531991684,-0.08495968992531519,0.11036071112816641,-0.10567522113361472,-0.013844353008435123,-0.018451693824105827,0.035241529239987024,0.023415412193116526
3.0911588870342,-0.4084980076851914,0.5794800080457378,0.23776304083462416,-0.1671509294696149,0.16794374039716506,0.10812647994096436,0.02840127933882809,-0.15372705741918463,0.27042501961006693,-0.06576534346842353,-0.19204065617082017,0.0206806555121229,-0.22764444111709994,0.17464544672403767,-0.018169854697169606,-0.13834776605834914,0.24981969936443985,0.06359217507422153,0.04441847758596244,0.09189923517313708,-0.01972917559967404,0.006013480446644143,-0.017020408699051907,0.06968546486042884,-0.058184947362273996,0.021262528238527326,0.1274203723776297,-0.01242614885627719,0.06964576342933006,-0.09515887196901028,-0.08463573862474023,-0.053615786190659896,-0.06936407894673247,-0.088784349324887
3.09355812911819,-0.44371476891294054,0.6035678918708939,0.25948413586168023,-0.36216999993707977,-0.04471531030186494,0.1385832676885926,-0.13157111693552215,-0.18647584671865727,0.10564581103103987,-0.12978167948879257,-0.20617473972721853,0.005284371270125952,-0.17248204388264934,0.19582205782889,-0.12623938119884465,-0.07975174201632824,0.13220620084863388,0.07600372208445069,0.07901600999535424,0.0038488695283163035,-0.18100708730653345,0.004872812934901271,0.10159252542388116,-0.009651095418121737,-0.11069614589974412,-0.0891485601401242,-0.024315079524298823,0.09043703699109291,-0.15405774112720336,0.04659105881369363,-0.012482914065174787,-0.013095128966358555,-0.05344412360527607,-0.05698978252108526
3.09808524503145,-1.0002274307463779,-0.22384119863857666,-0.10436449227401585,0.3459748722056451,0.305035548197246,0.5453177596668035,0.16363981807834602,-0.17659374025837407,0.1761592781794766,0.08155593904404874,-0.2070182861985691,0.06177019545454868,-0.10849397731850553,0.14626437689736022,-0.03576799306526014,-0.018740334285382697,0.13672798764246366,-0.013391237377979051,0.05972208570772222,-0.023365793281180557,-0.2393202302795248,0.09620953234759885,0.08759538216501479,-0.04172744613822068,0.028213107168311255,-0.14734492036291966,-0.06078768657978196,0.08022947952654444,-0.10948202608976575,0.08517604614357513,-0.04183524648521681,0.051024322026075764,0.017455221025818608,0.07378600720480916
