TOD,Component_1,Component_2,Component_3,Component_4,Component_5,Component_6,Component_7,Component_8,Component_9,Component_10,Component_11,Component_12,Component_13,Component_14,Component_15,Component_16,Component_17,Component_18,Component_19,Component_20,Component_21,Component_22,Component_23,Component_24,Component_25,Component_26,Component_27,Component_28,Component_29,Component_30,Component_31,Component_32,Component_33,Component_34,Component_35,Component_36,Component_37,Component_38,Component_39,Component_40,Component_41,Component_42,Component_43,Component_44,Component_45,Component_46,Component_47,Component_48,Component_49,Component_50,Component_51,Component_52,Component_53,Component_54,Component_55
0.0173694865991158,-3.6461161976139502,2.2135206082625847,0.2433381945315749,2.332074855308926,0.011016912100310151,-0.41741329096939284,-0.9416620938373598,-0.2507833077136128,0.49627343287197395,1.2226964701327343,0.6033517182843992,-0.19175756705018304,-0.752585869911222,0.7573410059745453,-0.7606472115399641,0.5461318690337009,0.3496791243993882,0.36456410622137425,-0.4331311830739799,0.04753666936543234,-0.4388377739525181,-0.21373206135996298,0.17736875945507513,0.0025573374526933687,0.06997939358816166,-0.0374250197556728,0.18019899643676496,0.2165433354153623,-0.420425992981206,0.8127011813829185,-0.5003443211297339,0.2736290662463716,0.42772570667520565,0.6562857366514557,-0.2589158447545205,0.3649610052164364,-0.010596831949111759,0.06963178320274122,-0.15857146478289816,-0.06531843771034895,-0.19797086482170437,-0.007416645316291847,-0.19692651456316088,0.10385206124966917,0.006509995015869977,0.15315958881728026,-0.05983633691396776,0.08910220868478239,-0.10368680385007371,0.12810482829921863,-0.023022168031247122,-0.02777527605906261,0.0270411524247729,0.021638478920017714,0.013278480755748646
0.0217868349329398,-3.7750788657869716,2.6009599928489386,0.5646455521669412,2.2608294226200623,-0.6333427674143893,-0.17899104046334285,-0.6801017207425245,0.19004552068099922,0.39746531420383663,1.020033546215437,0.5444705781714279,-0.43142707736960445,-0.824914352559799,1.0369277433421884,-0.6630376549491179,0.5150654710706151,0.2056873107761444,-0.181433930736405,-0.1630620515692489,0.49189809092143166,-0.3431028323875944,0.31628812247778565,0.792946906798053,-0.4133182861232725,-0.3359562197583537,-0.21174625022511648,-0.2859929119558628,-0.16723634288249337,0.4624833730427753,-0.8535561223655522,0.17704263807237053,0.09592107052284435,0.10590378743677177,-0.42420597781099356,-0.15738439336242102,-0.22894680943571838,-0.010010408213789037,-0.1853730559606727,0.049539004993334086,0.2900548145856372,0.04531387572226342,0.018286983758382235,0.05356904134048276,0.04957291916556265,0.060540959931596645,-0.13681946602301276,0.011120647877905003,-0.015253272049164612,0.03559358159210372,-0.0572131850425723,0.023041683383476196,0.01805582232004586,0.014306070989845375,-0.01791379861525058,-0.010417477121637661
0.0236539792007251,-3.192291531717975,2.9794965929355626,1.9202466155047366,2.8568132419727186,-1.1085231362820747,0.4141703164839958,0.8245507456322759,0.5841863776932827,0.021153328772726247,-0.4944470051424839,0.13755239445105277,0.3294037195524344,-0.021125244183937367,-0.021251344859095567,1.103882327133705,-0.1621582670813624,0.0058924177625164584,-0.5771505546968915,0.3549912076818837,0.5012408109376184,1.353815143959296,0.9176761235428745,-0.07248265568934512,-0.43211794518616753,0.5479644404410509,0.23976441031857357,0.6445185609445002,0.17003533306237756,-0.08192313991146281,0.25629668057459115,0.06766484042394566,-0.06273463772310632,0.015787896215963777,-0.1438967036189651,0.10257720375933575,-0.03428582934162124,-0.0021069871014756662,0.025879528914479744,-0.12311892964978192,-0.11662879121138035,0.003653446903635107,0.046718705803327154,-0.010258864784398103,0.013532679468779939,-0.06440096166552688,-0.003927255418452277,0.01825408867547431,0.03134328582131035,-0.01624666701914459,-0.019787235896750938,-0.011775110705886388,0.015729788225789076,-0.0015694973718289008,0.00166549626241419,0.0031518597794411127
0.0912510183968422,-2.7466326465346578,4.477015828408585,2.213661314143713,0.9161666929006713,1.023364325635577,-0.8465600704114964,2.5622170204151207,-0.08552419332206564,1.5244991339063956,0.34685785047413903,-0.5713464233240945,0.4721670446895247,-0.19341044029147303,-0.0655497500136672,0.07690695874550053,-0.7256862425968891,-0.24908162482660776,-0.5624917133631703,0.42237805432137804,-0.02652381712838841,-0.5993504513989114,-0.9945770114083232,0.3186672192929987,0.5269375208887883,-0.4898848785104017,-0.04101476428181353,-0.31463371419855024,-0.4112678971724101,-0.2044595254618672,-0.07282139991107056,-0.04779179893090992,-0.0943936983459183,-0.25833799472243574,-0.07884807473481786,-0.12472167229878757,0.13624993561975132,-0.15841843267563654,0.014308916344559452,-0.0458043721082525,-0.07384050544235819,-0.0045238785921673475,-0.03645336506144233,-0.0021499439885814624,-0.03106307682283992,0.013681669650942472,0.0063679945591491646,0.011680802028482172,-0.03993308447251545,-0.010982867847398355,-0.006787967053874846,-0.04350393940958174,0.030869860787229184,-0.01352321190252565,-0.026870611023075627,0.006590549104975232
0.109828407190697,-0.5284425601096759,5.504306775097851,3.104760029066847,-1.4707858502367384,-0.05336973613706623,-0.3985499854420268,1.4159735349554863,0.04666390630322066,-0.8607682463514781,-0.0015603165212560055,1.5222763966092392,0.3794685509910288,0.5232132147777732,-0.3006392914733749,-1.101176248208741,0.40961866213605064,0.753126405555367,0.6351683746391791,-0.647876652328317,-0.3436195012908346,0.04872659160428547,0.12148114727369219,-0.7384208110326846,-0.38015029061883315,0.20483527654671663,0.19822106530924602,0.29293383472917034,0.36928938374572995,0.1420909459504953,-0.14439927991029952,-0.02629836193780879,0.19105127534595226,-0.19087462711299474,-0.08678124858919506,-0.02258757639211482,-0.11150697352992044,0.3057234293798419,0.0013398756223124027,0.060970039095194856,0.08283545741921683,0.034793492501038845,-0.0034050318405626635,0.046382621692371416,-0.03325608578345016,-0.02553173977655145,-0.008136843811089419,0.0011743248821271303,-0.0022514642674675554,0.03336569423190728,-0.012252468803186685,0.017696064391419172,-0.01569024290915266,0.006505426292740449,0.003229561690506678,-0.026197630737838557
0.113440764064444,0.4501786409262767,6.254265032012757,2.5148251910363957,-1.6832895875633147,1.4727106595551374,0.17642988899579987,-2.074460629871458,0.1414444378526715,-0.739855853613068,-0.9297689635014865,-0.585604467921199,-0.3004435100322693,0.45789812792160856,1.0263874443573429,0.08445086835791764,0.007775488006457814,-0.5704259963564127,0.01601784220634405,0.5775998956706646,0.3921252656480144,0.2079539972457398,0.18212853381056807,0.5219146388799782,0.002715335611172189,0.20709076376675478,-0.1439444772513448,-0.06699943341119097,-0.5267058330360077,0.12358916528094172,0.0751695958593053,-0.03734736147759835,-0.29188455110547507,0.06942992367002171,0.20983078268149025,0.03808462553630928,0.17295603752262947,-0.1502806310619201,0.04000322237620988,-0.01672225229078633,0.020529906993828118,-0.09496214318679429,-0.04536230281078541,-0.054385575838045826,0.04683039675417236,0.016853510636266084,0.00361779802967582,0.005251085518444827,0.017706712780962645,-0.013800283485586803,0.024556595227705164,-0.003966247350848393,-0.005383054817703769,-0.000904523107137407,0.012643678072905387,0.026584780007217063
0.137447118292763,3.2327832189361416,5.470828122789703,1.0015864275678392,1.182401268404534,-0.4731106362053069,0.6307372438558747,-1.543258826862406,-0.35037401471916657,1.2233912537039668,0.04646778118502658,-0.37426839940386836,-1.0151033548819581,-0.953204363047713,-1.1720488060910397,0.18068006470508796,1.0608647002913305,0.7221057773516258,-1.1530948208369871,-0.31337565219168384,-0.4198547920501297,-0.13777830792337578,-0.29417859391399553,0.0023661279782010744,0.5750195536594082,0.430214872253439,0.3033162703506012,-0.22665881962102033,0.5487732901609856,-0.3056014708673296,-0.13135039009668012,0.08119571202665753,0.0987534164732597,-0.046995970158839,0.055476794004479614,0.23288678754936187,-0.09024311761233227,-0.029279559759885235,-0.06614575934971426,-0.04211442111827105,0.03533762285760783,0.03659836450041436,0.029917601781701175,0.011330770119497232,-0.05519961758256396,-0.010218051289887871,-0.009530243992345998,-0.028129096487584385,9.009976612095833e-05,-0.025192386100154,-0.017372455069086936,-0.007804339797458739,-0.015134275129183548,0.006321886035952138,0.010559911625027613,-0.00902849042175535
0.175701572519407,4.240662261977567,5.597484902134735,-0.5416362429825633,2.624857085529867,-0.3233974983526769,0.03940476777846393,-0.7094300164981139,-0.2945244196321074,0.14132057749207266,0.9323985236012147,-0.08374161645388359,0.8990334034500628,-0.37016792179264996,-0.823313716395674,0.3791711548452355,-0.4986676861009278,-0.014586444900237793,1.5126206755892557,-0.3796586224092248,1.3852732402533825,-0.4451351674948622,0.22537896620332976,-0.029930176422405155,0.039608105519050286,-0.23059034141095144,-0.4584652799761026,0.01029562344768754,-0.12061158195276135,-0.08389549521305056,-0.06871172279759774,0.11070571866454516,-0.19846168797437305,-0.11228577826542964,0.001615732779565647,-0.11632694192315665,0.08792509723448512,0.0360005178171058,0.10721818089739478,0.054789604747449025,-0.12678075484512588,0.09951304234861086,-0.01652711778304696,0.007119330848022054,-0.03574035530841704,0.0031489461483505295,0.022273892470919165,0.02097419047379049,-0.023432829599902543,0.05311743110347488,0.026480414736864806,0.03498103338059134,-0.015169504777517925,-0.006435916217205032,0.00037459979870903054,0.0057656621394706785
0.188459931666573,4.198422071496217,5.606196067132854,-1.844049112126192,2.5499631705867083,-0.7402032465517836,-0.5856957758832259,0.5772217041140337,-0.20429381819125195,-0.22873764228978896,0.9614933339457955,0.08510077900675768,-0.5273115357335565,0.6105930203637214,1.4821908286043775,-0.547218412112854,-0.09960528639060354,-0.5185081380224215,-0.11796540089398423,0.3650463123772493,-1.196618208489976,0.4112625465352105,0.057103381966656507,-0.21103129238158866,-0.258076592049089,-0.21291892783374308,0.05779447877550629,0.10138807844591775,-0.12559108739169608,-0.08631827013704942,0.18329386939575643,-0.049357226530810615,0.09931373673364363,0.2892267554320567,0.06501546376940368,-0.08827429839948228,-0.07470531258921133,-0.03374585316352336,0.1416035599027472,0.07689711699025967,0.003278138426211997,-0.05183923539490416,-0.03485755743428661,-0.039843829246428215,0.03217978171741992,-0.02900406755092576,-0.020209283345228708,0.07726006391169937,-0.005949926089490031,-0.0065480796990998865,-0.029094927781180627,0.01185698111814154,0.0026627271375613496,-0.016193981708323545,0.008484228744606331,0.0231235869086859
0.211014437875058,4.859861732756865,3.6770676947369716,-2.511480519562605,0.42411883494371705,0.2802874749587545,-1.0519482016699513,0.2544076158359243,0.5928078014831785,-1.7641378678205708,-1.484262448161072,1.2166941386271752,0.4736585709268629,-0.06178653935580127,-0.6641118140719349,-0.2553950953025704,-0.3694193766726205,0.21453233019829815,-0.13455814396047844,0.27970188698918025,-0.15620956419162554,-0.11823686845304063,-0.5247699443211281,0.18938189680634687,0.08380324603896973,-0.08813079221269902,0.10036055261754043,-0.0870545906238433,0.33781227461632274,0.3307888480128245,-0.08416821698916709,-0.18892188950491481,-0.04705791404878287,-0.21535911185658688,-0.3837809675178334,0.21978939394175329,0.15876561577553672,0.09607316096084606,-0.42826645050571815,-0.27734853893225,-0.031235365511873055,-0.1062139153513066,0.11669769039827606,0.036063760395556914,-0.01425583271424099,0.05931936563132336,-0.02710984757710658,-0.18674153556789008,0.08643418137132546,-0.00489421139114963,-0.007389851303543739,-0.0656905801984989,0.07259212536200181,0.04322402402914731,-0.07863943878161915,-0.06603029142867044
0.29193173530297,4.565422877012462,1.9178301664736654,-2.537409550689798,-0.9522842913219656,0.5741094366715158,0.24183525181769314,-0.6710735099815551,0.5132512655538531,-1.2492486303666261,-0.848513984279344,-0.8657841437020408,-0.3058700474931494,-0.5865515876893569,-0.6204081563836444,0.04699268033644502,-0.902219733601998,-0.06135584692640423,-1.3159318319551614,-0.341558657346791,0.35092325473237423,-0.12454827885337016,0.5874124155241398,-0.12960636632288774,-0.1344159694164604,-0.11860508253985524,-0.3591032984309122,0.20178697284755648,-0.3452791847417539,0.1744239185207857,0.016952684882293522,-0.07701146981572521,0.1311131071913611,0.2679788646737077,0.47212048489355457,-0.5918891374662882,-0.43257484499781484,-0.0711909963335456,0.015589403165388857,0.24460457812902353,0.021421753868994406,-0.07040151194236237,-0.12742709414560796,0.008504706147704676,-0.04573543445190395,-0.05427988148041659,-0.028364354529834417,0.0846013586007058,-0.0767960436071318,0.05117356631657248,-0.018607033564426313,-0.02504296744951473,-0.016975816918586937,-0.03668461471588118,-0.025413037279648637,0.09337879703924322
0.321331506043033,4.171565259258611,1.032050692043675,-1.9409233645049895,-1.6788435318656747,-0.08464542219267263,0.9516370365696407,-0.7179916371685108,-0.09990911702326281,0.11393911626993959,-0.27239213417939995,0.14574505646599176,0.7677315064987147,-1.2293683926936017,0.9903739112569351,1.743756344294818,0.4123723589410396,-0.17205585308740953,-0.30833064078357214,0.6116829048592929,0.05422260048320054,-0.5225316994585825,0.033743948044454984,0.04555126463997579,-0.4425635636350781,-0.12167092498607371,0.034310057969576015,0.1263493620120789,0.1795912539481081,-0.09970170653679064,0.12656868051948986,-0.3145725521019503,0.3868627243777972,-0.1925953324259774,-0.06943061677537993,0.06895861476433339,0.15692088504635918,0.07861851416326615,0.47790574520751117,0.04965278653106681,0.1310806096000692,0.0659739627469892,-0.0848798744679896,0.06019969379670926,0.16854948261971328,0.07246532244040062,0.16446204648298618,0.17122544973519324,0.06279941494055358,-0.0822230551381378,-0.025994545417299134,0.09996433375744763,-0.009969516098353653,-0.006315613136691197,0.086330016973979,-0.12457574946981831
0.352163255010744,3.9217893632662286,0.9543550243480317,-0.5686977558702938,-1.7304145137306055,0.6727056844804198,1.0564940536947125,0.2607384618121413,-0.4988487436030408,0.23254926736747877,0.6526336053543742,0.8461856372526638,0.5578199299246801,-0.21130188405386272,0.8695867413340547,0.8122121097986913,-0.2842275136137809,0.7922952954036665,-0.12826825362656455,-1.0022453223569425,-0.25677987929358465,0.11145516041666031,-0.1809605509111774,-0.13126815459938854,-0.02937691188796067,-0.0780030150108972,0.8404061708568463,-0.05691618158833865,-0.5858052314474353,-0.34940111945846825,-0.13700011530456724,0.5411700584444135,0.09569119286765378,0.3791426627537573,-0.2868431791184424,0.09690727457996869,0.18846442890327936,0.014207798675955499,0.04079717480221346,0.08610179535208602,-0.08502867014473159,0.4607466705794799,-0.04138598053748156,-0.11495585540251385,-0.13239092219970305,-0.2345151942026628,-0.31660833319939374,-0.19192918101871542,-0.11277595937473299,-0.019432610382701127,0.1311918487911695,-0.10224122547819973,-0.0401041990741388,-0.0052953786624240955,0.034824537590497015,0.09522897303602543
0.359107591030253,3.5478425753368033,0.5743502239747299,-0.42793843828464856,-1.1098529266041488,1.8319596813432524,1.7928593895560971,0.4416539297503842,-0.9328727542725483,0.10727378223637833,0.60825213058178,1.0071596679484298,0.051500403882093634,0.6689503901671436,0.5827662584562927,-0.0971389510831347,-0.2596671256211702,0.6522471846649679,0.42955059301223303,0.17026408242418695,0.014690046616689907,0.35114911263328413,-0.17811741043709922,0.526267313230475,0.6669670006724463,0.5369426843720853,0.5393371390617683,0.2449677528689598,0.005273614859062949,0.18081372999781892,-0.2915921600639567,0.016925935130651153,-0.5597822806851077,-0.33931035686883526,0.42787699489834696,-0.38709785594931406,-0.3296929155247862,-0.27773232594732783,-0.04164957842373831,-0.02963469674064508,-0.2051239507380505,-0.19862388410007564,-0.028101910406162754,0.08208093892966992,0.07950655221155413,0.4128270625842749,0.11980847608261208,0.17132617516853535,0.012580437834919425,0.02581602158659067,0.009738258092033304,0.09794374853465436,0.03821469422094967,-0.03331937346819738,-0.021127318532996864,0.015439209606515649
0.359681342589083,3.6280653004713854,0.2900591633764413,0.31228418341216774,-1.1505894186199008,1.1428499482323915,0.8189643209451735,0.9216603835528331,-1.312373469824875,-0.2369546996363118,0.827556076575822,0.8650990978311734,-0.297466402335068,0.8681790192936786,-0.7290660619794217,-0.12418443552356251,1.1175325068944992,-0.4419029039023133,-0.06494383916702852,0.15387993733100652,-0.0667125188728945,-0.37976401538092613,0.5763450123796119,-0.012778585924008533,0.1897946189445825,0.041860864017499194,-0.8179485105422352,0.23496328708043812,-0.7477382672404607,0.19774037199672967,0.18808177489705594,-0.1861726213739708,-0.040506146962912166,0.6562733253442503,-0.043444697207114996,0.19736644825964106,0.33024625763337007,0.04829152771383736,0.45088544165649325,0.19871303058652406,0.05960295492519452,-0.11561735900415002,0.03923375964270191,0.13366971929838578,0.09899710069193093,0.007692734968405776,0.11131741044819547,-0.026974239739227482,0.04069830669932543,-0.06082526646875569,-0.09549329516200131,-0.0576097102258341,0.08695031404367158,0.0367498014746288,-0.044983897004188,-0.12134795558747871
0.387224537220685,3.8416413090708943,0.8531596117264496,0.02821594894917393,-1.8155998798143047,0.9246702594810403,-0.02015379847075501,1.3678044315507938,0.18445129985579203,0.15169191795624634,0.8653628435641041,-0.7747639719466194,-0.32807821970969187,-0.6907335234851154,-0.4167063840871349,-0.18920827531035894,1.3067853318975577,-0.24944066193680176,1.1510823456700534,0.9877619682854399,-0.10313344950812495,0.15613888483154728,0.6271009711330447,-0.007045770669333063,0.4160625927064391,-0.40325826668748804,-0.03229890566412699,-0.010647115952129494,0.714726390940666,-0.11105583618883116,0.06962399909246071,-0.2347161118568154,0.28964161381550996,-0.13679237580720327,-0.2584614110283777,-0.16884187557952582,-0.21591777931402348,-0.06619191073079192,-0.38755436132204657,0.045226568480490566,0.06371012540805095,-0.019729973824846026,0.07399449704480908,-0.21998659342080215,-0.14002899340544347,-0.09730598691364678,-0.12373769469045408,-0.19757282705896206,0.04500628500469729,0.04106645404757398,-0.005872238400213061,-0.04687142249776002,-0.048284739775498985,-0.06626080407684072,-0.05973792151080758,0.14515104345182075
0.388651758449078,3.8287995781950217,1.0237068515901862,0.10932410689122822,-1.3477842550643293,0.18867921206239943,-0.8709406744985815,1.8010143469056614,1.9433420609712604,0.6675392728529809,0.4053775682567378,-1.4975353881132207,-0.4452437596567265,-0.5278386667443208,-0.5956362901769534,-0.6193845418285704,-0.12346610610924909,-0.909218866007836,0.5941422319782024,0.044742670369442315,-0.0035897200177458714,-0.2799608994381188,-0.780451014512809,0.3295786072746054,0.11664692718189981,0.36686033443919075,0.7175469308574859,-0.013048984178721312,-0.7864449423115953,-0.18927066431006756,-0.25641717088360877,-0.07571658578496099,-0.2611548761685024,0.07675460615698187,-0.02305810406401241,0.05488377540874536,0.20926205432040199,0.12129749557402923,0.26047909274305364,-0.18356370356601096,-0.03033722143689319,0.2589574679213709,0.09462172938211615,-0.01353443086889753,0.14767920604175966,0.09010555007780985,0.06949610965348285,0.024205646328844782,-0.06329855954001654,-0.06915211716297257,0.03904920283973354,0.02549186118746657,0.019337298334906206,0.0033230106448050934,0.05633335090475207,-0.09191317105434897
0.420748324349751,3.7828357869820155,0.5601397044050216,0.22183404656266714,-1.616947691160366,-0.3687714615129385,0.000988220053734838,0.5137842643949073,-0.392817367125942,0.5424424493505554,0.09458551261827051,-0.608857344820257,-0.8170877430334187,-0.34999391669012864,0.18856486567012792,-1.012337265970531,-0.6485645559104598,0.4813938091430398,-0.01684942472041584,-0.16148890334113777,0.5251959825143179,1.1339475761445579,-0.6090448597748642,-0.053253478233471346,-0.9070589960619388,-0.5709360020929053,-0.9984632017230864,-0.25900914214741827,0.645954370687578,0.10136308868134106,-0.04291651096997563,0.40565007103023565,-0.15188661412796148,-0.24781667175963615,-0.06382496359807081,0.4422996794101424,0.4705994858282015,0.06759563525534867,0.059935457361381894,-0.059659494036146045,-0.09802150964642112,-0.2053936549022598,0.16734080520962089,0.048126149494219776,0.0029257220879111627,-0.037705584965773316,0.07159595900614031,0.21644305539445954,-0.09183626122804324,0.1491870331693786,-0.013965538705737364,0.059271980221128624,0.023700888350961298,0.10513196357681266,0.05655173971631551,-0.04439428827300949
0.437709928746239,3.8531631353179012,-0.22720802695841308,0.2534897825091158,-1.143673727406183,-1.769150446162207,-0.8189607995731769,-0.637908986425202,-0.5994557130030426,0.6014790461761187,0.1596451084190312,-0.17623470535600347,-0.10898907842965125,0.3319304004133864,0.15630532511823167,-0.0804511562890988,-0.8931966683018162,-0.9889869546057412,-0.30161244621546457,0.18181709449369388,0.43757671572956797,0.24105459366907844,0.5156350215316976,0.9310858213164748,0.5487734219649875,0.21591973958175556,-0.07464765815809946,-0.04102261937646148,0.24226064069335973,0.29862931011194205,-0.25012694693951454,0.33786984709053075,-0.01667760359471094,0.37697062792842073,0.16463929419687498,0.6133054859924745,0.4075590337158348,0.26165991836353913,0.15689951255357126,-0.16831807792299583,0.0059910189714846955,-0.24949770747419248,0.5191563714439309,-0.22258746703184892,-0.06909412396402471,0.1636565546911673,-0.06423619646117694,-0.1522720796001903,0.2713495779601432,-0.11821680410577959,-0.11425713367644308,0.03219955508989717,-0.030611657700159188,-0.09000488013191676,-0.1346257932455471,0.11029644233152018
0.440163796884805,3.7419840164576357,-0.013193880380768519,0.7737486547654072,-1.3325044116461642,-1.622043406681679,-1.1740424064101123,-0.47926577885001337,-0.8688057239102263,0.49548731486424424,0.2079035490869503,0.403845037838965,0.4920231287957098,0.7887347414984955,0.005822215886478893,-0.6152071721640612,-0.7110333580685445,-0.32121092969399007,0.01807102811032407,-0.135141592351161,0.10181071935096532,-0.3806453183486649,0.09447116152921307,0.25303212670404945,0.4468105477188561,0.3620680941811762,0.14962725697107795,0.29267022355206096,0.354137365841571,-0.16410788049398992,-0.1752933328885166,-0.06334017158616774,0.3023550384852514,-0.34466260138130594,0.17144888993662827,-0.419779888878692,-0.13216718856136042,0.2128389595796295,-0.2889432899346866,0.165239980544745,0.2940759481044449,-0.07689933609582204,-0.3437205782531594,0.1438203762872173,0.1572825370111036,-0.4084763871192036,0.1630166963003076,0.16065760947272476,-0.24394313668459272,0.11137729975149842,0.044672721064628974,-0.08276890929810872,-0.0014682029524359674,0.11979985787432572,0.16127339784835087,-0.09927241757407719
0.449688614212724,3.7517825571645265,-0.1664699358740052,1.0861908633656836,-1.0426041742548349,-1.0464245226883455,-1.4879065607685094,-0.7065008410964816,-0.4090274299613063,0.419015981416575,0.1252850723266512,0.44431580671278914,0.24457054057833233,0.8978033679448466,-0.05256852715536128,-0.498486006248872,-0.1576672615675033,0.5176184273893547,-0.3130988493017374,0.3774112634701363,0.3909833225066096,-0.35109791018406106,-0.15427927239091815,-0.8233535662389426,-0.49250359789746234,-0.060666070288075996,0.2235678619550177,-0.25546814591092165,-0.46359510982469687,-0.2599148669637386,0.362239720768161,-0.3113027157486533,0.17704012975888392,-0.2952303306638212,-0.2263159468353733,-0.21072083408665573,-0.3318778166023405,-0.38293136286821716,-0.21200530068647352,-0.05992902193784834,-0.08951868193838612,0.22500285717421378,-0.22672725866752969,0.08698345914636764,0.11074247172771835,0.1515570914942062,0.09097751757537441,0.03383694789674678,0.3080380020786414,-0.1428374910504435,0.06919452115173882,0.07373161985365409,-0.1246172370339596,-0.1992565214493947,-0.10004392216872991,0.12422986787918651
0.450025487950132,3.7820188011782654,-0.7925315363348293,0.8003578973396025,-0.5987433200930014,-0.9496313667197178,-1.546290415655612,-1.600756067206885,0.10186156852797075,-0.4838780922248758,0.5194389135424886,-0.3248756180842785,-0.15048417114173923,0.5816065654790941,0.2357246235907157,0.4863036517820383,0.6338188701435882,0.6232397081001729,0.023555239571914185,0.20867760564586563,-0.2530798384363612,-0.476371169011216,-0.08879597653106125,0.09746843161557434,-0.32538273642889076,-0.05713364762104286,-0.16121221976483738,0.41308045425501666,-0.4786374997960381,0.07258042117429798,0.5754864583462391,-0.1707599040747464,-0.8163965507165258,0.12697599663400982,-0.09523153750604238,-0.07187590729915626,-0.18466482307298052,-0.3098283965484297,-0.2446790254707445,-0.04966504926233925,0.01935626633201681,-0.08333813131969882,0.058023456592854655,-0.3098027926233365,-0.11163248292306133,0.36139694402543493,-0.10647050679808266,0.029066227844013925,-0.3731956647148131,0.05785321809245141,0.06450783575288135,0.011913558943445377,0.1575395958567187,0.14572054215235897,0.05669651559488209,0.0019650486505080884
0.451402088647877,3.71520125940502,-1.508064455056762,0.621953574587644,0.5492468602980538,0.15996364395441412,-1.3748240679538657,-1.191312703401886,-0.12087236837008115,-0.35757832193028755,0.4450123248967511,-0.6435513519410014,-0.709232037359756,-0.12219689094202374,0.2803282562555663,0.45724563110668826,0.29122412146646126,1.0022120439902067,0.03330570545786539,0.5929213185987344,-0.49045514712284244,0.23399964329105624,-0.2552872819882054,-0.1496293268431135,0.48233979639401864,-0.1537096108088638,0.0394983688157107,0.33391550658497055,0.16826402529628545,0.050873154473020946,-0.3735335737042239,0.33590253223511385,-0.4962149062681149,0.05260409829710354,0.1306602868492975,0.057547170149668606,-0.2781060830893675,0.08108440282898201,0.6211614184094107,0.09916161969938418,-0.2821758608724379,0.2103254447137553,-0.10060190230833072,0.46303616914015927,0.03574737249001985,-0.3592621017137124,-0.05577018489308396,-0.08173811646997482,0.23893685695400738,-0.014233857286088468,-0.1629433032468145,-0.18854301991556466,0.04415850741159813,-0.08191486871856163,-0.1264415035733601,-0.18172903916698105
0.452679007574816,3.7230241838620723,-1.7466928542034876,0.0492724085496032,1.2054007666901927,1.0097030983420856,-1.389755547451053,-0.6879074379995309,0.42571518497886984,0.05383303258750865,0.41450765285370406,0.22604386861456285,-1.12782902991245,0.65224807930813,-0.4071272748992053,0.8322732812963537,0.32837917732552946,0.3136764527727147,-0.29940901934334,0.35252780086667174,-0.29537650549033373,0.027867050695061863,-0.05329296605565823,-0.4476106387104695,0.5678444632061832,-0.15318311046019914,-0.031599537856965926,0.214664232670818,0.03894518491541976,0.5396341864402235,-0.7221177309314004,0.35249867640916127,0.10523359932978733,-0.2303910498749817,0.050925527779587774,-0.17840259618140142,0.638780906330796,0.1449265917800432,0.44472096821003754,-0.07249085051356813,0.00032824254157581216,-0.13124663085435137,-0.01735116648814851,-0.07703001075040708,0.16108198461928325,-0.10971654001454124,-0.05039802829990345,0.22279618349248734,-0.10199440840421455,0.03465325482503658,0.21623468447246225,0.1629141289287033,-0.1434156519275657,-0.016813107387500036,0.18486509891212463,0.20295725337186907
0.453375419463321,3.7004235494866995,-1.4321365264822823,-0.9407867638296633,0.8039462474176668,0.9922628080586131,-0.3617688790277316,-0.4272434746365246,1.0859998885792213,0.7393681898308768,1.0544362635967122,0.20892900802141914,-1.2455684909462013,1.2586557232451485,-0.5068916301014367,1.2854451458835638,-0.3120246573392523,0.06882712734299072,0.03363915136845311,-0.6303109212069672,0.00868099899948897,0.3880864594003317,0.08114201334014237,0.42558428772825585,-0.4300674060023357,-0.09817531466764379,-0.06447393011554665,-0.6721328307013654,-0.033300011210992984,-0.22475783412679054,0.11787569260898631,-0.32275586725296196,0.5496807522157963,-0.34481731971171936,-0.015724740396085554,0.3420000757316198,-0.3818231740825164,0.26085709035148874,-0.5090363063897826,-0.3151338419015897,0.06493591243619593,-0.18397639130232246,-0.01114302511836568,0.16315870309126113,-0.07459020405428225,-0.15094949140177713,0.08252936324154869,-0.04759379379904071,0.07280964006927228,-0.03204900761183808,-0.028632092410121775,-0.02942473166204202,-0.008538273869768659,0.03728857371337425,-0.02654498723501479,-0.08908287871848773
0.45608622308921,3.665774282827487,-2.101579614134328,-0.035055869687328656,1.1440312490121933,0.713966963164796,-0.47697893808517855,0.2300255655079083,-0.6630473476383033,-0.4840379708138028,0.6275165449132628,-0.05227207563089046,-0.0310360758503999,0.5622400028836242,0.044353020759902904,0.3106513977790125,-0.4967722763296552,-0.7041272638135018,-0.06468356952966471,0.9242052224219915,0.7909026335711142,0.053094395245478036,-0.15256063154936833,-0.3251489798154982,-0.8041259184375625,-0.6502636919241275,1.0292717737837138,-0.8431116315002193,0.3748006129686191,0.16209229416815185,0.35790597333399915,0.015318255351844246,0.15504541419465379,0.3290711856267732,0.4985873194324738,-0.16519455906548972,-0.04208574625584818,0.37626268794864953,0.21317408528525036,0.4980912056174102,0.18111725550170898,0.16110215311296744,-0.12359205876309945,-0.07485852741799631,-0.1706668955244497,0.1250678394229293,-0.07528005334958766,-0.11124568206460678,-0.15938228890796194,0.09177867884580308,-0.031640167040746715,-0.0343372749608313,0.07841674688741646,0.08248298158011048,-0.009177590789493885,-0.05952141461465683
0.462730269483455,3.4658693354973207,-2.0363540454642743,-0.04473402080991482,1.1357167917759303,0.8669559437468534,-0.08800258408897364,0.3927379121159427,-1.1701076551746623,-0.428856264758436,0.3376476047765166,-0.5116444643488165,0.39241459964212944,-0.45119607165028497,0.6390834354359552,0.06435515587582838,-0.19830499495962195,-0.8812270952239301,-0.017116758930008934,-0.3335685442168095,-0.43922286826677576,-0.4032146139307469,0.06466526236599192,-0.3003606034318511,-0.6247013381500272,-0.5629314296031874,-0.26660859012832705,0.10377767936110198,-0.3705609398579869,0.06403241622436642,0.13591285654154187,0.4891776716607425,-0.3734874620785576,-0.7229581444439916,0.5129990585561627,0.09715065250568652,-0.06204738104308604,0.8728692063049283,-0.4744661213656151,-0.015616621925860608,0.2768639426977839,0.24624432466946417,0.11803972919450245,-0.20441589712586872,0.05843488428161122,-0.03686297465834455,0.17123458682631879,-0.05157166444188106,0.11664313113741284,-0.04811812378132927,-0.042022871585741355,-0.01470310348965898,-0.05523175495232921,-0.09438515853243229,-0.05742873925113175,0.05309171247567942
0.470708590529088,3.4804994101192683,-1.7111316796119003,-0.0025672275690888373,1.031237058546053,0.3646125527501864,0.6066759603842656,0.2933514019180315,-1.681768021258161,-0.48115165856352654,0.6793165663960601,-1.03983564056729,-0.0342677009783197,-0.4675361140671188,-0.10424234403257025,0.05361565474322462,-0.1685903954631455,-0.9490163282062819,-1.0901314567319618,-0.5882749431572786,-0.19161499257644032,-0.6688540144879564,0.012922514449867188,-0.30916473348167256,0.14897421368136168,0.50350533452007,0.1586536838404742,-0.17403686168478885,0.6672716261014282,0.17946052967262976,0.09998189584916867,-0.3037090228103096,0.014245071621438723,-0.17529615145846722,-0.48838534084282526,0.3395253213506867,-0.18524347011402997,-0.5185027822523071,-0.3092800545423757,-0.47541725417050473,-0.1516906668747198,0.07329578429502699,0.0015115526632564012,0.10400592678971123,0.0509981206453416,-0.027396107878297066,-0.11310900332704545,-0.044741992934149245,-0.06785893134986504,-0.009638213405008339,0.13736377456066773,0.06274860305019568,-0.0525827957480963,0.06018459485299175,0.09984142562685065,-0.05084069748182575
0.47167714332029,3.781895123659534,-2.064135856277469,0.07659161268486982,0.7962487675534905,0.06859719788805196,-0.5876914693140727,0.2499984588495374,-1.0724540386766699,0.011037591746887308,-0.2832703626675804,-0.8166207483067174,0.45236752182968665,-1.0425810175164882,0.8820957991688824,-0.10493587639820472,-0.6140967012679198,-0.24889424649993774,0.8465130961228411,-0.5757859157408477,-0.4606942491491074,0.5274660095505385,0.6020273118443825,-0.5108523701746673,-0.2513780835556371,0.30190655450367476,0.22386342808856552,0.0807121605707928,-0.7275123249082748,0.0876264451912449,-0.10965413201494983,-0.5094101203363957,0.4201636671338488,-0.051182268409060004,-0.17195233293210227,-0.16847183124154283,-0.19824852222227676,-0.24327173644894579,0.1770766595629569,-0.04618239274543584,-0.1859798978316125,-0.44133010684264234,-0.06974196244033586,0.24407815168690036,-0.22789926971290347,0.33457761023095384,-0.024997813269668028,-0.18516632007253292,0.01941878322452849,0.11297342532728046,0.0012979821917282516,0.09206482983105324,0.06317070524450534,0.05422975282306675,-0.02719006532847991,0.016137005541909933
0.527471619719246,3.7833725062853327,-2.0801424222649225,0.15337841116379075,0.6548608613979643,0.051052786544279354,-0.16277014219192815,0.05602651725235023,-0.9580097736878074,0.9671177214573208,-1.1827994218823432,0.2937059789390774,0.24648337583096014,-1.3944485574498493,-1.3604177795215726,0.4311285287642446,0.9197817121018635,0.17325356058376484,0.21509580236185175,-0.7055133642914042,0.5862786718418525,0.25077782237705787,-0.07549306442620296,0.22589249646419382,-0.07329535527338625,0.5308435136664414,0.6569962839651542,-0.2949042363501843,-0.3618420631666181,0.039365695977320085,0.047582073279779404,-0.34788648592693217,-0.6934511336616503,-0.2649909448545778,-0.16170795137721797,0.16627815738572593,0.3954909009407262,-0.08739577047325355,-0.044473334948826035,0.16789558841017777,0.4054009956068285,-0.370154121881571,-0.19615345249841468,-0.06362354506868291,-0.052970775964190885,0.03712433262438043,0.0947008818683104,-0.013060711234640412,0.004624664455528022,0.03949247406262128,-0.05214202123169601,-0.046418526982840234,0.029608586436516,-0.01713824518701663,-0.08277780588942009,0.004179318410733106
0.536512957449926,3.2893709929477515,-1.529991936193952,-0.6987712671874995,0.8693933301847724,0.012466709063303388,0.7027197993572903,-0.002369764601851351,-0.5980454625347432,1.6363127585714008,-1.3364917331593784,0.06760426601390848,-0.4693717894716785,-0.2973750529760117,-0.2233160710084328,-0.3717227665776323,-0.19294966615266745,0.4196444501413728,0.5310744582262168,0.440026463891179,-0.32611662199068875,-0.08064050809177034,0.20531713953180805,-0.6885581920124124,0.508684405111647,-0.10243299059482178,0.01553621466880973,-0.35355076800198587,-0.37955434174359615,0.17639297483076538,-0.07120696459785948,-0.15342067205476537,0.437272124951154,0.11019340044292818,0.2993925291373385,0.1951699427669809,-0.21892624199618768,-0.31269316767307864,-0.31607251981869355,-0.03868878525432784,-0.29362905403405043,0.22101678910390318,0.475833322183016,-0.31153088946773694,0.2872461147227769,-0.16965351072515594,-0.016565561439224566,0.24536535758124906,-0.19078623593419142,-0.0022424502449774593,-0.06792277246254032,-0.08740235847011478,0.1300148477015044,-0.005843206508017284,0.0029672507124998515,-0.0691262025384541
0.540999949491896,3.1084704749119068,-1.3435111448308419,-0.799364671583972,0.74490767477053,-0.8654244998068954,1.899691590357548,0.2011835656749062,-0.3542483844726087,1.131307108019362,-1.029876038877428,-0.19275708689022342,-0.9425442091175559,0.7078067571677069,-0.57403751717283,-0.3483441649084498,-0.32722230710349914,0.2124381739930253,0.30148483441869056,0.23511650655117328,-0.2192048099676361,-0.416164520515995,-0.6607797330882255,0.21983763474759896,-0.22445218540953896,-0.20722317306248933,-0.27012993819770575,0.6430488219525847,-0.02282912254416837,-0.12301349660501612,0.14418538147026946,-0.046014280066370324,-0.005591434052393398,-0.031404072616736764,-0.2286207015194423,-0.15289426413821647,-0.3720376561137761,0.02350257099321615,0.47943759658351226,-0.048400346978381754,0.1819687169345691,0.08735407988672403,-0.07456959224726763,-0.03887030915719234,-0.18785528202218207,-0.06674810771843744,-0.21689728551995024,-0.25976271153612013,0.08943888860961659,-0.01933202618768885,0.09384349025992814,-0.024643571412026655,-0.05972005282045207,-0.01591369409879429,0.04453241602290912,0.10839056778777865
0.541269050941392,3.2040312194146994,-1.1963596589407341,0.2782353856074964,0.632510371592651,-1.1531755836710758,1.4425905448861598,0.27322624626413555,0.05930929979384762,-0.11222618344552206,-0.6957483638916963,-0.751412089542229,-0.5000203565320221,0.5517363402324583,-0.0717161624337063,0.3364368572937172,0.04671841543924582,0.36853007187466835,0.26430960995583525,-0.11069663969295127,-0.37744383458139014,0.5318796933830704,0.05414541431061085,0.04562167737703307,-0.002294598756658821,0.2887354594951706,-0.15371925115474183,0.20995483245009935,0.3737532147322397,0.20533230014841622,0.08427686568458427,-0.14770543165767355,-0.02884789642757385,0.6346211615443069,-0.4665711013471564,-0.6521360677410587,0.6912901234918887,0.2770802253379931,-0.5134176705724548,0.1970894123814664,0.06915538947985596,0.5361396973995944,-0.27758656502414164,-0.030151607949407515,-0.13092692633043232,0.12388750277116764,0.11524164419257592,-0.08151416077869934,0.09028776774302535,-0.09568971525474294,-0.09557694299441717,0.026636869427391734,-0.09126856190652058,-0.029899873256137615,-0.04940584096866453,-0.059845800395190954
0.551418591570473,2.8331904737180165,-0.3915705595804828,1.2048671840155845,0.4411140130499706,-1.6120529710655687,1.3926454841366847,0.6981651194773101,1.3789168016309779,-0.5004683031946571,-0.6277885264461252,0.03470196230814508,0.13748481096977386,0.41036069676806525,0.2739833124230609,0.3097047534066486,0.4894627494196286,-0.3826133938953461,-0.22702103878153376,0.7669952024604275,0.23963822605907845,0.5259931277962059,1.0856137396801264,-0.3447595982323053,-0.06746142917747522,0.08748582884532964,0.02659885555864029,0.05518703879158331,-0.5484085968077127,-0.23249008656421738,-0.371348151213648,0.585320910066307,-0.3543997352937296,-0.40147835513105073,0.19072945061262472,0.4109920422375482,0.093436654534132,-0.1454878029909904,-0.3165687328415118,-0.1961433798897342,-0.04330687082446796,-0.19087364833099274,-0.4191727607590608,0.2600299116624261,-0.0551792817689913,-0.03668808002815544,-0.11515067226141859,-0.0465913875987674,-0.010726146643724564,-0.014819241283111177,0.1276185049542116,-0.028570014849879276,-0.0017620200477234844,0.1121977091535502,0.017577983703289415,-0.015511700929676728
0.55346785118836,2.866713703939162,-1.0060448642028654,1.2547052725546552,0.39743640514142126,-1.6145710605362213,0.8683820946916665,0.8291132944570964,0.8756787476994542,-1.4435905622726664,0.49045559482035267,0.06377363711145898,0.3059818863261338,0.3569182830454067,-0.3754336294647972,0.1272932628102885,0.3549586826445101,0.06355523381481917,-0.043701338755082704,-0.726296644077199,-0.5402396728403911,-0.15674846705497805,-0.3649142768211561,-0.22182013610737653,0.2896948724576745,0.061257668573602105,0.07374453159060408,-0.40753512701265715,0.08948840605767099,-0.28297185874135156,-0.1283543344893772,-0.03465125676849545,0.2894219312554502,-0.3330539242345696,0.08251061340201168,0.08226950454586332,-0.16742773668531272,0.05245596413754063,0.2923482971093633,0.29239302867597633,-0.1662874157472308,-0.1421379583336864,0.21744290903927177,-0.108956496009045,-0.18503029455381823,-0.0018046849452806595,0.051588523439781396,0.5153545945614687,-0.022030467128856306,0.33170598284380265,-0.18329701031207726,-0.066951413255179,0.11960441832270165,-0.06529964527687648,-0.156270345361415,0.09825130105777138
0.55387852468264,3.043396935623475,-2.108403761077583,1.1629375418533183,-0.06077743151139722,-0.9763765833497692,0.5063980258541873,0.5387513367669968,0.7590009357476181,-1.6721486952910143,-0.1840560093058648,0.47046028332526607,0.34814596585923935,-0.13729805333770737,-0.21160272181591785,-0.028783059055422784,0.21795422170897052,0.3415188735779522,-0.07727188974505146,-0.4075963230639107,-0.38758272756476414,0.4210903565640262,-0.28079989432681945,0.20782593672499788,-0.24652091015751165,0.06512191506701855,-0.010801998041525025,-0.18982797103675275,0.24809031731077924,0.12029391471649135,0.03631160839834915,-0.06146635334540813,0.43644587538890034,-0.1671878822436372,0.5846753328513872,-0.07848859590888173,-0.16119198549429828,-0.4757641234889563,0.16316312967366045,0.1483168778362868,0.2101795154426108,-0.2231810283446693,0.37445976762414446,-0.17975577661302972,0.5478101299377118,-0.016191804986500347,0.11804765470346984,-0.40246552767414406,0.07531380305932092,-0.32038207144321695,0.07850604712709798,0.09892162968026895,-0.03823718764213553,-0.09758121024119658,0.111600771209086,-0.057823153879396176
0.555116611760192,3.2587797836030825,-2.5298196309530305,0.979004753853642,0.3183768406707917,-0.09271038279272224,-0.22890658605406264,0.1584593363940954,0.5683918943344737,-1.2675543219169567,-0.07446128224585914,0.859894259508578,1.0445988480212292,-0.6282358399691067,-0.4094799923934282,0.07000005237935847,-0.48212398337335677,0.1875843367572206,0.9239315924758943,-0.32562185275980754,1.2958972547082435,-0.22883305304232063,0.14821017397078168,0.459435688827472,-0.0546803818593462,-0.3613883619746785,-0.6192346595419791,0.0843474657693974,-0.03166766781179598,0.24002091614767795,-0.09501244715123781,-0.2782141410855687,-0.1200536546384689,-0.10953132976723337,0.018585310318764703,-0.3382531851441757,0.11934857219948546,-0.2811784581696061,0.15258660177465785,-0.3602554353590926,-0.4745958999743412,0.45948257844287316,0.15670560287477078,0.056208000883805925,-0.04341466124103574,-0.19934924037845028,-0.13164130573749108,-0.024178346087814294,0.08233889607933327,0.08320833542523205,-0.08586413975873558,0.020822151797226,-0.14889439841639882,0.010797468168004162,0.12681074817641327,-0.0003368971241043673
0.564606244871735,3.218413461603539,-3.0267009208276545,0.7274729385861874,0.0327967832270523,0.8471710336878361,-0.46146175856431215,0.05842588525919851,0.4273665429437643,-0.653153529928523,-0.8756681481321701,0.580037626145578,0.437757162282391,-0.691258682823247,0.4936727132984356,-0.6535258131719751,-0.2797237408810714,0.005183763591020313,-0.3510367786512395,0.365899852953191,0.03970775878199627,0.0027800328505984337,-0.22173895941081997,1.0752536441435356,0.14104321115207116,-0.17878636910705736,-0.4002081417359859,0.2457957602339788,0.09496474423895947,-0.263709652619983,0.07173883078786884,-0.10208223475945313,0.37692431948018723,0.5779540625977854,-0.35487093307288387,-0.02585016312120835,-0.10057112045807008,0.12454870835772971,-0.17515179685235888,-0.27865368736005336,0.14937636997234668,-0.03571975647837342,-0.3230055732030059,-0.17740954337653703,0.14218573287193081,-0.17286614242184015,-0.23174634673024241,0.4237542706409627,0.017168303187011933,-0.248098852165375,0.25885447184872856,-0.25143348593785303,0.18662072169493946,0.050348942016977066,-0.16059786582928634,0.052375966770885914
0.575949590945403,3.2700686543546142,-2.4858910697493655,0.4248935923979294,0.11661407929763455,0.9231646035929264,-0.3935827876413268,-0.08071658508146468,0.5985487425802892,0.04911538387122027,-1.0107028723468416,0.5072120889949129,0.40018879719763867,-0.2484983186228178,0.5012386304766504,-0.6768860503786082,0.21970810293963827,0.09873912538038743,-0.521890348656012,0.3254866741815691,-0.0518209490362533,-0.3705689650404495,-0.3565264887158212,0.4972399276446394,0.22075475441369874,-0.14565372938372717,-0.2577708609702455,0.01994831477928034,0.3060058217560212,-0.7263924202715382,0.12261804378782754,0.4978868721138565,0.27799804159194996,0.7266902038022547,-0.284592212591197,0.09203554274961796,-0.13258406340344445,0.2836856634926439,-0.24636235785355268,-0.03414729570910463,-0.17406523994067602,-0.20790579208808718,0.13379550035822155,0.2413108859023416,-0.2983419386023341,0.21071473566584442,0.2991369711285587,-0.1283166057029655,-0.1639808420790258,0.23688959107860738,-0.14280011427869002,0.2832107313672809,-0.1632534276965262,0.030849456605816946,0.12162207507506977,0.012502019061584532
0.582019976212569,3.2374449703069414,-1.2645464155720167,-0.32187103366378195,0.6090782502111891,1.2986499689745494,-0.5159511504608831,-0.4730255990189073,1.5897163569906207,1.0734981779133055,-0.20542930886996089,0.5641089198985003,0.46202427344948327,0.3754987097051434,0.46271620540409264,-0.7643494255133212,0.15024111760256428,-0.4834239474855388,-0.38002698668933277,-0.7145017064861094,-0.05562568234944725,-0.1961582801219132,0.3920722238941464,-0.344244075288207,0.227072563029739,0.5420446716092496,-0.5964205486051953,0.30158316619684133,0.8077476295050882,-0.6113472086482897,0.029721484365190044,0.283541367902641,-0.11631657532639718,0.06009211754741264,-0.1077592322084401,-0.06388945158376098,0.03354066029773332,-0.44889394191101406,0.19871703815605618,0.5155828648343327,-0.06088759309463554,0.3312661690165311,0.05947191659949922,-0.07044018798637967,-0.12411378256194401,0.27155040437770617,-0.07313617133854987,-0.1142112501658779,0.033761108512933985,0.012778035944621829,-0.11180943745534472,-0.029401654340248138,0.07602800482651614,-0.026244887987079375,-0.04015631791057747,-0.0808022342102355
0.584430480880847,2.205357675136171,-0.16812021364765967,-0.3182305665528984,-0.17881820980122232,0.7318483419402328,0.41126937234816385,-0.6827348954745447,1.4050065586491416,0.7907827540242232,-0.0033637270968741137,-0.37785872620644084,1.627642359765711,0.7506947684667689,0.7272543659520443,-0.8459607168870272,0.5954898200638431,0.1276831463610076,0.06457340219089895,-0.5688127584534691,-0.05201690474697419,0.0004798299491232055,0.07953122665900789,-0.4938599013667677,-0.0303516997060644,0.14231764739910088,0.059509406358735646,-0.49362622590713284,0.5963394227779297,1.005156191491262,0.5200997330589026,-0.014206861658389568,-0.5079632437622417,0.19580540164003912,-0.06666002215810614,0.1515590919750424,-0.17034357690157523,0.3943188998322817,0.19436005614384402,-0.05749107899511331,0.15180297437443507,-0.3339724406086309,-0.1340869984225304,0.1257540604326857,0.10468099150155832,-0.2517631722199649,0.02724601901972002,0.013836233346556209,0.05397411686090424,-0.058292644253353024,0.03989814642563335,-0.0020060233747515306,-0.06051841855026156,0.00634729946370516,0.013172669286149139,0.06650118159469479
0.586765822437222,0.4966766200656119,0.17838468326197163,-0.6156885087027778,0.5625496647913434,0.7699868405956741,-0.18199522585437602,-0.7481064950751235,-0.2689168905467311,0.17869954925429343,0.5687548468764925,-0.662142225211587,2.105186524870481,0.5791345567789951,-0.5306107343827356,-0.8423374981930046,0.713710814978139,0.19056175127744004,-0.4154793278740439,0.29011056223464093,-0.0001881102254604507,0.9008961674432879,-0.523184499700218,0.5021851521775132,-0.08685390799549371,-0.2783048479834243,0.18619642588670704,0.6813699782677255,-0.49367188649713467,0.22033411536819805,-0.2725060537561809,-0.0435393872802527,0.6052734886085762,-0.1682138726159097,0.02968029444520311,0.04964742585296241,0.17316832215036881,-0.11607619049768408,-0.17787452068566528,-0.11027123546589565,0.07675652909137061,0.14840183159105236,0.10245541324348378,0.04202152907904602,-0.08532239346870729,0.010916474864921961,-0.005852642727773049,-0.05200879852654628,-0.047924091746322436,0.01910617669927239,-0.029867061558808385,-0.03361170355025306,0.02944024595314824,0.021991335307441108,-0.021302799540077078,-0.05040137655716464
0.617047406540971,0.20612210603191486,0.20417903174909602,-0.5783816374123746,0.14397592028571266,0.9364720083401623,-0.6338538471678248,-0.24366353060751597,-0.5088945444511214,-0.6835929328234767,-0.21288304638283018,-0.4421359725512946,0.4456992378589818,0.27846284189844056,-0.9107570499994998,0.34589998189733934,-0.483987022438743,-0.03296516967522651,0.6892814708324283,0.10793455991719644,-0.4569519203966639,0.39355885068119606,-0.338597659032156,-0.6247857394393304,0.5024517170603274,0.3340391104346716,-0.004170216588312481,0.519516322377018,0.30842184398989436,-0.9024215433357912,1.036414659860155,0.05406375170528333,-0.02158114095404784,0.04253823262133092,0.5354513165494703,0.24935570461762047,0.5296067803647035,0.0826366224746978,-0.045996387224758524,-0.2501218336486882,-0.2189750254791293,-0.14138941179130776,-0.11531164977983321,0.07448621489763736,-0.12154108258567979,-0.1081180073577153,-0.0771138424162041,0.07000355006883258,0.0506599428322269,-0.04536384568810786,0.055485430192980655,-0.007743045656973963,-0.008192023847908543,0.04253551736941791,-0.018690578022787105,0.03441468943071943
0.623406931075868,0.09603168940185715,0.3329223555607236,-0.5482827194405828,0.5072694242762869,0.7923421634778225,-0.6806819859357219,-0.20200696941122115,-0.5417043711825624,-0.7739968753543894,0.01012110460880342,-0.18948002799182126,0.053147352813938314,-0.10148349361671216,-0.6270039661898711,0.23334126618742412,-0.4132715515136767,0.04297973643594733,0.6130058686754357,0.11913930530859608,-0.1940953465823514,0.17104978363264822,-0.015293330437107592,-0.13240263525597312,0.030570633906638788,0.09299776096635744,-0.1147912751778361,0.02224588882139672,0.05550669444782261,-0.4611094950314715,-0.21575564973191744,0.3025084290399901,-0.10277896847395845,0.30852868548155116,-0.4149113451920337,0.3115898259844172,-0.15099440575761708,-0.1571227396534842,-0.12225689778626087,0.1690572076029124,0.8534335119698302,-0.01651857713551852,-0.028219027463584383,0.15940583615460877,0.5342298333987748,0.22286045621048628,-0.48168583549427146,0.1586529020723617,-0.04917592215420413,0.08491026876378448,-0.2460664373868045,0.16373149896549025,-0.04852491544328336,-0.1592326704700461,0.07675112296125657,0.011132356728463657
0.630493923357263,-0.024149395103554162,0.36589950065281723,-0.6993618606299042,0.4669142972415695,0.5191065839746182,-0.9091450967454681,0.08143290767017264,-0.4568103507917914,-0.8660705241816734,-0.13777251458394518,-0.1078005547466674,-0.4663431297559742,-0.3033560509859862,-0.3795196374600023,0.2025754469705255,-0.2641608793401445,-0.12198766177267463,0.5671652687598396,-0.012683100981792872,-0.11026885257753756,0.16996831686692118,0.06711672837176177,0.012412878289032403,-0.059400415401362504,0.17716615502816332,-0.036284498731006594,-0.11432333720521576,0.03704927143011227,0.10943593348021871,-0.576243178823589,0.4457553118145086,-0.23634009343540952,0.17225998876153245,-0.7202080677646419,0.3460608183929999,-0.3876120833828663,-0.2718953575761371,0.12294556824847894,0.6225171655484851,-0.15677586943003124,-0.021760716824277566,0.011582492683714182,-0.28395268734567936,-0.199371747000217,-0.09159464850737391,0.6973555200660533,-0.03188359337666683,-0.037552364427093775,-0.2593941537592353,0.29022945233063463,-0.17517754677291208,-0.0663861595152181,0.08323588105865852,0.04230979323172534,0.04131063159874351
0.631887316538843,-0.01714243898263608,-0.49533488435377276,-1.60480662779509,0.08973825436848604,-0.39333117245598664,-1.3820436582620155,2.1980130798670188,-0.2751465140785126,-0.9775113484511194,-0.2525420427212259,0.4159373496866572,-1.0394662121368283,-0.1105632329167138,1.3769488808039632,-0.3852583887263329,0.4487674882943835,0.47777431886457217,-0.1889457610729619,-0.0937785645183087,0.6353712396822664,0.06034767417720234,-0.07874348447360958,0.0536733550669684,0.1806263917255231,0.5316110167365965,0.24359106832966493,0.10249041679573985,-0.2080974861931813,0.2735133523907761,0.31168610607174607,0.06883556925829223,0.056135157665918964,-0.31333633420943285,-0.10453544958784097,-0.0930676588728673,0.035007887523177274,-0.025212134392115997,-0.025613889928437123,-0.0008554696428936318,0.20054645946759767,-0.017601602312788622,0.09804110408720523,0.09211977525536102,-0.05120073444582464,-0.14132188076226712,0.018256639990645803,-0.03395840188189653,0.006321113279488886,-0.06369453163638625,-0.05392278993311024,0.011631732913293023,0.023192469058726146,0.009678839278476981,-0.046674710384139784,-0.032693406748043455
0.632004751630834,-0.21992846889158196,0.21451309040196112,-0.989477672102901,-0.42856275962277407,-0.05157120081694284,-1.3136812366423791,0.5451409073989157,-0.4134728601563911,-0.06212541509401446,-0.798923551445601,0.8488735802679739,-0.5444119404975926,-0.5113680544386578,0.1473925537858763,-0.1607399212338466,0.7782396099055551,-0.676777043147391,-0.9164461633151669,-0.04923984597740539,-1.2191083739210815,0.5113874603774824,0.19185480616832082,0.9559649300356007,-0.6208895776188577,0.14586912303115535,0.34876000630505427,-0.5264094206132693,0.14811413600411563,0.236193261620489,-0.13991406054887215,-0.4823395992978464,-0.40098475014954205,-0.2637702270878424,0.22020916807680588,-0.4212574747043106,0.09189153230192176,-0.026592612779632187,0.3112762850078169,-0.2961188510157888,-0.4436076554629739,0.2647249331680658,-0.09676450712626837,-0.09014014439242575,-0.1004327054260198,-0.03368352944655301,-0.13544146576112467,0.017555528346113763,0.07936468646611197,0.18335510426393195,-0.08947314160236457,0.047127041781355815,-0.08052855704809055,0.002774925100234273,0.051781047502277404,0.031315181989439916
0.635926384697436,-0.897476705647012,1.6813903969403496,-1.7138429305000003,-1.1082641438037442,-0.3175350795775387,-0.36488162476335984,0.03556059399975602,0.027619975819266025,1.9290914094113352,-0.31741657245651417,1.3151160155956532,-0.2843485100079049,0.8630035033509261,-0.34374984975929224,-0.4215190820443239,0.017764657290784313,-0.7076638629183737,-0.0653973130854973,0.3308489720726851,0.3221862250302037,0.15799775114684417,0.8905242631116683,0.0018095070222401155,-0.02358043098899744,0.0069695229096195625,-0.6253065964214393,-0.4048082292849441,-0.29687927187904906,-0.7319470433925782,-0.06787262813321704,0.28374649620477277,0.11176277778420934,-0.25702917059747,0.4439529894796827,0.33679092075022127,-0.381425830881639,-0.08973966631219576,-0.047555871415479435,0.01865260866492532,-0.20012555227046794,0.17869490246261843,-0.09111796459629223,0.05285180597120923,0.008316477309249334,0.025726477987005086,-0.0510447499624356,-0.10969549321436681,-0.05369102042131885,-0.06598632369860959,0.0776376533881596,0.020654635427217037,-0.010499507914739706,-0.029032686224257816,0.016603025084840704,-0.014638870645253788
0.638875774665152,-1.7561385483547087,1.99432415396724,-2.275528787641976,-0.4993268268259787,0.018291749024087135,1.3588646513974478,-0.44023330664463844,-0.4375535144278566,1.9224695351291374,-1.4540821639964838,0.7494004949990117,-0.12901670412839353,-0.3460668498923334,0.42532950929892777,-0.46058825194951164,-1.1657472597520908,1.0792823235110343,0.11138855394240493,-0.12490841256165419,0.1677281485141369,0.425392979838565,-0.31869168467613,-0.7351719396328131,-0.17699915245026882,-0.0696106345679267,0.14985984582910444,-0.06891055325127553,-0.24543464140350943,0.5731424602506949,0.043167042470591846,-0.1388919926764136,0.008460080586199447,0.09087897856396182,-0.18311283662757705,-0.10738445962633844,0.22648612945079236,0.10322999824653023,0.0645179302806874,-0.0629574458481989,0.09995736523407958,-0.12550931291225906,0.05894153891308362,0.0012216909077108575,0.00020324304988451566,-0.07252221606665826,0.05294989081465846,0.02923321283466336,0.044405366631518804,0.04330778381890402,-0.059019335731791134,0.0035832944651380625,0.021990627223965286,-0.0010895406014861473,-0.006443353540389171,0.006670371262762377
0.639047426527176,-2.11436816344317,2.2431383752504255,-1.8369130216907297,-0.23265923728911725,-0.3735082151146136,0.9110596272975521,0.47947800785998496,2.1486558642475866,0.038041632142951615,-0.7919428820142013,-0.5716518465691502,0.3894961768230089,-1.2348085479194812,0.0639542617963254,-0.12586090992389962,0.9240462319223272,-0.3905719104567226,0.40099147087599724,1.3319923946828651,-0.12296157260673175,-0.8725089050249636,0.399107197197498,-0.6812661698197007,0.3384240076619503,-0.4730819136982366,0.3100136017089859,0.25559354919586397,0.4478202409907045,0.2771948062804321,-0.07886383988373069,0.08598298126369801,0.023965440248291833,-0.16430868202729892,0.18986675444237136,-0.16076226132071197,0.03410873704424191,0.0212598776292068,-0.15703410700402584,0.00041164653668394977,0.036986593744317,-0.08466948299015888,-0.0051810208444941445,-0.0030939929360525656,0.0131760715970272,0.04113366423363597,0.03091889122955218,-0.010016360428481457,-0.03410843845098959,0.034157891205965976,0.017292873701484593,0.006828730563922271,-0.013745425210156604,0.01333321707716397,-0.003948997095503262,-0.011696214019752136
0.653490672021814,-1.7268827207676656,2.3231037124767715,-1.0640711256785418,-0.6551188145971352,-1.2351112751655977,0.8519897204854628,0.0007898305058251383,1.92856375177987,-0.7015094647352145,0.11751314805611321,0.096225711432332,0.8867266866069834,0.28887579941843894,0.13626611801238017,0.8502511965918839,-0.057612418588107665,-0.051170980819162735,-0.6663443981979685,-0.9839594955991462,0.03779861352113975,-0.8417163605305352,-0.5306308803634033,-0.12543304644137251,-0.29609081678489213,-0.05671272360295091,0.3765032616836664,-0.2470882894077398,-0.610361244836771,-0.47025050095807364,0.20427898788573914,0.36231823356179554,0.18700967194612095,0.2659108622357415,-0.17557559642385007,0.39732815985977715,0.038961150433642656,-0.04768084373564061,0.23242957057808644,-0.11744912904130009,0.05763544652567384,-0.07942405565731962,0.11919165805381894,-0.051138376147542894,-0.09124832238830544,-0.045300915492000056,0.02578873913325256,0.03948919435744908,0.044222286074737646,-0.002807472536924943,-0.03598546692906424,-0.018144591004965557,-0.025505917063510096,0.01523771775227166,-8.007855851544302e-05,0.01159978960382457
0.655183366782917,-1.0164509605127072,1.8353196559105904,-0.6974162477891421,-1.1234384345064394,-1.4999784950146084,0.7236166065411848,-0.18116958940659691,0.6330861030275058,-0.19808290248483396,1.1076430392943735,-0.23599749535535738,-0.7402984009114433,1.983207373062644,-0.5289307495068515,0.951719776067966,-0.17520369293588425,0.4286685525998594,0.05501628144525245,0.27393933399266457,0.09605231284087258,-0.3310958570714006,-0.42116588964288854,0.2335291817250045,0.147459888031883,-0.3196381253665471,-0.16016522323769525,-0.2581489217540266,0.2690896899292556,0.6925407644899669,0.20603409104547785,-0.44947976144486235,-0.16067321310036883,0.10134587049264532,-0.2792015085597768,-0.2652841474955485,0.09647621918321053,-0.08224755505502448,-0.3426795059506391,-0.095427853738773,-0.11036944903184176,0.005608401252671722,0.05694927946167808,-0.056204432947353104,0.011074719191721743,0.1551105956635424,0.021010916125023316,-0.08355070692742964,-0.02513633091604572,0.02119178589523392,-0.020797440118510722,0.026430872591695492,0.06478891815336517,0.009422372303935929,-0.03621014485901583,-0.022881933184582495
0.660076370133045,-1.2878837795752005,1.320365963346341,-0.5294304264269349,-0.9447840689294672,-1.3918004395410488,2.0499633103120587,0.5981155557767303,-0.8748329452427519,-0.07948964680524921,0.8255887883701984,-1.4490256376582042,0.04729103809405946,0.06938605925184477,0.3603261073819617,-0.3994143120489742,-0.5329312986461585,-1.1459098012912485,0.28935968004289747,-0.9266569427874843,-0.3542892457025657,-0.20077253589577687,0.6205551794014608,0.4467922070808024,0.38476413367860224,0.6156096867226915,-0.41562227779067995,0.27937215665760623,0.19683574718508848,0.13517995313183337,-0.07708096571689838,-0.3366716064448674,0.11866546521242206,0.05903558915093405,-0.10662413557023395,-0.0748026000877029,-0.05476926889495711,0.10175502874667385,0.10927771344085258,0.05048787452222582,0.005226851004208427,-0.004547829053307602,-0.08606177632107663,0.0977344447131884,0.027518539991175053,-0.1563253883955602,-0.034070335653747674,0.06674349515564977,-0.025281014107282646,0.003521733059122619,0.018447579745067114,0.0013255299303900944,0.00680700366628143,-0.021100827057654342,0.025871094628479616,0.004950338859049194
0.664209238405918,-1.8040028111164454,0.358723392455049,0.7228306319268161,-0.219536948479252,-1.8427590538830352,1.6665597120382498,0.1382167351640326,-0.8051162559329943,-0.7855915958400469,-0.6663046843409215,-1.021054020777574,-0.42227714817969136,-0.4198987580853562,-0.25966775441359724,-0.5112757340313925,0.05575838366113989,0.55637760932022,-0.08700144384519008,0.1636373367950325,-0.17096844489938237,0.709417528258724,-0.8891371603132905,0.43233246842840706,-0.5993326826843937,-0.5302274908946206,-0.31388379722075144,-0.29310717357508803,0.05638059264675413,-0.6676476151962248,-0.149142011406831,0.3801387348034744,-0.014127598547199721,-0.06446846356029413,0.6006004268321188,-0.23276632212241669,0.08847728836736056,-0.22126049111211454,-0.017980597109898903,0.16513244006835065,0.09653881427314366,0.10484851154182875,-0.133667897928098,0.0025893111273057852,0.054661426463829724,0.14914034740220372,0.03966492261949161,-0.0540998940206206,-0.07286934769772596,-0.019133922688496327,0.09587849310784433,-0.005387022854167966,-0.013033314618988575,0.03625434518868364,-0.014269433384668033,-0.00017186903929291696
0.704552283446089,-0.9430450752646518,-0.48657186001727737,1.452921020474218,-0.7046540917239412,-1.0588257319276146,1.0580392065771316,-0.32374921789866085,-1.9322668156546374,-0.04228694053669693,-0.23239414780424555,-0.16742155123124058,0.6693446462557707,-0.5905521289373333,0.5902611840124798,0.22413021610865994,0.7910692026507017,0.566699954394454,0.4117727482252121,0.5364271455765631,0.3926570170950095,-0.3391795496487702,-0.05951853010375616,0.39320585156348886,0.24509752712359906,-0.38873283099811934,0.38055841108024957,-0.7043904466530649,0.3715235949231201,-0.11743211061974794,0.4758534976701128,0.12126908049414664,-0.41697913632781175,0.2777747660390428,-0.10956299529060595,0.44184267605783023,-0.6441426390246887,0.30100113782280313,0.09326397928153024,-0.1221257797719306,-0.27679129124359886,0.03833492341759712,0.028210283426913577,0.11195883259452787,-0.015586313998307823,-0.0817835346305409,-0.03966036122603758,0.0575072542324633,0.0024493517223090643,-0.04221817236819013,-0.0010684349473659657,0.04096718022079412,0.009009078640822964,-0.0712280424939968,0.053304760845873815,0.013045868662181869
0.704582336230196,-1.4719644977771988,-1.677510284561034,1.63726804367529,0.2638930117544757,-1.617988010426811,-0.1376382543837491,0.034469075480061596,-1.7971692605358773,-0.3467346192559701,-0.6221367064942088,0.696802743984166,0.11161513339291682,0.33165597118619694,-0.2548707954711703,0.22758477491015291,0.3474311200852724,0.09630357824304879,-0.32723792354328435,0.722521464523095,-0.33683812696487747,-0.8854336077164597,0.3365029681590992,-0.5442591953874159,0.42102883389484347,-0.2896403146631033,-0.08021289788823086,0.24510706236791197,-0.7179624622710782,0.20417410510069928,-0.36184382847382524,-0.04075793299746779,0.8243183722245276,0.2666774612093377,-0.034843770496977206,-0.01908388333313164,0.30673144902649446,0.17284159911589342,-0.04343302932991006,-0.052285154500958275,0.06973248306794823,-0.13692817738440258,0.1604349814102686,0.04245247316996518,-0.1836379152869226,-0.05738218323227328,0.06115515859220188,-0.0831822448567166,0.03464922796352644,0.065395202749613,-0.04087310988645978,0.049114953184710715,-0.015657288196816672,0.05398106864078656,0.01260796061064983,-0.017169434526089957
0.705107123421253,-1.550240618796912,-2.5886752139962876,1.1674674211376785,0.8431487687581141,-1.839538927942458,-0.9464171954011723,-0.1357939236451068,-0.07508563689453533,0.4893425014627334,-1.0065064355034388,-0.1791630791348139,0.7250559371670547,0.4899615833520052,0.10767856522936192,-0.6303136919946292,-0.6333729496173517,-0.7260039299942298,-0.7146480178142364,-0.1291960854853198,0.00988878391916124,-0.7895915532054886,-0.23737579581331578,-0.8346633313509981,0.2899314431707369,0.13247323992740975,-0.13017007063612215,-0.24585587600127518,0.2469590269427937,0.5267395904339337,0.06075783833663852,0.28460434463405704,-0.6284607937668165,-0.10852003340541344,0.04948314657277411,-0.022206834097315272,0.18647466928908585,-0.18080091891065814,0.0826577516014727,0.00738848109245573,-0.04454826729390686,0.1692103671660662,-0.09837461529242007,-0.10060568982491223,0.13759635426813735,0.137235742004438,-0.026040966315044402,-0.04199751859632759,-0.027146344602593873,-0.03377009051492934,0.018000677502643104,-0.046516813533861646,0.06054796858526143,-0.01896323607499984,-0.03798665110088122,-0.018378061477461866
0.708159050419622,-1.4241432055822694,-2.965555838089065,0.39102895773341456,0.339445452127095,-1.8145039573892658,-1.1407350123096789,-0.3483453083282058,1.5764251937434492,1.0678127440848955,-0.639530710647141,-0.3386929879288595,-0.1432575725616918,0.49547388096622147,-0.07646942036525567,-0.09136732845890443,-0.26124709615868613,-0.21510977476797274,1.13478914390468,0.19319913135459424,0.2658897181611878,0.37152417644418556,0.10714688322512218,0.6518700966873603,0.0038313832881166966,0.3640197420364783,0.9825675791115605,-0.33911475485234543,0.08284877438321875,-0.177671429957448,-0.062210127049837756,-0.44270186078020846,0.4127893633792748,0.39085724963464813,0.05554696846437787,-0.12364512114305573,-0.1159061825616496,0.049384463017004644,0.2927815601485443,0.18519318923173406,0.052389958535989406,-0.09549647164868447,-0.02755201082640824,0.08307873477157023,0.0034417774881743994,-0.03421482569283357,-0.05217223778965428,0.0960279752100067,0.007692670666633704,0.012855379430787954,0.043721009164917654,0.030318030448021394,-0.02520561983881878,-0.001794596905446648,0.034801444289414306,0.020387906638753197
0.721130109732367,-1.5151036263099156,-3.0192043256385506,-0.2648011143233401,0.3724058106656208,-0.7369382907597964,-0.14077222962767652,-0.7567491651551123,1.1745049188982215,0.7919502744609723,-0.5425842930181087,-0.02232267125657423,-0.13203165297922864,-0.2273826717435312,0.6920430856845448,0.5529578524722807,0.6902516429818842,0.4722504786629696,1.1682030475477636,-0.9586590006572371,-1.2217203306128217,-0.330288206918259,0.014222605302744678,0.5654161845629273,0.14365307784505635,-0.33691814913752705,-0.8400302523633277,0.2830634179783144,-0.567177920452035,0.002195952824636454,-0.04884971935073794,0.08872881512947894,-0.31848768265867927,-0.39522764485146983,0.17768975299944176,0.02488027889066333,-0.06449507416157439,0.3123210503933952,-0.2278754392351816,-0.07143216540528707,0.002937043526507263,0.016759954548445127,-0.013222471371495572,0.004860495008048884,0.028412523550870962,0.05829119642703998,0.050945120487774664,-0.03778689270687971,-0.07265948742812735,0.0010716971290457295,-0.00884424704852572,0.005511623114806413,0.007253441712989771,-0.01663287630915224,-0.01925697576665663,-0.011900241419231627
0.723940541018978,-0.9238143277012735,-2.4875199208263186,0.31939546041708916,-0.8278745641256305,-0.06800724126173943,0.13648527821824755,0.3029315616643424,-0.17416436570684093,1.1754180136803085,0.7839277041139445,0.5203444195163442,0.5047499620810492,-0.11248900573024523,1.0290296246471422,1.2627110909412713,0.0040906168916533415,0.05325232547877759,-0.12835161503793135,0.11437559647201978,0.1617801493339277,0.06825519360579689,0.20330496811151946,0.03691728035263282,-0.22455800310724613,-0.6845104653737273,-0.22586223985266216,0.31404303566359526,0.8315475743290142,-0.14735007020136437,0.04260705515519535,0.03907627665770664,0.4161807833956137,-0.7024968193084172,-0.2776972810512026,-0.003954071409255581,0.4299132328065123,-0.6316787349283507,0.21180553814665026,0.1413221569436415,0.11231552305274424,-0.13811455005465323,-0.1039748478217688,-0.19749193752000288,-0.06691631229823818,0.09521114709151218,-0.009680361120268809,0.09465066900595451,4.746933570307688e-05,0.040256062680825495,0.00130761844520506,-0.10679599332615977,0.014695879254846805,0.006129190627396955,-0.08577511518262093,0.012573986063028859
0.725046661095401,-0.5607783649974271,-2.2679309947020507,0.9844028780540153,-1.0267748208780019,-0.10937041312387935,0.30368636343764205,0.36270587926757847,0.5774193862198501,1.2858993396907055,1.5716603111821867,0.872355216688756,0.14231326276853734,-1.0947533011579245,0.4927625790359399,0.8708523569891518,-0.23231451055819638,-0.6656885022761512,-0.03535128736305671,0.7145168987091185,-0.04667207114855949,0.21691052818349726,-1.078722518984909,-0.5179519172975559,-0.44903684797598936,0.8561545324521564,-0.19149166829030448,0.286554269165908,-0.06652543739926672,0.117027140811521,-0.2030464011597933,0.022163159741512298,-0.0937185454319739,0.2892412241375954,0.0639779210232164,-0.10085274592867567,0.026975878517018603,0.09306815827492985,-0.20868974133085813,-0.13527017338732863,0.11718614167105902,0.034688862499824946,0.059899345191275495,0.10587043933232297,0.08520252404617122,0.004270483764629864,0.023807325431425795,-0.09257451272228735,0.034634833889980995,-0.0348111150886242,-0.012992085864610684,-0.027076870775295265,0.007071231476573677,0.06000883774039475,-0.005455634021421432,-0.007141897177603358
0.72812901198104,-0.6380456240704275,-1.8525764686118855,1.565091780644052,-1.0628989653362644,0.3550026947028522,0.044010296308344805,0.5110019073903347,0.6051918814239461,0.8084147065743313,1.1231485722853236,0.18574675507973365,-0.5335579941846577,-0.44813236581182836,-0.45612691786614284,-0.5906344901651007,-0.4125352146305105,0.4215143859534982,-0.5552247312836505,-0.7203596407393466,-0.13872431082717918,0.34283773132683165,0.770178587331368,-0.15947201042555667,0.3357855717781908,-0.8073388052358199,0.9338861843896855,0.5550528761203011,-0.06237156595148104,0.06970435312859835,0.2500523684645318,0.5771472807225063,-0.3566807862034933,0.34107838778318345,0.1033220753957127,-0.22489706628862258,-0.09995970928558849,-0.1058548990361726,-0.25805055019633927,-0.1558164419773344,0.21520847758976555,-0.08368928394405656,0.02858159740005132,-0.06462327172313168,-0.0362201697718344,-0.05121928084153531,0.03637432718189898,-0.0783365948463302,0.054243975912127707,0.02930245041360355,-0.019506691698620952,0.01198639888797762,-0.031894114719963965,0.038098413388222535,0.02346726770493475,-0.003518595484328109
0.735114955850561,-0.5109997582781602,-0.8717448414539809,1.010316485212661,-0.805391728413347,0.8056752519244247,0.15592045687339864,-0.6558632753634016,0.47417907606348375,0.1235456767459774,0.1889663495973088,-0.3719364316925237,-0.4460826461123917,-0.9441739130487447,-0.6554631601368942,0.14166979518166994,-0.07276968028812365,0.4929166615034396,-1.0558865231700443,-0.5671531954467063,1.0884725769114756,-0.4498445703660193,0.3664859180424082,0.07282787159116515,0.15178095173196943,0.32028805263309057,0.10050461403470166,0.3341400777704082,0.1196682789624368,0.08445634104034175,-0.37465842606184946,-0.10959708694164715,0.3596415655573035,-0.21760348186610257,0.5018577084812921,-0.4920233198845125,-0.10478311927954378,0.5750004707648365,-0.08168341304271408,0.1592429562853946,-0.12764033483733667,-0.042365476670223355,0.04888936787085527,-0.016594637307530167,-0.030457644581674347,0.1692689404075771,-0.02951579469156117,-0.048676906192236885,0.036430083429789595,-0.04245212410276327,0.030837024936535815,-0.01288317861562738,0.08793144416455692,0.005771487901765073,-0.06150229770834104,-0.021510101675536374
0.754032752756077,-0.9478668148361377,-1.5687416304983541,1.6843098448383718,-0.43471021800288506,1.1753180654821156,0.09497459538734632,-0.014949513843218257,0.8950160628689199,0.14294483840768488,0.09875697728242956,-1.1045789250516391,-1.0947046744479534,-0.24321958206938468,-0.2998266470072359,-0.8250428862968755,0.883676245148658,0.160693771539096,-0.504861573189711,-0.008146168952187362,0.4435494894893776,0.15385652530092497,0.28452711246888585,-0.8128533616933727,-1.0419482629815247,-0.10324048405186317,-0.6893386221532427,-0.21084120762981173,-0.5531858102030704,-0.010480053833881732,0.4767125011788123,-0.6317786550828448,0.14252426910401,0.08535432468761789,-0.4329719375328278,0.15568659374648866,0.04137551866603317,-0.02967411861232772,0.21247056482387014,-0.00765107357019206,-0.03858470716863215,0.035803037818313295,0.05448830701804457,0.01976892223076026,0.01337955398622253,-0.13017970546089683,-0.017540708666570603,0.10090134339510104,0.03397654856444511,-0.0025620668942062073,-0.018011913263347903,0.018691657996968786,-0.011542705600635634,-0.03565190089459346,0.033678645755893875,0.0190003430833993
0.758436057398301,-1.4619345075575072,-2.0368722827679617,1.34762814044329,1.2076237406788772,1.993008404520595,1.6601238597522485,-0.5342372095721685,0.9757467920451227,-0.8543592766489531,0.15054219746381237,-1.181058465981377,-0.3621974627637878,0.5585442753250642,1.4167007996923395,-0.375846199262605,-1.2466911354308414,0.9435817045642462,0.07421188082563054,0.6140681895881241,0.13132033911102872,-0.23546959010025384,-0.16590654787120196,-0.2151733343569147,0.48170752609781137,0.34847721086730005,0.23143908247118108,-0.05729048830238207,-0.06891161287471378,0.008754765229140943,-0.3350452326694963,-0.1121100514612478,0.2060911773947832,-0.21363671901494158,0.028260016564581457,0.27474469315497124,-0.04733658519295473,-0.13797076301836594,-0.08083597300028213,-0.12125775878583507,-0.07070600629807398,-0.0036882946383909993,0.1297018837130215,-0.006574420022488788,-0.05881158380640453,0.00757839255149449,0.04749901067092622,-0.08459853215648373,0.06417463015313295,0.03524099275616262,-0.035832903004196275,0.00036385462673910895,0.0055058834023322374,0.006738662451576462,-0.008623163692846039,-0.011596981459677297
0.788774447231456,-1.8372898311825598,-2.2427748488551136,0.34662416022852766,1.613286828566708,1.9154509119981453,2.142405018664156,0.9656339193896554,0.13729930500886414,-0.2258081298525996,-0.30953457348848123,0.9858426439142071,0.05995023825265025,0.7703014553814421,-0.13011175488964435,0.22330518123629892,0.6791817880363419,-0.5526503017598811,-0.019814457502303446,-0.321707561858563,0.1393274805305173,0.12674347887431545,0.17401223096343474,0.19277218561512338,0.33221096565216174,0.003171475474777183,-0.08582667247968484,-1.0368980453263823,-0.11796619710555595,0.20446407933790223,-0.04750217457134519,0.0252274002768956,-0.10462970243011523,0.43526133103217474,0.2705206666330754,-0.04408994223238394,0.35407289652265184,-0.08136861653056097,-0.18927910024281983,0.13860086665535057,-0.18411323338436011,0.055211238188812926,-0.16281601149941186,-0.0010168190415821214,0.19636786867767198,-0.004479817344075033,-0.029810033507233855,0.06283095674203465,-0.13288867159827666,0.015515503581054217,0.0643731529524974,0.03192957321288437,-0.011485792936123616,-0.019495655985819434,-0.012528505377049444,0.018974290804274686
0.805917490799167,-2.9865566619332817,-1.8338628271137596,-0.29393042681484577,1.3969328596572774,0.8111418392435298,1.588886604962012,0.7229734009772409,-0.1496549383070392,0.08269565608472389,-0.36928989853404914,0.7641700592404336,-0.3648280297891921,0.9569036888745042,-0.767547193601664,-0.35298252514585193,-0.007249834389470859,-0.5507583255580054,-0.23308483370645644,0.39349046333091303,0.30395803813446265,-0.511535950390152,-0.6765046650345747,0.38294201416553075,-0.12010389671182552,-0.20119858641300287,-0.15234759770399126,0.5620425378161636,0.055101732098584946,-0.22845308877412931,0.06206992458772736,-0.0921614717272692,-0.3640733093354916,-0.43483686041819186,-0.13280971217063758,-0.2681102625771635,-0.42802534920300683,0.04691803089030724,0.5286593164354604,-0.21753170114795908,0.4089867178800059,-0.2768331256280465,-0.029143174185086298,0.01222597529458344,-0.27189388720473434,-0.026681567629358645,0.010554814620132006,-0.018226860113148485,0.14693427894561017,-0.10308421440443338,-0.08308898986900314,-0.03045881005756204,0.046235512733548555,0.027495551535534988,0.07295443528541676,0.016821887556415845
0.809624526166911,-3.9506304028842933,-1.702777157110365,-1.1827939108453074,0.4545176997781821,-0.21759460992382365,0.7587952258222281,-0.3557351676189034,-0.1501182300140854,-0.22278354642012868,0.29300919355113036,0.5821372234127902,-0.6918833122024209,0.2138576321676294,-0.31404325655096743,-0.4746026805386479,0.2030448446927927,-0.3686086243525655,-0.09626971398210901,0.3522004470003718,0.4466354858358014,-0.1297173411095225,0.08411064368264515,0.39157252041753016,-0.8845838966961105,0.47536794442398744,0.8380555861957883,1.3890678012750057,0.05184222487497447,0.10320334869020446,0.3801707588458357,0.07249527044127779,-0.12951368786732997,-0.10210300875661292,-0.22175481525496446,0.5008422823072772,-0.017619125217072925,0.22036966729639887,-0.16990121767495106,0.1209145400152756,-0.32029266205987833,0.27210808486417565,0.2762347503748588,0.02865884308009505,0.20276311839900485,0.01866147267123842,0.16145771523751917,0.26383902674808574,-0.1452292738121316,0.17408490260773932,0.17621727807650103,0.11183167448741879,0.012235742644798467,-0.20781312941816873,-0.03748672315959865,-0.008888989859432326
0.811564342861653,-4.1885045533788015,-1.7755001207846666,-1.7222744358252389,-0.32294411873711104,-0.35281438440735147,0.4746910004648693,-1.12026918432583,-0.2574674034641151,-0.6550378577733116,0.8321843843317055,0.18773830799016633,-0.6463041659449048,-0.11041123445697064,-0.2247741315848848,-1.0537870137193568,0.30161680051833817,-0.328985617705405,0.2726517266886732,-0.04069914765851426,0.2700053479457757,-0.43140173885528255,-0.4335854567655448,-0.10472020790521681,-0.2628158381015279,-0.09199722386153619,0.47951180682003197,0.27223331173816634,-0.1298103067094841,-0.05969480569576937,-0.23485026454056204,0.06886181153953269,0.005708546553148929,-0.1370642295356832,-0.01980447020763009,0.34222272711784996,0.1357443735347902,-0.149526505486156,-0.04981382809002103,0.2879032052658679,-0.4753682172465854,-0.2977039995457491,-0.2003113307372713,-0.11133897155708697,0.33795633019541843,-0.06935757382459178,-0.2977820310255154,-0.1997813971698662,-0.02789234448819693,0.03332401621607651,-0.2481787945604194,-0.1766616531949086,-0.27079114441990254,0.29975194100481023,-0.13089956968111927,0.028982318716786
0.813164197951503,-4.287523617358591,-1.6561360079570562,-1.7348600427828922,-0.49422751864787634,-0.48644218674087464,0.03312850542489337,-1.1740238460045365,-0.023507452614943244,-0.8484368115928937,1.1008290950405675,0.19369850989707682,-0.3515407150539578,-0.3979210444213101,-0.08966800596038313,-1.0108765766385437,0.2772927747542631,-0.3065970470682111,0.24381309677719692,-0.046762429114493936,0.14640032909318065,-0.06859963629943225,-0.28626322069972016,-0.26654094956324215,0.015637869217961127,-0.12102693260600193,0.24474394399794602,-0.38754016180016665,-0.0678806721481448,-0.16107649532109608,-0.4774468542471547,0.2265509793732354,0.06718582394879917,-0.05937653945805634,-0.002525005880770457,0.052542330103717255,0.5396622914722994,-0.19337157217726922,-0.3454756886432272,-0.027971535960400896,-0.20122862186728765,-0.14232155603623947,-0.40827217062175963,0.12024146379141348,-0.3621772435931819,-0.04770165831653743,0.048265139089718134,0.0633004507307857,0.1899391400344145,-0.2213278436723919,-0.13391192337659943,0.04630136720414901,0.34311049005931454,-0.28598478120219223,0.20123520185866245,0.019643138062368032
0.81449711200813,-4.3541516744220905,-1.6022762462124922,-1.8300538866361116,-0.4420828741860951,-0.41095326954692213,0.1775981096686641,-1.075496520507117,-0.14173667584871918,-0.7781545223117039,1.033048232184472,0.21741590529838933,0.21253925354691128,-0.20829126140153614,-0.23828357943920989,-0.6948004402975176,0.23826146913970384,0.028209812493292873,0.10748051732634642,0.25205768323653566,-0.013135336865962454,0.36878394664510594,0.3055150066176595,-0.44407480622502954,0.4352022608237981,0.1993438422825765,-0.10826915219489089,-0.7042766082182734,-0.049813002864017936,-0.34960238892312745,-0.2708520254090181,-0.022377854769380607,-0.2920597622676182,0.09300970057816015,0.12003487378607529,-0.26388150220260237,0.06638946551514971,-0.22108570234106367,0.2692787056353095,-0.48896534267785674,0.6965845122697646,0.3260770799474162,0.3260232158493657,0.14685335593346557,-0.22702364280978046,0.007375111609320844,0.12604842750399356,0.12047329067937106,0.06344402829991769,0.1954589002308274,0.41631909208425616,0.10975896177785607,-0.13675994215877132,0.08884708789639371,-0.20050976643568375,-0.07531438907710845
0.835650220116364,-4.333858108373735,-1.235391906319228,-1.1634657668499013,-0.09425184691227811,-0.5054035416360817,0.019594494775235945,-0.38363276823790465,0.042602692378225025,-0.5213047914581982,0.8611582592861913,0.1717499645657196,0.5934376690237346,-0.2847444329536369,-0.2772707759286562,-0.04059828579552171,-0.085366982035625,0.2777713026034141,-0.350484309032008,0.5068450639901241,0.10174809424497776,1.0734376495616433,0.530729046932825,-0.3139160068033774,0.5469141124930176,0.461201341552837,-0.18766198125640784,-0.30746030514951755,-0.1466797902980465,-0.3141418838473053,0.32451143185984926,0.04529037625604175,-0.2107527863965536,-0.2038110469875612,-0.35911322667651163,-0.3709127709821733,-0.20683801243362085,0.3587918989607611,0.2712128682749755,-0.31327823170723396,0.1035952612852702,0.19762634294469633,0.26713623913074747,-0.26448351167192835,0.07079867316923105,0.008110837114644357,0.08257895401711227,-0.13767734556072403,-0.22001720312142295,-0.09861033757721889,-0.3334909421459765,-0.22093788324624586,0.21353733770601255,0.11107713012921844,0.16553923349448943,0.09940669676265489
0.838925124910112,-4.334813019731332,-0.8396578509760589,-0.6819215647954708,0.020750431344394537,-0.4204352409238801,-0.3008259563622226,0.36428210066028893,0.10487194548332011,-0.10709398307001035,0.8318845657934886,-0.052339651742529664,0.6564480832011363,-0.4343262848916652,-0.29009935162589096,-0.05939020906148406,-0.4763527343678128,0.4771204774826088,-0.6684702943239113,0.4577652973976858,-0.06330990367403555,0.6240128628604,-0.12552826829900898,0.0034940686377329575,0.838256784420245,0.09857490430216546,-0.5111143861847571,-0.3565119196028635,-0.4026540979481055,-0.1695844008667535,0.30454871976203257,-0.03914674307697569,0.06680303467999177,-0.3268214754068344,-0.5879224266887418,-0.27934283570665724,-0.07754854748508638,0.5349670274802681,0.15472236910742587,0.14158465792463332,-0.38763426303847653,-0.2911653510387086,-0.33298731183913666,-0.13918134281506284,0.1582780245878634,0.1754534506537669,-0.0014327609193242536,0.02025346974069976,-0.3052253634670243,-0.14872481572863488,0.007378356304068064,0.10772780041194925,-0.307759670430182,-0.1813977413535577,-0.10358981328567098,-0.09929131934056146
0.840674674778811,-4.5416326423522175,-0.6292892050008149,-0.8565790398515997,-0.011953339161918913,-0.17966838240738664,-0.5481207714365678,0.8228152977915274,0.19245437359073111,0.10025513354601233,0.5591604919863248,-0.10731043919358313,0.7245657845573157,-0.45889310493126995,-0.3752961558744604,0.12009094068924234,-0.3300150026939445,0.8351094813768557,-0.49034808696026216,0.4058431082333197,-0.326023509999559,0.1600818384097786,-0.08529692511063595,0.40835812891475465,0.5247644841669679,0.29670331918287357,-0.5102015785593547,-0.10573085929312244,-0.31256113278053765,0.3483252658957696,0.444161190565852,-0.26395838998887783,-0.08435003948441142,-0.14059949223234358,0.0787687186502203,0.4778226083447253,-0.11235725446003517,0.1953413281004318,-0.24607010346726138,0.8732319398546218,-0.054831799309780334,0.13040400259815682,0.011000853604744633,-0.009020296362666451,0.003785392110752371,0.034612043527949235,-0.26652122015294666,-0.017713446766496915,0.5867536715748566,0.23473560887402128,0.2882810011686688,0.15743332449759578,0.12212110973834635,0.17034493284430913,0.15658919762769963,0.016084072871802236
0.879670348468173,-4.435743312809872,-0.553016896108881,-0.7546129264261386,-0.14713868025346966,0.004313680989772204,-0.9675323276534431,1.13586872603288,0.13776303324751887,0.16572269932281564,0.44372716646562427,-0.22102114116503346,0.6119110915031752,-0.2875076943750132,-0.2702313895491199,0.4361394198544944,-0.4116257343994883,0.8444026229204064,-0.30363569758893455,0.31281123532190663,-0.06881209260519269,-0.16537026825559423,-0.018181865353610615,0.43424215788087106,-0.18117423287261386,0.3291455248048154,-0.45818317161921945,0.29976785886885876,0.03488006499108127,0.6526445812876992,-0.037846188773216355,-0.39433849854930586,-0.1650815384296832,0.5307099075785798,0.865303862749543,0.6768261781545178,-0.14646191717181437,-0.6676407665847415,-0.13427999965590154,0.006295544890053428,0.3174502667681978,0.10352538053995036,-0.2874524053100767,0.016059943100523257,-0.28553725622585124,-0.3234393961623035,0.21450307754140954,-0.0465523455678154,-0.2963803304105234,0.0715651825502537,-0.25451915593662855,-0.0010348225512735246,-0.1271545165106259,-0.13957758339539975,-0.04629559586323247,0.0722738204332231
0.885572030982391,-4.194229453542689,-0.10955615883544653,-0.31255513340369245,-0.3990924997915811,0.06496882041672436,-0.7609167946393471,1.5226992599191174,-0.21807306189765518,-0.3537829592216783,0.04475930998089688,0.14619977159428418,-0.5670033577113303,-0.1973958743490113,-0.3219055997867047,0.5306992153150621,-0.6521802700873406,0.9089024372426104,0.446776159209375,-0.23460051465568685,-0.18982076599427983,-0.6432609285318487,0.533670823445202,-0.6529048157163811,-0.7231941487710314,0.19122593949729547,-0.24333036016688372,0.06798979929694943,0.6044175135522319,-0.13948297410572102,-0.8168268473776243,-0.08360860503929493,-0.17634414210916555,0.6587235159373848,0.3241186962848569,0.25352498214819047,-0.24699874159829038,0.3879134934362501,0.1942447969381872,-0.46312880043371685,-0.18236985675464262,-0.14323145112502544,-0.25352825965841086,-0.3432745256351174,-0.04757835114237961,0.3192833562724295,-0.19508765573094392,0.08924950755037436,0.03845869562778748,-0.1124573419484116,0.09146638347079424,0.05012410707889483,0.037673484158812096,0.02159843382567391,0.009381384693582673,-0.08365576881503015
0.90201319184738,-4.588181916082024,-0.21428628731895907,-1.0641365978453134,-0.041133728338390504,0.5954058774429201,-0.8321878003168669,0.9504482415023785,-0.5233688589506741,0.26160105919450477,-0.4063724076333521,-1.0852220928231384,0.4745993189039546,0.7852728575788551,-0.1633340859921304,-0.07861025861779021,-0.02459510972089361,1.1951317504302754,-0.21353826510762539,-0.2967520457220586,-0.2531777540246206,-0.7209792483536748,1.0676810267597017,0.581077846941156,-0.3488680671306597,-0.5527812344745017,0.37333035026621747,-0.1275069099492138,0.33410506553459657,-0.30811298031436185,-0.042452178966965154,-0.16807925798369858,0.01066201947253393,-0.22524788961472786,-0.055055007064376764,0.09350858682402353,0.47469634241531256,0.07044792168393563,0.1686986175889537,0.03415973850850077,-0.034443169564984145,0.1863540392394577,0.22645208948319304,0.7354202323786507,0.2650115827207132,0.2512956585652236,0.12802696448553777,-0.04270111816960125,-0.1717473027148147,-0.22415611818754072,0.03179136267788955,-0.1394200326998037,0.08140010061259395,0.08882144049368378,-0.01986956287511758,0.1402501858522274
0.902845014986215,-4.510563404996982,-0.05097900312636932,-0.9858169670212474,-0.2741643708247541,0.8852336386498671,-0.8064780023367895,0.44417471439391315,-0.8316355903902043,0.23656124907281806,-0.823142367129685,-1.4736634902704668,0.5680941163205594,1.3362995559462991,0.3360344735717374,0.3199431484036092,0.38651992473554203,0.41299229994774134,-0.13434872373029105,-0.25557482859613156,0.3066317801152523,-0.24521202727522043,0.6283924920908768,0.28173685972887197,-0.2097974025861626,-0.306062478443445,0.38011454081934387,0.0163033662729095,-0.08949054433815566,-0.6723538572337888,-0.15586975073058756,0.34826041491879567,-0.29315640841922,0.11564974214436177,-0.24345424979840294,-0.5341505967341643,0.10435811042433464,-0.24071238443149667,-0.12097548090549089,-0.09180622847349267,-0.03533297236566492,-0.30678877369146784,0.06849721057038917,-0.5732165492040181,0.14551320550731892,-0.36925142829582186,0.06875147444650236,0.0291844527817414,0.3189853172959512,0.21271661057063862,-0.06928835192959215,0.10566401016653285,-0.022656192544382312,-0.04805235122681131,0.030046470043645284,-0.15454807320521566
0.90842340486818,-4.300517651999308,0.6853244948172932,-0.234839174039875,-0.5091820372881806,0.8158113205194458,-0.7702806904931278,-0.18508248012238018,-0.869408886512819,0.08782147858798776,-0.9709188041350681,-0.8147592181646609,0.5630627078401598,1.1334414456837942,0.7039917473313623,0.5297074306771953,1.271369574283221,-0.07291489529671459,0.2431548440584325,-0.03180224169093246,0.5526140369280438,-0.0009018754220843067,-0.9389944146096684,-0.34425506395886624,-0.45917049213542194,1.607924909281549,-0.39413035331977475,-0.1282773013265372,0.19459996894344542,-0.22767947477052022,-0.7155222363511287,-0.040481503295739206,0.2791080125790074,-0.1591063026293018,0.1686473748091089,-0.09919118493271967,-0.06880595766289174,0.28987465897470693,-0.15792960625836888,0.04387289868128424,0.02568449869057005,0.09015049629179353,0.1252121791714737,-0.06847638258335449,-0.08266472496473697,-0.03872678992358679,-0.12912789305322062,-0.09582247196858176,-0.08771616147910155,0.009594421519966877,0.014772596674113079,-0.0796969544269116,-0.02010737815979456,0.007829186465920296,-0.014070659016010392,0.08308540613333044
0.914361051966949,-4.358864168054535,0.07839750032857604,-1.041772043860918,-0.14584224675841215,-0.23179291093536494,-1.009948597895831,0.5984552214298503,-0.4410576863746123,0.3655143696142618,-0.3143874074932236,-0.4241405523742266,0.1357286974598393,0.04371989904179514,-0.21554458297795864,1.0145177560400884,0.9749931883752517,-1.0380991621412743,0.06056131569011965,-0.7991262308109924,0.5063008610286579,0.8383981202665152,-0.9163046103471819,-0.48165612081836706,0.2355543192520441,-0.6844499383122896,-0.2415471358294424,0.3835154364565459,0.053867084636980735,0.5657298235322754,0.1214972515427586,0.7581425172841524,0.19003397727251106,0.6127912709613743,0.0853197513999269,-0.5743884154509641,-0.5226583790133736,-0.24855698735092593,-0.1824228581997838,-0.0787191208994224,-0.3058185996600339,-0.18881750373685477,0.20548638623949184,0.4133130504458191,0.09931676542371272,0.06549396569599931,-0.05577163779121328,0.10308461360268462,0.05848302140508353,-0.05580820245722937,0.0897363736739937,-0.005796127513100732,0.06884617267461177,0.01076616937917375,-0.029411673695259776,0.02134797818332226
0.924196182648771,-4.400478883233536,0.7202646025369408,0.24105744248160121,-0.41729226129571106,0.504836914848465,-0.5362622293702816,-0.368210552979066,-0.20687249487288192,-0.4652077002962224,-0.9798070862659031,-0.3064622488427062,-0.559627787871324,0.4309105427360723,0.4313145209481269,-0.1405002583752714,0.5318686047720725,-0.41965557146221244,0.21121445113953116,-0.9648975117519866,0.46751611133393095,0.6934895878261251,-0.14012520642385143,-0.035111778532143645,1.067722656837721,-0.8408565726784571,0.3366428360454728,0.32495757853137675,0.011711047269863993,0.6441087130383661,0.2972985974758581,-0.17968570917373838,0.5638005454315947,-0.40507577726620114,0.1198128867202205,0.7341240856685325,-0.1327658771252656,0.09258901416421433,0.324723275487163,-0.06732614999879467,0.2331694825373245,0.3506260400262469,-0.23935358215178162,-0.26261925369620887,-0.3032891404480405,0.27023847942911405,-0.15962845852987595,0.0019921461268763777,-0.16306803516276816,-0.10340583699057666,0.044314514466437846,0.050856091244472254,-0.05684155001436115,-0.02753549855384549,0.052452887990964106,-0.11461728244826426
0.924918755995835,-4.232473791047802,0.659544756413782,0.6508410105799325,-0.5511737010147236,0.10629321797191024,-0.38872667568625247,-0.13227114162427028,0.006696351974525781,-0.6282929490899464,-0.7666668893360048,0.5620021554386463,-1.3658455772119584,-0.3603541432249624,0.6269931295006965,0.6277577782852194,-0.3078713386164869,-0.7341007751532828,0.11660312531835403,-0.4353080869361425,0.38336260496744484,0.16895869536126984,-0.25864350502654915,-0.37218132637441514,0.8184163439547988,-0.38969589591654386,-0.003286136648302168,0.06861429925246992,0.05732933685347462,-0.4181791053856567,0.047234570300057635,-0.5219117182246711,-0.08701865552752772,0.12779879697002647,-0.06361285883839003,0.18001592097280744,-0.12099999690026451,0.0012482632378928672,-0.1474704105066251,-0.0927444064620592,0.1620907968879979,0.33271306919128624,-0.2581153044037951,0.07178768281697073,0.3695879733854165,0.12482897237338328,0.4291380766990105,0.07229653079495413,0.2913855285406138,0.17581233198731513,-0.22996533695962212,-0.0554863767737962,-0.03251264785337953,0.14909836311605434,0.011908244420734999,0.11760512529958021
0.92917625126989,-4.019788899992346,0.507207594041047,0.7551522650414446,-0.4799682267325594,0.05980984736298711,-0.3320399716206516,-0.28551204944561615,0.15664116420111454,-0.6359264080893109,-0.5860151724796034,0.7581886768547481,-1.1088769088291233,-0.44243498241544427,0.6389644450480702,0.5263379957006016,-0.6942108281715634,-0.5600857693819223,-0.016754428885254406,-0.2015626101139008,0.12240237105375938,-0.09264109866402609,-0.12337273694163427,-0.2275997104320198,0.3242656460590193,-0.39493361372831803,-0.1350624776028667,0.009704224567736385,0.1603562250009048,-0.5073444670163494,0.06871498410921396,-0.6317865046184045,-0.5157131832968535,-0.10170212667934114,-0.18137203905384378,-0.16304152860480567,0.22419249302139765,0.07106499219960763,-0.07389547191204433,0.3448824827143006,0.009249433514126063,-0.2455714334538776,0.3186853793583626,0.20535995026959528,-0.04137404608784959,-0.41191648058156455,-0.2084947503565774,-0.3831331714699086,-0.35987564360554924,0.10193214023052305,0.2198646132319401,0.10247751448040136,0.14970879644007226,-0.17022386215399712,-0.0746587850421791,-0.015202632773617325
0.938742308499254,-3.9385799930989647,0.5005366486854148,1.1440954858016599,-0.36918493987102186,0.6354192142209143,0.3534740287373852,-1.1198430065886222,0.054196738191651,0.11281163364637899,-0.18522822117467183,0.3672265838279112,0.855679815880627,0.07659627934637617,-0.39278167799265484,0.16160620656952798,-0.5628455489027601,-0.759598812754167,-0.10052180483657644,0.08248112999269704,-0.8802224645388657,0.36949927204328065,0.06780838057826154,-0.227551486100574,-0.36612764791901026,-0.632578369406167,0.19212815024324673,0.06911296900741365,0.04958083297797024,-0.11579918754648115,-0.48625988638991224,-0.8354812919175438,-0.4425565875640564,0.13680914546317993,0.05234234100231312,-0.04557320090769823,-0.017610345800828948,0.04532706476014114,-0.32837570741110833,0.2686348916878392,0.005399531884878695,-0.1611196137769862,0.4305968878269769,0.11985439571756451,-0.26608945449265586,0.1458534164419471,-0.12402631017692503,0.2781695990952922,0.09831129717740544,-0.13402745032059635,-0.0029771201911805256,-0.40690943108953737,-0.26242423965527023,-0.07142618702625293,0.1419181871285886,-0.07218951561600469
0.962457029138348,-4.078718240169164,0.6548598662624844,1.3130694491704993,-0.38655320296555534,1.0224172833425935,0.20469832840825047,-1.311106694073556,0.023643080098963862,0.16581964945691954,-0.1456134660478494,0.1714524402559359,0.7401180202268218,-0.10018822272273348,-0.8696194484494815,0.18385323794303246,-0.5653718794067508,-0.6468878112481257,0.28412338413985583,0.07823995814775132,-0.9569118487548118,0.13145208222632626,0.03794144553859374,0.05752827880955668,-0.46226534068520003,-0.2275686875240171,0.20216669389649553,0.03090325667451038,0.13941331613756142,0.12061064049156665,-0.24459912555679975,-0.0292772400655761,0.03180274975431897,-0.1637090326971489,-0.17217876285853365,-0.07493430543581754,-0.15826692849807478,-0.055830418065654454,0.07930416683165405,0.10221261535639511,-0.11016346648378662,0.19495347954224423,-0.04643063729242606,-0.06741225774036294,-0.03949051328263611,-0.30449874778407715,0.03910237331009152,0.06349261428040259,-0.05262526007397965,-0.31036841469487286,-0.17479802668442793,0.6391666011558749,0.15093433216750832,0.21502309233552214,-0.16712888698082543,0.038791504912109996
0.964772715064551,-4.129166009970923,0.6199983385595308,1.1431066990667622,-0.4241789999163379,1.0385446937258271,0.13220160878881645,-1.1435468852798034,0.06720797984781304,0.012203201972349545,-0.08675596043120604,0.0518393209143189,0.41242109140388783,-0.1968510099651043,-1.0024616491027742,0.07477087130808359,-0.5667769813723409,-0.4300501786574334,0.36640796413409255,0.14545152098742836,-0.8937449714440198,-0.0014547417608362645,0.09215964475262367,0.2964858212517709,-0.4943184682659758,0.07380770797736022,-0.07901468440448708,-0.19739309686239956,0.08865617223831729,0.4875365458629772,0.144412150377193,0.5181924324995998,0.5645683984886428,0.034897486366080935,-0.23450682140131862,0.03729494343064178,-0.04670756757560302,0.022774664503869366,0.29678410836898134,-0.3224306969462642,-0.06335014942858465,-0.0005873596697641067,-0.3361973022153807,-0.05579741902616906,0.29116593761929244,0.12805494857606514,0.1964458845198608,-0.37159070521091814,-0.007762474954954836,0.49844681530187657,0.15432751584742524,-0.260904635174427,0.1517496233892276,-0.1500970314358198,-0.01785787703905598,0.0011848179670238853
0.969157330478309,-4.345758446061472,0.6291529019382484,0.8527023414429881,-0.41471965147482015,0.6551764900413631,-0.3303478561556392,-0.18837963248485642,-0.11929213404459657,-0.3550022132019218,-0.43191152362016494,0.2196129317374491,-1.238612187000326,-0.6189028617132787,-0.24117370115075779,0.2797984242622604,-0.5991435036750444,-0.014243462722484675,0.7097936413826653,0.22902118802087165,-0.4226978085136092,-0.7817575235341164,0.3461090642498594,0.46765711191361553,-0.2827592920234488,0.9935111500839527,-0.03395636438549405,-0.5407883997031071,-0.11567118090405876,0.5665794124588719,1.135831546454137,1.218107768171676,0.3970312248704426,-0.3757164782545727,-0.03382099727205336,-0.43663708038319704,0.13174064436859592,-0.2866239426740515,-0.07738231883781095,0.08404936270235892,0.12005792454689819,-0.012252298083964839,0.18338070760589012,0.1521038030637153,-0.2703427351529816,0.011705625874287737,-0.1690739925789089,0.23406278241443448,0.035566310257047956,-0.13778979920418888,-0.10757493166029625,-0.10217413286774012,-0.13524765625861745,0.034432757839676725,0.019076793980910098,-0.05421888896223929
