TOD,Component_1,Component_2,Component_3,Component_4,Component_5,Component_6,Component_7,Component_8,Component_9,Component_10,Component_11,Component_12,Component_13,Component_14,Component_15,Component_16,Component_17,Component_18,Component_19,Component_20,Component_21,Component_22,Component_23,Component_24,Component_25,Component_26,Component_27,Component_28,Component_29,Component_30,Component_31,Component_32,Component_33,Component_34,Component_35,Component_36,Component_37,Component_38,Component_39,Component_40,Component_41,Component_42,Component_43,Component_44,Component_45,Component_46,Component_47,Component_48
-0.839253719086909,1.1557392292986908,0.840023660290296,0.7378056212833048,-0.6303193796033035,0.2691059374136133,-0.23063005788790372,-0.18543844916544738,-0.1336976835200645,0.06298002444001886,-0.3105228168544811,-0.22829123285834754,0.18583576734574836,-0.45624318147161474,-0.3139080067094285,-0.19895419755005897,-0.3744858831070814,-0.13230135332136744,-0.01027153064394396,0.10075042278445685,0.21114215448948376,-0.02720990642495433,0.15533597317946,-0.23615777459892837,-0.10861423349724855,0.16201194888740433,0.13452773278386032,0.03285927105335569,0.06436982648835916,-0.27889588640311325,0.007351626852807907,0.059924360429439,-0.041874711127162054,-0.04649070392556075,0.008490035364918363,-0.04986745163725238,0.030619366362461455,0.03904055542246382,0.011199401634762034,0.06729689710257981,0.0067193137753726205,-0.018497194624189826,0.03741881613110879,-0.008997559053342123,0.012937873501322777,0.01501692317782939,0.008973015452936613,-0.00507258980785937,0.0
-0.629508410326847,1.2379944196567065,0.6697265517485061,0.8977924500230747,-0.4153163068728267,0.0916138115502044,0.0380448692366794,0.05218615136988874,-0.28410613676764807,0.5475760753193598,-0.1792548890848726,-0.153822095277393,-0.10402355605007683,-0.21058279341521774,0.278928223557868,0.2555709977457506,0.05342441510502369,-0.3454193533649258,-0.1907553981683274,0.004998676662207136,0.08805809572074814,-0.052429432871153064,-0.4071936212996765,0.023262863688055243,0.09608880378290532,-0.02671160479098879,-0.13442232278244062,0.17929898798835583,-0.13159489401639096,0.23213154864201813,-0.04144717306544647,0.03422165325825502,-0.027185831930305156,-0.022157078012938605,0.06465884644834133,0.00698133312757781,0.008715451686631145,0.026315250338410975,0.007517915606650825,0.02633400339880846,0.0036205313209214346,-0.01994406555637729,-0.021829631088319885,-0.024771195824638968,-0.0017830626184787387,-0.016451794807046644,-0.024526356002285962,-0.00039507043763329475,0.0
-0.552569765555599,0.6023518631089563,-0.9376972690903875,0.41353243712067983,-0.6366528337215377,0.54940658591681,-0.20161665592349484,0.2478269062891682,-0.22454617007558975,0.07089432702762026,-0.32306907504654936,-0.052390180392536186,0.021935677711396533,-0.16029914262369627,-0.0015524160430825953,-0.13528078549198333,0.04284072698514891,-0.08305386280938155,0.00051194460565565,-0.11631437762356867,0.1330441500864628,0.39382442055589884,0.02916580486009316,0.10230574349635976,-0.016391763792800523,-0.03263418046172112,-0.2654905826624345,0.13839559480245586,-0.20333602270318282,-0.03294965135001384,0.03727240454204823,0.012101230926163616,-0.09727505037017904,-0.047502245728309675,0.1096523286806551,-0.06124746820359266,0.13935063774857284,-0.06619772485457212,-0.06595860957308546,0.0571912469500515,0.05652320962306784,0.012827471086443127,0.054843866555101824,0.017536418221192777,-0.07456436571103409,0.041168325184077974,-0.04196231229722235,-0.0037372201610160116,0.0
0.750610688492847,1.0429966642976591,0.35825894006754916,1.6583321000915567,-0.6383949782229353,0.7714444606650303,-0.16226713330657594,-0.270431006578496,0.07116178992910367,-0.0037135292042489968,0.0719530031847358,0.6413315620687633,0.20470420820181776,0.13602624074264577,-0.03168284279040408,-0.07735282753114325,0.06924735910834119,0.24448891141045123,0.21073809013391662,-0.11313018079033979,-0.18951024223318125,0.09790408448285043,0.13549748400001746,0.13052874791805513,-0.05196167548431993,-0.2367072719572151,0.042572362127037224,-0.09070921533851098,0.015308901275258305,0.10515539554354612,0.052783672387912386,0.019921270521202645,0.09093836285955262,0.04524785599966029,0.01062877838136081,0.03422469805931485,-0.022270037572424135,0.005386692091170132,0.04793385944749958,-0.012621904911484018,0.040969092879377694,-0.0035063034860229377,-0.04600978204680686,-0.013582910343034304,-0.02120980601050682,-0.002725116340938776,0.020151290419125313,0.0017604708527097215,0.0
0.933069430133357,0.4328309123967437,-1.1418220934012713,0.9900659576017529,-0.5436614751302591,-0.031957748546949584,-0.2472879634065211,-0.09621873605736661,0.05351606865313218,0.6641087712404022,-0.1018252701135051,0.33363816495716797,-0.20125820269848663,-0.2736710993712998,0.5504731484707098,0.18198179052551638,0.06738795637201526,-0.014114532513925448,-0.2185785426185652,-0.10834415883395686,-0.251594802207001,0.005123947266596517,0.1796139705561385,0.05090051444387971,-0.25488734193646284,0.04438748471701815,-0.12691759661259167,-0.2258475403438049,0.14901192444186417,0.0014144999897196435,-0.08626363507793489,-0.09681710495512079,-0.16812434490323405,-0.033542681576123036,-0.13230547698594622,0.07746900265377142,0.015449274731376358,0.027193640208380616,-0.0691439633979773,-0.027690210805772504,-0.07902497088968713,0.024975444961783198,-0.004551739831284116,0.008187360571570063,0.03760000169434007,0.008267368336663174,-0.01916867502887237,0.004526118089725231,0.0
0.964985078500852,-0.1749403565587318,-1.3758328755984632,1.2358646161086697,-0.23204062224873798,-0.005135716139470957,0.08618452221207214,-0.06603026646122433,-0.22035374819366266,0.23105296758895189,0.3180697065035962,0.5957985171897451,0.31875928365608147,0.18688610026387711,0.15021377574709746,-0.3104754107737579,0.010960025950430715,0.0784238842816073,-0.08083514923594369,0.14340544281664977,0.15242082556486108,-0.1174688508863073,-0.2680366626844913,-0.1993404151177724,0.22397995479873906,0.12018615932430653,0.051192081256429954,0.08742487093323757,-0.07485847575954017,0.009001345363659655,0.025804200963971277,-0.15703057800247888,0.0478028659386832,-0.031130773359111727,0.005470741538538208,-0.04630571022666878,-0.03384353465911965,-0.002848980162413114,-0.040454535182369876,-0.006940562375753146,-0.054406757813999194,0.038535350175730704,0.07641789502975216,0.01679188164585997,0.01577965678468912,0.006435961022684196,-0.002743236726380398,-0.007213325412310782,0.0
1.15457215880067,-0.5629746192898932,-1.2618513278571504,1.309640801720713,-0.11278140025578534,0.43600179733311656,-0.46817218339155603,0.18425169474702155,0.046137192727104225,-0.3821242816855718,0.29556945304903004,0.18233507211359037,-0.32047923867043643,0.10302919311458449,-0.22524010545121426,0.38774970269853926,-0.29070567953348797,0.1867261909839754,-0.06114370716889919,-0.13247937115838732,-0.20484334871117962,0.08588579398893603,-0.21921520806049866,0.11763882640480006,0.017147354997107057,0.11228904891620398,0.03470154239725711,0.21516347436006655,0.08482677509371447,-0.11415772782209596,-0.16910613892641468,0.09702753276000833,-0.000306855850171495,0.001587914744981102,0.04056821900939567,-0.0027198659047568633,0.05196309328836038,-0.02876907277417288,0.025509132271616615,0.03309330903637707,0.04685298537247999,-0.00926853177292383,-0.04277285404355968,-0.023175111701895786,-0.034483043149066264,0.0016094125301644583,0.011095082694226282,0.0025966523869241703,0.0
1.39767420290358,-0.7980191242972595,-1.01679979372348,1.2027544704445001,0.15695022671664852,0.11521085011302984,-0.2498125324156091,0.94134663588133,-0.023880146961873152,-0.10700899081237102,-0.12681583022781392,0.02714099464463122,-0.12167179397149537,0.10907113972146014,-0.1678824672225362,-0.14857569224341083,-0.09768709997656855,-0.1902837938753207,-0.06580395831636444,0.0806902308791909,-0.1820751301124437,-0.03637338645536525,0.2763676238756102,-0.08516685006465807,-0.11018893761203807,-0.10475236608111481,-0.21765370518877925,-0.18425228066402718,-0.14304793413908154,0.17189371171238743,0.08319589848555987,-0.03295676191774072,0.17883018027358905,0.1776501262853295,-0.028014099425045517,-0.0901954214808731,-0.016962445260445186,-0.03021436954292489,-0.0028337898999842488,0.07528689972123791,-0.05397939611254865,0.00968929103544591,-0.01908117749903932,0.05497307896711781,0.03954581117988794,-0.01708078540634749,0.0035319074855762805,-0.01833413380769652,0.0
1.46717689965213,-0.792278587150572,-0.9639135880806279,1.1935357582559207,0.34757221643759584,-0.31216552666067315,-0.4964517527431011,0.7610784626734489,-0.2738163083437207,0.019266150607513244,-0.256647621467221,-0.36085882262145696,0.3213023781818781,-0.06947883629566715,0.06708196484134527,0.061346528601429404,0.35964353319837256,0.035113601570034944,0.0255650089206201,-0.12162040249567463,0.2113423463718017,0.06174070872596112,0.0959556440597446,-0.024420537457809536,-0.03833681853355176,-0.01691333942638569,0.12159995256390965,0.0372386489489471,0.11273329797386945,-0.03094407028173343,0.1017344675268399,0.02842291516120605,-0.15766779332965958,-0.05020883048293069,0.014967750624530282,0.11903855820414239,0.009566892241261012,-0.008443520517066486,-0.06004673171324421,-0.08231632619881314,0.020425608697340315,-0.021510392617980625,-0.016262600324409016,-0.04232502518070627,-0.028482090814030782,0.0030040842329851557,0.002314577428411842,0.010608727895186824,0.0
1.57934041643112,-0.4467419259409489,1.073252229389038,1.5729141035638878,0.5646700137716386,-0.10513065061800043,-0.5167266099586337,0.6018409098739494,-0.4343148902200261,-0.1938550136094593,-0.0998260749430103,0.13752107603588423,-0.27514742342226634,-0.1224605126990847,-0.160273490131356,0.3054556649716817,-0.04387591140476982,0.12055892325973863,0.2762261067988734,0.20221282386433742,-0.16092613824259222,-0.1264907624690014,0.05987246817489635,0.030600345168843756,0.1064354719077008,0.17436510123713195,0.03482153859965839,-0.0011486874071867815,-0.08317625686064718,-0.026920999545536506,0.03221609901849202,-0.006575441574544772,-0.00858967179431403,-0.014366038245816592,-0.08988004179962025,0.040034068751425976,-0.07163176680124254,0.044768265168997255,-0.01389065514379968,0.03928645198102442,0.016625870296924007,0.027216667015324037,0.02967222138803673,-0.010185907209679658,-0.005048232000403069,0.00848728291239513,-0.011103426074514916,0.008538400518876312,0.0
1.90189828659735,-1.1995055213020651,-0.11937478183450206,0.5688032906308149,0.503230331781692,-0.30347716375446016,-0.22597356381477646,-0.17563418682649387,-0.1259872990918956,0.17913953568643212,0.031620989192004664,0.3810690116025026,-0.16604012240462107,-0.1455026290436058,-0.12017310266458991,0.10265340298855904,-0.11880537049534635,-0.03576350662316538,0.07288145465852071,0.47872762599231633,0.36960534682636165,0.1537143095738552,0.16017567065596755,-0.0023474249995190204,0.06328025022402788,0.16377762309084246,-0.03299742172342017,0.0035821750557268567,0.03225060893278497,0.08271235018570854,0.09631035552149135,0.04120729443286358,0.01097650512039567,-0.038663870254775246,0.22946578589719582,-0.1755376894051789,0.014272715519962313,-0.05895496801763419,0.08067072601752186,-0.041877056196630624,-0.00427752284500172,0.05895516939115842,0.030390909522786128,-0.03978701983906643,0.008890083348812422,0.0010515200523308365,0.0033792057034368415,-0.017601945937972357,0.0
1.99736532572493,-0.33638373755783674,1.2576707828821643,1.1181656460498375,0.12919209943465587,0.04952518907509318,-0.4074076647278267,-0.36834644442244446,0.7215121778086308,0.300586070903566,-0.2717835724553652,-0.024840167329219377,-0.07415877744400898,0.5153738738253925,0.177886062175004,-0.22465781077551905,-0.08768389865708354,-0.41526141159166613,0.16128422571003573,0.29513863026801507,0.19359923016583314,0.033141365502483956,-0.02820913058925299,0.042463990568126136,0.11809909498930454,0.10727625622669873,0.04774270612401626,-0.035058339339475365,0.07794334624142883,-0.019442518084017917,0.0004250998734044468,0.14282822452043367,-0.08349876981040676,0.04792123419419021,-0.04781563070512601,-0.0038065138358370602,0.03578247566347084,-0.00032510536215446187,-0.003415871620548269,-0.030748168536772685,-0.0004502446899293462,-0.018363909454005532,-0.04477409845681619,0.009614982732409558,-0.008211293215447474,0.00316562935885437,0.0018539175880128646,0.0056570371680901696,0.0
2.08856392307049,-0.8976921118466763,-0.28835133065538704,0.6408974333483426,0.17416575704532003,-0.388741607368984,-0.07933792897606837,-0.19007518322425182,0.4433513918765947,0.5787486306473909,-0.049564027720541796,-0.36481097824571734,-0.22087243940925394,-0.2786254432956334,0.12757819530758968,-0.09043931433516972,-0.21697792557474108,-0.03380251222309716,-0.03277261492951193,-0.07761983642243632,-0.31302853754292814,-0.09303637439408671,-0.13936009721313392,0.1028178042440921,0.15630267453561583,-0.05650353085295803,0.07655659731647457,-0.2021081728115672,0.0013412296039395086,-0.22130373423580244,0.19005822370895398,0.04212977920992646,0.09471586889758736,-0.024285621060146097,0.16238661465288404,-0.024412741332051797,-0.16201213378679383,-0.024612755805483624,0.05357498871646876,-0.04833041396430717,-0.009172843476887186,0.02433110572491343,0.05379168580347615,-0.01007856407418276,0.011375057390139887,0.05593297928144802,0.023181983758404235,-0.004422037938958055,0.0
2.10800584058625,-0.9949966122901008,-0.28869462655286304,0.5185097847450169,0.45050513920596064,-0.04749861480076199,0.2560630236212931,-0.0852957456033335,0.22944714908490713,0.3647936974973518,0.1992733753047504,0.02923323256581989,-0.20371904464302537,-0.2510788686659059,0.1361920861904379,-0.01406639575936914,-0.09841815389959069,-0.3673194052109674,0.1315572512835946,-0.012368995343936463,-0.178229619996528,0.09153127752585499,0.119873462729132,-0.3526645679138592,0.05087963380113965,-0.15603144060715748,0.19665565926680376,0.05523992704550867,-0.04064629680833397,0.02761034284526299,-0.23817637293642102,-0.13570576721880526,-0.17099627861086178,-0.05320619282726441,-0.1844275527317575,-0.06990240020407402,0.06290917771662992,0.037700112737829465,0.008499210799496228,-0.028132304028252533,0.0696530227699414,-0.05922303356212746,-0.01161402582552146,0.029803734911991144,0.017668824133619778,-0.05067737453387989,-0.0023670194262241737,0.009920101417023597,0.0
2.10959538299129,-1.0742545886921242,-0.18967507993347485,0.1476969078874675,0.6035412430020815,0.6309178595807559,-0.011412886851487124,-0.12703368312755983,0.3329683937581662,0.007520287991850741,-0.029163094599237088,-0.1358813992701144,-0.17959611025747005,0.02641538205200381,0.04709082357341616,0.043233731923496416,0.3065821595443305,-0.2761039534347742,-0.3317124858925732,-0.21357422105725224,0.1937041140088154,0.2037206260855754,-0.02872758985272751,0.06799110069828435,0.08039049495142914,-0.07424743272949463,-0.018060015388539605,-0.0839440566486705,0.3999676867986806,-0.024250239620155843,-0.02478349570454947,-0.026233476299220192,0.21657347428688373,0.001889562569157358,0.0011854012782568926,-0.011100972170114642,0.11583635218794276,0.06350800038366974,-0.04230173307006414,0.061703113588482884,0.041395392684489135,-0.1113021774802774,-0.0030104416504697835,0.014692110845372659,0.0013752885342738015,0.0011486303411773475,0.02854529658223432,-0.002858900645391278,0.0
2.18307450301212,-0.4167742621682538,1.2928917418877415,1.0039960878281022,0.6826212435265954,0.24421875227268755,0.5357443829964968,-0.37107610682216946,-0.17463898959412974,0.1957420990395839,-0.014015865299291799,0.15045969293732367,-0.07924903346860769,-0.24162160197341856,-0.1363465226423774,-0.0881265599599579,-0.20385938925451708,-0.066986863408053,-0.10308659134491581,-0.45688829490444377,0.15313980660642715,0.19340362630080649,-0.18946991912203873,-0.028134451516414086,-0.2022695981474918,0.034720150880338634,0.0053887569017386444,0.062026045774871974,0.03905449876362588,-0.08675412894705489,0.15239465897028515,-0.09549908468669721,-0.01645771994720062,0.1051558483870167,0.05661700880993056,0.1515588779387578,-0.0842710225721039,0.03539379677584457,0.01518725942514562,-0.01568508594938515,-0.011496348838427733,0.023498704339662602,-0.05428440280611355,0.003400164413397734,0.013183692047881435,-0.02104154823881217,-0.01414553372243283,0.004147204147305767,0.0
2.18673876833911,-0.36989769344268103,1.3585726251859673,1.0051172279646907,0.4155278145927743,0.009909731006118302,0.07739673831165382,-0.40562718822166577,0.09316640956569809,0.028504747507438276,-0.1216235189263291,-0.09868730407638564,-0.2248794388501446,-0.03232826749352272,-0.03950101642907582,-0.24605604160955777,0.22610630589670647,0.28133323175202246,-0.318578236755451,-0.11920664676608167,0.06127642684669238,-0.14088551577169878,0.1003524145652744,-0.0149384151051927,-0.02631382916377776,-0.2825600155808084,-0.14716260122429867,0.15998483950777811,-0.040820306569997446,0.03373577440860785,-0.14276150644137342,-0.09807221211460776,-0.00124346399884623,-0.22399338805313518,0.06402992662295506,-0.1330107733654016,-0.025850289718506343,-0.07564410875770373,-0.019269266546902874,0.025824433286706146,0.03757046080444542,-0.051288962149754834,0.0910618418302334,-0.016642729976199894,-0.016840161631656463,0.013666162918669303,-0.001987375336340296,-0.006175570436826116,0.0
2.26578497197039,-1.1129493078496013,-0.018331218403385488,0.3785920609924629,0.05137671569634493,-0.04656705868652403,-0.24133423669162815,-0.27662214798496176,-0.2177389541457874,0.17153048028399137,0.14455270043162496,-0.37212817945076254,0.08553375375921443,0.2277740191583642,-0.12936924612546857,-0.1072818153858876,-0.11871710440336226,0.3904009710874207,-0.2363843623754151,0.145311279921017,0.21433238829526335,-0.04123346942220944,-0.20072074477623797,-0.09002564785109443,0.026144438260295604,-0.022028846257572857,0.12886358900644143,-0.18199222818853877,-0.12208913773146865,0.23272778086967394,-0.2510932856412938,-0.045334260598979575,0.09690419108566947,0.029079574003778936,-0.09501830927017858,0.2111577570106322,-0.036726493641414094,-0.0473821140868552,0.025317041194315368,0.029298274531193592,-0.09186336106189028,-0.08370395614891506,-0.007106068269014919,0.04172850900524251,-0.000569882305955975,0.015922896898985645,-0.03733892880843479,0.0029074568471097084,0.0
2.30516343750525,-1.118122986313936,0.061803718360987185,0.13900776895205808,0.0684008742731374,0.007528987257126192,-0.33322469385000997,-0.26031465189418235,-0.20516868724240847,-0.09723771409545347,-0.014868379721810928,-0.32201266147485297,0.025549369369537986,0.28873916574352193,-0.3094330317033392,-0.10961791748490507,-0.20852853161763973,0.07927125099979108,-0.08882906389761604,0.039727742956951244,-0.029441288819141903,-0.0876832486402296,-0.16543525818347896,0.08239580059862507,-0.09460711570779161,-0.10995010365226184,-0.07621422574355792,-0.08356515733679377,0.03505628446380915,-0.07639690089641367,-0.012843095930223808,-0.11440838007963534,-0.12438693850492288,0.041378318036558025,-0.05874153961218439,-0.13006943129701048,-0.0010305298806075943,0.1863947593625843,-0.17378111800896215,-0.08897368196121559,0.06903780005460526,0.20251704651193433,-0.09394072651142603,-0.032846969890281616,0.021354858983714343,-0.018281036013436343,0.008400498216064367,-0.005525056908326689,0.0
2.31073414033149,-1.1342621589593136,0.0352893966157622,0.056209040135227956,0.17212976600004837,0.0666540597554721,0.0037986194463919486,0.017277602727711158,-0.19505581418054388,-0.20976108695283693,0.19236769029798031,0.04725291218823502,0.0411113126793242,0.06626803966536272,-0.325162872740658,-0.02854359468136103,-0.14750189651515175,-0.054299363492912534,0.017668571240575047,-0.07713747104608247,-0.17649560449146787,-0.29316801586017055,0.10452957447439806,0.09856117659516844,-0.053026766225160726,-0.06679551591851002,-0.2175251795635869,0.014647487454007018,-0.10741321274761695,-0.06429144221204014,0.15339405537215528,-0.12663460143057356,-0.10719962114623141,-0.23258600901606757,0.19903332025709158,0.19525257708576899,0.21035971333217093,0.014867779067561548,0.04044934694615119,-0.005809665072710347,0.03149083457922089,-0.09561767312693245,0.03934854353566259,0.015787361232798187,0.05667348683767725,-0.007126055185279574,0.004299716145005591,0.0016939693028417229,0.0
2.33206780874885,-1.1039286753061706,-0.05167865845378698,0.1217456867962159,0.13086549577954948,0.16477757272743707,0.10168992535788322,0.13467075427416406,0.12390675633675807,-0.1385223838749055,0.18637737631782916,0.2938734008526163,0.11028214291279267,0.014494334635858131,-0.13279128208160962,-0.22667661464066297,0.15859466587600696,-0.17469852394354624,-0.18309201295444896,-0.11459628766556813,-0.02511469106920569,-0.3749144568537432,-0.06398851501006668,0.08760584969328641,0.07947679269701005,0.26490284128226815,0.05344568639803533,0.06355961850049699,-0.04050513433399013,0.08740008375180126,0.003316112711538467,0.30503003811188534,-0.09283831590811248,-0.09535384017096961,-0.052078458523471365,0.008279541888150593,-0.056024794092332436,0.08764969570412733,-0.016490793741972827,-0.009902583805135643,-0.0616521092223341,0.10451568470640868,0.07902006052499394,-0.019619621203686967,-0.029805976917801714,0.01976083789065394,0.007527235756025627,0.043534882444201,0.0
2.33281406790127,-1.002971919073031,0.16052992865442262,0.008917838201289323,-0.020938546193309905,-0.3085186937579129,0.057553820956260174,0.16304575937300483,0.060316208257972195,-0.3444331903248051,-0.15542295969262954,0.2115073142005417,0.10341939240541291,-0.1078981318475162,0.023813632510232295,-0.2784170400436862,-0.0053732278614710425,-0.22802597145896844,-0.09431779928335088,-0.09572385556673073,0.1609387508902873,-0.18256084896503058,-0.09621592489369947,0.2088692629738194,0.13256480568432258,-0.06780385874263764,0.017666844732435846,-0.011991142097718939,-0.062401967351793326,-0.1613808257122498,0.007476956190533005,-0.03585895488047893,0.052098846994174275,0.0619980255169261,-0.1633529996038293,0.06859161895867982,-0.08378365037446919,-0.027254823489541516,0.031572598704680675,-0.10850752990593623,-0.001603872324909594,-0.08447948818722306,-0.09198240789207002,-0.043094211460293574,-0.04162443694843649,0.0474122219432409,-0.06535821469181315,-0.037147585765110416,0.0
2.33585780652913,-0.9886633521550436,0.2285899867467834,-0.05168664951953937,-0.12397671879904824,-0.41927568701300927,-0.2062269040410637,-0.00030138082096747853,-0.015124448318166,-0.34661481437720076,-0.18716579217898285,-0.1014204209540908,0.02144386759764415,-0.0742580833611548,0.29408649279711213,-0.13038866892321507,0.15674692751088962,-0.17220113087398067,0.06359201067641043,0.2171967047023748,0.09784004163172695,-0.0916584991092056,0.04247551348341318,0.12492256707989072,-0.16343353763362814,-0.20107802274268616,-0.0456489973059495,-0.1286247359913487,-0.06387167177916095,-0.0666771391163542,-0.0026277405283635174,-0.08217760694061171,0.0994868120661785,-0.008513614664496792,0.06497923139114659,-0.034267010396824664,-0.07759898833133821,0.03476984109372032,-0.08809095458566468,0.10077230987027844,0.007984656065271717,0.014310162482059928,0.02066526013474678,0.1137660576212998,-0.11390725940193437,-0.07825940668305027,0.03611999802087863,0.03444426387473492,0.0
2.33867288492065,-0.989654066269435,0.2246571035957998,-0.031038028825837928,-0.08012434476976332,-0.38165663824821056,-0.292181345657342,-0.027395640634350155,-0.00866920814972705,-0.3768307520264794,-0.19868792605332705,-0.1714176655818853,-0.07560481541348611,-0.049338500067785965,0.2770762957492281,-0.0601402279733571,0.19580800502990578,-0.029278903269323087,0.13878707879757338,0.1811484553460011,-0.06005302030830415,0.0011855661512114465,-0.06281079723852817,0.02262386707165102,-0.1797600080584342,-0.19113406183905696,0.022259014086693594,-0.03559468456037642,0.09490830577336257,0.09375669056746357,-0.006426580797375785,0.1691225478108805,0.036993890634090754,0.003890594310297896,-0.13930922748550495,-0.059871593582711324,0.17348654815737463,-0.1413085077152033,0.0935401833540207,0.11448072225950019,0.040608570155067435,0.04765064418756544,0.09253700467249838,-0.08074743498475515,0.11653464652161213,0.01755538577642196,-0.023825753954974743,-0.00788446916570278,0.0
2.34020485222729,-1.0235734786637276,0.12392137227477344,-0.01627145158873491,0.07348677578057614,-0.030242468704854128,-0.2537887959411226,-0.16270925021290106,-0.009305454981790823,-0.33949822664454155,-0.4406079238753171,-0.12340971896815804,-0.03177272346467272,-0.07612041181961839,0.12847277879471342,0.2774072770520054,-0.05145505662249074,0.01516523728463435,0.0371020970376843,-0.07544158541523294,-0.10535683137721524,-0.07561802328676095,-0.015821145016373155,-0.09847436302937244,-0.23202858888284802,0.18592311180777485,0.031314980236952006,0.32283281539769976,-0.03383284672387049,0.07226135412075285,-0.031570040526297215,0.06397713619084681,0.0738092742432576,0.3262875896318409,0.04387555315845196,0.01863788324705364,-0.04523641508403807,0.012293513866336363,0.045137902166612856,-0.021661995498708796,0.07775235635003187,-0.06542519167814127,-0.015530751621325382,0.033457618654702675,0.01786515617850975,0.03851975769862695,0.03935074067498289,-0.002198278913731731,0.0
2.34614583171231,-1.0319562528206716,0.14698953885042837,-0.273122055805174,0.018365742448381926,0.02925027174157278,0.18784697921118235,-0.3478571287588385,-0.30062755049752327,-0.2015964189293695,-0.15710494323245192,0.029787514980105383,0.14139971591153064,-0.018649853433211395,-0.08277521265839068,0.10898135401963412,-0.12813282045699673,-0.2745863640752918,0.12177418118744608,-0.22967826337667532,-0.11058638511489621,0.4079600171355079,-0.024253288434617704,0.011819557096001024,-0.25643556657925853,0.2061703271712757,0.007301982170611595,-0.10049040289467294,-0.013956935758618876,0.3338031892896231,0.0066344266115469265,0.0019563195388269043,0.08293195258353873,0.0076198362502274165,-0.02159959090258225,-0.05004343519302877,0.04734172960245762,0.05830951832090737,0.09223203039672703,-0.09751068836173797,-0.004890536002442757,0.006565916436404783,-0.02134194874769193,0.016477423757467333,-0.005095163559988851,-0.04675668674383575,-0.04269181660002499,-0.0029712701531949223,0.0
2.36055933695408,-0.9579208420039903,0.15572682135587973,-0.2987219381613736,0.0031021957583665127,-0.07926538942621625,0.2867067463030338,-0.4953576331109888,-0.15129755119714716,-0.08363228789328585,-0.3468164800005771,0.05892662758091395,0.1251829123830213,-0.14516216913028784,-0.09625948689632527,0.05761382576876587,-0.06654244968596128,0.044127310550051806,-0.1434724087333849,-0.23974099741465768,-0.18931595064866674,0.18131131367502917,0.03499262461267479,-0.11307648298311668,0.01588940484793794,-0.2768590392358624,-0.03146650639418677,0.12236041731878267,-0.0554503692932833,0.07311264057402789,-0.046025592312457335,-0.004278906491009298,-0.06304651247328807,-0.06835150584002612,0.04354589622039639,-0.10054475342284583,-0.07899103059158626,-0.22356941509423228,0.06587261269091907,0.04851349854280948,-0.14215798845716687,0.05111534493483734,-0.04047305503593107,-0.009880847512824689,-0.04719341068099758,0.04954284247228774,0.028456982835718802,0.015065374807139816,0.0
2.37759728821484,-0.9240735699579671,0.12302345929811132,-0.5074921444058516,-0.03597328264891616,0.16306662856820378,0.19285207343748892,-0.24504496537682735,-0.09795521111389914,-0.01070832898901321,-0.3000958032795714,0.06195975110967823,0.20176520612971885,-0.24085579287411435,0.05141119148303449,0.26890457838582243,0.12505341883917215,0.09867594609286653,-0.08004082816190357,0.06793646521511895,-0.27942410784714566,0.08584371416415956,-0.021654893832745537,-0.0756140891428934,0.3228459129443403,-0.03991438622773987,0.0607673228254206,-0.11842224523118114,-0.24164203497254746,-0.18765030533855967,-0.15850955821782187,0.10070790057244172,0.14931955637030203,-0.14637504843959673,0.08055052808130218,0.03406768005154532,-0.04696708521707642,0.11901726025219346,-0.035820784499454486,0.016903051565589734,0.04443152441522682,0.06187850367262362,-0.0008663679766169947,-0.07082571814107257,0.04475939514736967,-0.04769425377524745,0.009020245584035406,-0.019435813874322007,0.0
2.37964604173184,-1.0152295416782504,0.1829086047110855,-0.47975237337454635,-0.25691403531748314,-0.07455167875307468,-0.010534294008665521,-0.2676343028365057,-0.19788046877124288,-0.01632883431602257,0.07400967828570697,0.025161508034394868,0.08920650874506421,-0.19737320932000552,0.09785248877020786,0.03284887000057573,0.171540043866822,0.17746491960242272,-0.07997982633973008,0.14456678778382717,-0.2863102739341233,0.17723717367641054,-0.034931285820818135,-0.0361358355385772,0.3590309608325401,0.04748683299736443,0.18082477106632147,-0.012420538390848432,0.006463422503018235,-0.019575914974227473,0.30606579378494597,-0.03830901341095733,-0.16084668763129514,0.0757673942129416,-0.08044806514883206,-0.19777857797798487,0.1306349778630901,0.1869756089990787,0.028317796102101514,-0.011821928535869388,-0.046299230907002,-0.10476774337722465,-0.052877716074151856,0.03661299747294628,-0.05056832924620543,0.014391151019188553,0.02334319112693066,0.0013984007530595502,0.0
2.49109772687554,-0.8028207475739558,1.7189942893875942,0.28897736120722745,-0.6645530788304426,0.46490468397732815,-0.0638860040935843,0.10764365507020701,-0.06763012339768773,0.1178050748673032,0.22374700876780046,-0.006253297103150169,0.7411252986130781,-0.14139909114192048,-0.153530082587488,0.036526670158142,0.0885348734858263,0.15472594332856665,0.0654377200710689,0.02714515121864713,-0.2692633331371653,-0.035557452792247125,-0.09286156944701288,0.052498551143573206,-0.031090224315617688,0.06328333536898617,-0.011223362988808643,0.025777671976942782,-0.026233583513401135,0.05600169496134514,-0.10059045117109888,0.03469176945802856,-0.03484673985296201,0.009019472781852231,-0.08084086909552422,-0.02629636824007424,0.03535130341772744,-0.06613817414820064,-0.08773047853080478,0.04178121255267335,-0.06384617893600267,0.014469152031041871,-0.0321803163485559,0.03628858086073501,0.0002615283972468949,-0.019762917648289902,0.00784602255263165,-0.006223401663107566,0.0
2.50804369880753,-1.0481450764561047,0.17463205220957256,-0.3509205249304488,0.11588639235863508,0.28682169115465916,0.1352499479819948,-0.39124335782261355,0.12835061540394027,0.26145583627993696,0.41564091410783166,-0.12285632263513192,0.04239027074959314,-0.13013669383959026,0.009944318883175469,-0.13914752310043546,0.43677593479692844,0.26751900283683383,0.07724073203022419,-0.045063106188332834,0.08788997498412815,0.028983140004074284,0.2255930516983602,-0.0502679978138298,-0.2804757554726727,0.09482376014400874,-0.037864222721393295,0.03596788562527395,-0.14920170965073862,-0.17776463438419038,0.0948830345819879,0.033798139663343565,-0.06859419411054732,0.006967651349331587,-0.023961536320910477,0.00011343030484405277,-0.041438498882441645,-0.09379863264476829,0.08724545341281797,0.0028639930276721957,0.11591896934079372,0.04128952542642386,-0.011002625250505238,-0.017548214370122567,-0.029229986785249424,-0.007597856393989739,5.6234707770149086e-05,-0.0213029524079856,0.0
2.5163481317498,-0.9346046825345821,0.13979412246493536,-0.45071641162880144,0.06556429946500346,0.3461369124106141,-0.10558158833346067,-0.2987354658142434,0.23276106090163845,0.2903100461421476,0.15581406667810688,-0.2175233507710431,0.15679706483193612,0.028432561837058584,0.2913495373135732,-0.04385325918201654,0.010630488128263829,0.03532603549862985,0.6364373320876913,0.09039414429815448,0.13495903316857677,-0.043562783546941854,0.04627782040672957,0.08451770197270436,0.15755799863562098,0.07994485185828745,-0.2758702065002322,0.12042512537362444,-0.011408329224565616,-0.04208198232504109,-0.0599623077484668,0.010698439157758617,0.03792211843920096,0.025326297800300684,0.03675649180265633,-0.04073225267485141,-0.014049454439881271,0.035251568628904696,0.02271413792681199,0.03490185380904692,-0.1294467841098097,-0.027906734192636635,-0.11396895927047054,-0.021282466899119397,0.011245738577065715,0.01989268978623899,-0.013750074753594126,0.012129718032960778,0.0
2.51684399395106,-0.9214328466422741,0.21567687273264985,-0.6018413347878272,0.1414247309023481,0.04044491326021913,0.18196045857165707,-0.038689865734951964,-0.27979203090569177,0.3431440106406626,0.13160955979988653,0.07183371552791228,0.05579237520660612,-0.11708323248302514,0.07591987898501211,-0.14653439569492763,-0.36548477044279926,-0.03811788179231157,0.16415120330029948,-0.030670784757308972,0.0650672803450543,0.2561597258163462,-0.22155481976020153,0.24944267490692026,0.06484283161568362,-0.04086286255112563,0.02121942903809565,0.012674601710836531,0.07344641869148068,-0.1710721870819683,0.09698116237430163,0.1480313340146472,-0.05531666204042797,0.2337825197412234,-0.012516396143074891,0.18721628371392116,-0.005063388057753974,-0.08896411946656817,-0.12370841594147299,0.10472174846072312,0.010906771593846093,0.008127288164274271,0.09091966794968323,0.04335125755266115,0.044022346402824736,-0.044830595622937834,-0.0018328789448181257,0.004223105097131298,0.0
2.53536885040444,-0.7944512904357997,0.20364247424060708,-0.6559061973645137,-0.2559094002839456,0.6757715758210436,-0.0006241813954249892,-0.03148959640462356,-0.08826253389778974,-0.20127281989420087,0.07002615475370408,-0.18393058890179395,0.20983468631585622,0.3236318765674481,0.210015242788277,0.1705326903368974,0.05353209553881424,-0.08873324998531479,0.013433041898084263,-0.14583218309924578,0.12462297052952437,-0.1606240881463737,-0.07585308820491854,-0.11416882086521345,0.013583649109182918,-0.14980760420484865,-0.02284211890691653,-0.20553330980902945,0.022331617034481558,0.02975752433389484,-0.047829626727846526,-0.16729045179638632,-0.18121330782220169,0.1953435642026079,0.05184421704901719,0.06147807379453737,-0.044927533019268294,0.04569241492553481,0.08186617991233415,0.013893055625303359,-0.04722089853038498,0.06744978924042912,0.181260985706414,-0.02823333346949172,-0.03297457090122634,0.0626189258332399,-0.020284160382390046,0.004880699869863565,0.0
2.53906786085162,-0.7541414486105326,0.2834956077063784,-0.7414781349114573,-0.10718479829300882,0.1927424296905706,0.12823093404493183,0.34891370237316055,-0.27748905273136315,-0.0011882812835772934,0.23465155347501393,0.18501219544356728,-0.0942685122672395,-0.03900594830708382,0.27534879338889456,0.1325274848509401,-0.257589144878834,0.0074901492889881275,-0.008861668699940567,0.18597971530645685,0.1927075058705227,0.07037665490464935,-0.08514636206103526,-0.13045233068934062,-0.21097574721321422,-0.12414094170201836,0.05419581937646155,0.008367773124511504,0.16899326769858827,-0.01963021362486492,-0.12264052800647322,-0.002814445385959202,0.09452457554604897,-0.2807244427413737,-0.07854929712000742,-0.04640754787087929,0.09694509731580743,0.08187820454360233,-0.0019054977508653275,-0.13311432004257062,-0.06584294905569951,-0.015533529161853736,-0.0026822015007241127,0.0038190576161012124,-0.0061264684920853876,0.04373045233527398,0.06637329264406518,-0.0008243278365180317,0.0
2.5398075029906,-0.7820499642036077,0.25500847898555695,-0.7381960097363353,-0.3910431273462231,0.12315048040606272,0.030811568606933577,0.05972125832638766,-0.5043517115441392,-0.076878383384498,0.20194601529126122,-0.05282980962460993,-0.02828363896611207,0.14614803037164972,0.22156875531813422,-0.05444841056491044,-0.14587868575889198,-0.10342962995717783,-0.15012917930366382,0.20603817141944472,-0.12626706548157723,-0.14930284501095134,0.09053321944466523,-0.09698011960946341,-0.07097386296022044,0.07958897158165612,-0.04605418210502662,0.10401981125435351,0.0040716502383579,0.05071100955288191,-0.04903434143293627,0.11170835767073567,-0.12189121144814836,-0.11341978547314643,-0.08165056292243819,-0.002632079910637254,-0.16599212323443419,-0.06005355908269296,0.017751261260112238,-0.02263655575449943,0.10760989584974694,-0.05044182860340583,-0.04617860394179307,-0.01875657380568056,-0.06200732080768468,-0.04969927609247034,-0.08058126737353159,-0.010920970644055375,0.0
2.54203405058686,-0.7913866668346512,0.24649637847812175,-0.6300187125209219,-0.5537481890620445,-0.03086992691798098,-0.11054994482714664,-0.1264325076317176,-0.44723444612795876,-0.1047036078556265,0.21521164729952014,-0.11374523061313244,-0.07849085905605244,0.2659436099717152,0.010828875614214865,-0.005957368720917472,0.10819837726357831,-0.1363220805395805,-0.3318792682614581,-0.0657837471429482,-0.009834698235146471,-0.09210126479867053,0.12738705982503898,-0.018156785303942685,0.0855113148791688,0.24560666725113808,-0.05846727021244528,0.02859122151194745,0.16825795961518175,0.06308314354094767,0.10549656641042662,-0.08896671650196866,0.12697400319981442,0.04194322029795506,0.0030579991551895782,0.07649859025591564,-0.04046146031549255,-0.09504063525607236,-0.179959589179192,0.15074558992248918,0.06230807405774376,-0.03076312634531682,-0.060027973312258315,-0.02448231371235975,0.05387096779673158,0.04309711385167241,0.059411766727694194,0.004241560383779833,0.0
2.55893733673506,-0.7962981330341407,0.2316420621788771,-0.6569952438301482,-0.4713936599052941,-0.25546810341283704,-0.22441531942443296,-0.028993701285337105,-0.2445906310591608,0.182113743933699,0.17699391308505927,-0.008645670483272503,-0.10795023790950525,0.0003424422694180727,-0.2879772355469732,0.289579229358791,0.23478386418632274,-0.1369769562072833,-0.09092727842004336,-0.12613413633877885,0.2431929492527639,-0.09699533623096034,0.18751112516172702,0.1699125308966029,0.18403890288229163,0.10532956084481614,0.09776682913380337,-0.004726535974030856,0.12796507207434207,-0.0645753555007064,-0.08222355880036224,-0.020679508963379462,0.11207489371644168,-0.01839431098577895,0.06889893804992579,-0.01788193071821008,0.1613551696209645,-0.04288863227519993,0.07264862997899695,-0.01707465061999814,-0.11930072898390814,0.07756583890995997,0.005521242160696105,0.09003663477603868,-4.477191252366599e-05,-0.07004222925650357,-0.040813165243908045,-0.01957686248823733,0.0
2.57877464916503,-0.7110362673017655,0.22563307205413266,-0.5826334197359839,-0.4934353627988662,-0.5410197756665053,-0.18147745941540613,0.04026920177287849,0.0659518439289159,0.3145371301938403,0.20751118763548773,0.23132027616134915,0.027332977479105063,-0.1429906981465662,-0.20278793646847415,0.2435026251656171,0.050152059680506636,0.19534043352505015,0.23187134045377744,-0.28024562551716536,0.1517048223311791,-0.17254828214031734,0.020550585564183682,0.018457555701532614,0.015848455092934546,-0.16820724948407006,0.14203353782812062,-0.13851053623770979,-0.04208046265402668,0.0831161582998502,-0.10879874582282097,-0.042951102450134664,-0.029521205612266236,0.12656725101700358,0.07082628311468521,-0.1488717116331123,-0.06329435761543668,-0.003343352237318637,-0.005122585076758262,-0.03660725108880378,0.14451908750514378,-0.03828363194910676,0.02339215658716744,-0.04587513349858043,0.045701994277664054,-0.0065729461109244585,-0.0021690332063956925,0.012873902994724556,0.0
2.58923111297877,-0.655109429038188,-0.009282141522390378,-0.24399892692251982,-0.4978861040406636,-0.8624215279373958,0.2323848161915076,-0.12619121083903356,0.18972989986764538,0.10900558108471588,0.23378536024580185,0.07612076017879149,-0.16319106818805068,-0.11808235053686077,-0.006545406323367052,0.05119831614743013,-0.10363934414432853,0.08108330455486223,0.23979312924537088,0.12638410699923594,-0.08637678121644664,0.07511774052324394,0.11172636720693342,-0.14380835338619272,0.07807557998893075,0.15564289746691654,-0.09826946904232989,0.014502455706032423,-0.06498376403541564,0.18442841861901935,-0.05978127929552573,0.08911665830601345,0.10341812124075676,-0.09470240477647586,0.03501609485622054,0.2727260595898374,0.03892707412998894,-0.008818417427268613,0.03152754134417196,-0.030553743787082043,0.032259428163418195,-0.0857221892324629,0.05992606515042408,-0.010779749264654338,-0.061462227244233884,0.038924191230414844,0.03965408230661238,0.0013449946662491643,0.0
2.59335315627419,-0.4300657804853808,-0.3450342418261452,0.25120474968960615,-0.37873391269150053,-0.6554674700528518,0.19623430956796564,-0.21475606226000893,0.49690344778740014,0.03799812741580839,-0.03647153507645641,-0.06238587061445835,-0.31398428943081147,0.46146264608149345,-0.10770191752014151,-0.02187100123538859,0.1276048522919675,0.20474243109413673,-0.2613139581036199,0.029710699750057475,-0.011512905283862963,-0.09393498886609215,0.2933615194654938,-0.08797424767236767,-0.037475804433747824,-0.08466380881377028,0.05270338696218976,0.3925776623373374,0.008294352081941675,-0.016354930326148015,0.13720879919295503,-0.04071108864119151,-0.0497975515389294,0.04431535326258936,-0.020815318359282603,0.0015420497119786594,0.05008066941742603,-0.0016809263456640088,-0.07503341413482391,-0.02718589997647533,-0.05297384304271692,0.0541807707868147,-0.02236162120514671,0.009046076971378672,0.010763818415830836,-0.04330623142730579,-0.030424941646094227,0.001979238762550714,0.0
2.5973305284851,-0.25554698201410403,-0.5726674333757543,0.14150816783280928,-0.10038028829616588,-0.03859730840302922,0.16790891511042613,-0.15805698668892185,0.6873759387105306,-0.02694195175381014,-0.26997036253221784,0.19388062158838038,0.19169340838783402,0.47163640933438966,-0.22419531643307486,0.29654288855946465,0.37648936209416406,-0.05036542264196206,0.26942221098806113,0.12807080953699826,0.004233275788750589,0.1688585735941792,-0.17646748921193717,0.03270006563603617,-0.1687592423309392,-0.0644849709462256,-0.028756362513992186,-0.3051403428572462,-0.0845096261318255,-0.03592081905474465,0.0021599270589936943,-0.02306631313307972,-0.04966965411381059,-0.007752525356271793,0.03549897079260899,0.04470900074543453,-0.00901463835610261,-0.023580255855938235,0.025565977002492427,0.0013909712265203697,0.055720600534398756,0.004889409375467894,0.002207410006074379,-0.012092875694840105,-0.0070946676535316566,0.02690230566265333,-0.00904284244524594,0.00047838702276085466,0.0
2.64752048685691,-0.2093463577825956,-0.3502610790353229,-0.008622801612183045,0.41820512604706567,-0.3048084454981086,1.2513918972555833,0.2195299458318014,-0.05147107303940162,0.04614045670213542,-0.22795734685250962,0.43101259410270837,0.18563558965134236,0.18378490484287083,-0.1474534775357884,-0.05493639515578957,-0.4262070372029077,-0.1789953817050665,0.06818565440430281,0.07661462944032105,0.09071137630632325,-0.0760939401553443,0.1602977448927116,0.008621690047595875,-0.11210397218095419,0.08186177483609657,-0.047982585766341145,-0.07161183164312494,0.019236974554243187,0.12502359157519166,0.031005541310929762,-0.06930938268733539,-0.03925222301411779,-0.011880747181662597,0.10185567462643122,-0.007569292316269249,0.03480403588567326,-0.0297914678306204,-0.029906587720490995,0.03740184421249571,-0.012735044905713557,0.03262049036741972,-0.026309837089577206,-0.004816651026686653,-0.022516103928998145,0.007016525324253225,0.003207027315382509,0.003175292442307932,0.0
2.65774839944431,-0.1680386272911305,-0.6144461016471676,0.012991116911332245,0.22330227179175013,0.49687171840663374,0.3796606167496541,0.20912205024420538,0.4685790760572833,-0.6067175161418497,-0.45881319871515536,0.0023129129065483267,0.151751450441124,-0.09714492482162795,0.16889408013936913,0.042881342795582714,-0.054745887278417345,0.19042685176550417,0.14317111138723945,-0.26609752967646166,0.2338539368500829,-0.09666888835494075,0.1805369853427354,-0.08639282058842396,0.42966485495127366,-0.01160028901498025,0.052995378234221645,0.18995172947430236,-0.10754751204350821,0.06816508669652697,-0.01407354248393127,0.001818812745067475,-0.07689203290474939,0.07710157612595873,-0.09797145258163806,-0.0535343752407813,-0.04354939900555914,-0.0738037213667834,-0.03189806836947398,0.004305098325747697,-0.03497010787381743,-0.02600195072949635,-8.890469034515967e-05,0.03204220530452755,0.015734745549765332,-0.005708694429060492,0.0022661428088450743,-0.0013061298942329688,0.0
2.66902438214515,-0.12927119309398685,-0.370874373430991,0.05405970452273916,0.5592566848416212,-0.1570303122655402,0.30635695891901865,0.13918274694597338,0.006455958017271793,-0.3541532298826063,0.18565640299482533,-0.02775312527875701,-0.060541637557025026,-0.43518872096425876,0.13577542231696765,-0.10863993735508469,0.08569475589650086,0.5314721682792792,-0.04341010376602151,0.19593198692031016,-0.032828459597125825,0.27523319030051613,-0.14191634069477316,0.09049805538436075,-0.24894554411895842,-0.015656976122164015,-0.20376061340408502,0.07776752928207074,-0.015237961441438,-0.035966141423079835,0.08717169142108439,-0.09097356356063362,0.08911786866778927,-0.027137458170114922,-0.11009544487814714,-0.006739632911850344,-0.07040352524407459,0.11874217175322156,-0.05239739665074914,-0.00034402462370223207,-0.06731501873892737,0.004141968746324817,0.0070527347648726285,0.013660939492758435,0.023462729753513437,0.015446999196371207,-0.02440671708947497,0.0054213462288491545,0.0
2.6712265052914,0.38903917224287565,1.2224349603908433,0.39128952646725185,-0.1847022527920695,-0.07443498525819128,0.27877774484507734,0.5939474713655116,0.11987943448083424,-0.6470960122392075,0.15194384540034864,0.017659920008654597,-0.0920611536849021,0.003353358360003299,0.6511138257634012,-0.3458201271099487,-0.0452272830517859,-0.0014492402068890693,0.008715254628394077,0.0351159246808422,0.06021572603474396,0.058285491309245006,-0.13347334529009974,0.15830890023923413,-0.15883071915003055,-0.023860202719215504,0.2658138838095572,-0.0018350373834805378,-0.014442155062499386,-0.05297391030982199,-0.0873633071547458,0.05257743630886715,-0.007567590707874859,-0.09180448047464457,0.123863162388618,-0.047260186116314336,-0.04878053814290862,0.04325197803126943,0.04201305338878261,0.021672334021236354,0.0029778014519656806,-0.02024280519451145,-0.00832021119970501,-0.01779805146202344,0.0375142353696401,0.008893697201970635,-0.004229434583263594,-0.0057045013386454865,0.0
2.67141187871117,0.6230750260033913,1.1693132926969076,0.4947115772777099,-0.5219773434515638,-0.5842951949470168,0.11795981716627899,0.2749439345142256,0.570590166599912,-0.30662802221451985,0.2833761158450761,0.17966747171174074,-0.1582221030522192,-0.1447865407122548,-0.08490176607284841,0.0552599344101227,0.2398508598549025,0.19537985045094916,0.10884364184639125,-0.1363432194481585,0.18615947976666505,0.22834815852836968,-0.16407414902173068,-0.23347821799942894,0.12745002564765467,0.06715322622638815,-0.10716798673000746,-0.16024630536536807,-0.058978681689614815,-0.06362946972695321,0.05335039833715919,-0.16256199229227963,0.1082480219004652,0.002472119691807775,-0.0990305220112627,0.08183402711740344,0.12576682574942222,-0.03837968134976893,-0.10905379749635839,-0.033686182458455234,-0.00803965319759161,0.03923262885585127,0.0009612723476728176,0.022359048112110404,-0.004635770433948626,-0.026657815978500223,0.0009395662426522985,0.001945099852410272,0.0
2.67758259571282,0.4426829354887869,-0.5357513186129628,0.32578441019202786,-0.5145905424863183,-0.6030567711063544,0.05171627748351224,0.24028815827244804,0.4595651267343529,-0.20613898356176008,0.35580486780588816,0.0959548054503405,0.3814351239157349,-0.30431515970799505,-0.13971141870884793,-0.24374533111317184,-0.03310294022655329,-0.17788850433530615,-0.13605611908510165,-0.3410627791250717,0.0507305180581386,-0.28738255720991623,-0.09538356590292034,0.20851510106260754,-0.060560395160022394,-0.03800510612863698,-0.09293203544727618,-0.042138394285834095,0.04540094424903804,0.023449928814107887,0.006224467185573682,0.15345211686027416,-0.003523464561812849,0.007163199268617071,0.12146754982237033,-0.07690007153474712,0.010523108876612244,0.10453086206286352,0.10237436690483019,0.0007364661607158261,0.022148060867525212,-0.06846091319650782,-0.025091157625436917,0.01353085302445492,-0.005130463978597689,-0.027128824313219994,0.019090507811733513,-0.0063407097900503384,0.0
2.68219852222396,0.5096008009368204,-0.6432480285473051,0.30187248455087506,-0.11621619798131688,-0.37726267039961925,0.3347987025484897,0.2664030083967535,0.3217172724465267,0.0068001226772958535,0.33172172377898973,-0.4079561332491449,0.030270395327342877,-0.30309435093344417,-0.23547514139121978,0.03853100184801987,-0.06328144925262412,-0.31808828132573275,0.15453001527910315,-0.09034463696894485,-0.08360372615815886,0.10722083077729554,0.0428884455889941,-0.3040941759349118,0.16393653348802903,0.11463104935714509,-0.1442953766318135,0.06271344631419229,0.19023722832917536,0.0022725324501535814,-0.14487841848901595,-0.07155311264544251,-0.05574284704015618,0.03784351543058827,-0.1400511491054086,-0.011483585552242995,-0.100529446499128,-0.01481923590933037,-0.09243654221470621,0.05379883675229141,0.05387741384330498,0.047425526452085504,0.046819161568068056,-0.056474530456341245,-0.020937779970604635,0.05355398263625813,-0.012259950942758233,-0.009229758670403175,0.0
2.68246651004765,0.8587108733754724,0.8499773575195325,0.8509421995600056,0.03207760440973163,-0.27265244775013714,0.8135040597379901,0.25538116896016433,0.2247686724624698,0.17233747306179548,0.015570982640881177,-0.36598787140192107,0.37571218233352044,0.4532334246153695,-0.1435252156230913,0.29077967214523853,0.04188328591867622,0.20348267940193213,-0.018460962494177224,0.11083183832529481,-0.1658364576005091,0.05854665342679294,0.06941166940841745,0.1558758860598904,-0.0528759014612582,0.19472719043902892,-0.06210593343474487,0.19882329490997705,0.1723001054555278,-0.05152472431354864,0.042698111772361665,-0.008150127091822956,0.007060839903323029,-0.0032554917884908205,-0.05147053142570191,-0.08713648276741992,0.02140311189216177,0.04049918503882017,0.07403536993577732,0.02224941694230822,0.032564625419074206,-0.021319048127077717,0.03692546517461566,0.007863128464861075,-0.006635950062321617,-0.018903070470962208,0.006182741206989776,-0.0037226387896618827,0.0
2.70476229064367,0.4208070562137058,-0.8049128805784194,0.4604333653633741,-0.37367458444487556,0.09382791242313027,0.13851183373984605,0.06827713990468244,0.03026619601626411,0.18878733691428803,-0.20672723192399578,-0.6262316447720327,0.016482598307327793,0.2035019264525358,-0.12553657234906537,-0.06126429041429945,-0.17785595210055308,0.3260818658424795,-0.12002651472551686,-0.03860199425338689,0.08870876288229193,0.10195349917184025,0.03197168718190283,0.04403878628153095,0.06519801299407299,0.12521020669823008,-0.09741434024655081,-0.14865872320837192,-0.040852539257047876,-0.03593404141114183,0.0573563083026443,0.07397056039010075,0.08819394207500729,-0.1150456506481532,-0.12084733496377703,0.0312773154073605,-0.1908195103635701,0.04633793604836064,0.23883980997760446,-0.007699776883768732,0.01130821900496568,-0.02706209058852049,0.025722056964991722,0.014124980654819553,0.05027879850115914,-0.0921064556663259,0.008865292291929013,0.018194710874049648,0.0
2.70734302644648,0.45007492615121525,-0.7384744422461993,0.3899347892044036,-0.19109124231210164,0.0960338440538214,0.2733028430038497,0.08129811998872925,-0.0029849326694933362,0.25788811163822317,-0.09861749807063272,-0.537606646948286,0.01852429849049448,0.19600462127803223,-0.050714096090731145,-0.14367746574677626,-0.22316626212656931,0.2698468355172073,-0.027527348716303773,0.030478386704206134,0.0249656810592075,-0.11990107887565338,0.025463675175140893,-0.013454791496808362,-0.08837557425014406,-0.05999331232432277,0.19147902027374056,-0.18857396447188676,-0.046650132885284,0.11490892619999536,-0.09520710533225984,0.10998012341576548,0.14567371434202536,0.04977394026026335,0.11143069915212721,-0.057590235669924286,0.10531074794938008,2.506570355513149e-05,-0.11914736205256142,-0.08586217984041661,-0.032348282177282285,-0.0003997352740755943,-0.1015631953620484,-0.021778887824758373,-0.06147484325237816,0.09538811061622508,0.01162435261099534,-0.007868613003056616,0.0
2.71476581851356,0.521824314618772,-0.6223524994170079,0.05821986357018693,0.1954504265979488,0.03977188985060148,0.22817503768922467,0.41473283469850025,0.17603561327745082,0.23639203788402338,0.2073654437567987,-0.24942982734448463,-0.04395636318180704,0.11905021821071561,0.2892974235286149,-0.01656030112170255,-0.06262900673319761,-0.019646323919499168,-0.048395400141501115,0.04150066181321636,-0.22511800198139562,-0.04081418771215268,-0.1286392561455511,-0.0896799964384234,-0.009269307559972743,-0.08302873197648818,0.4700113066291609,0.12431699585190775,-0.13386453412938967,0.012359773870611627,-0.05172345284710029,-0.12656996428439407,-0.03313255669175329,0.06649556335912982,0.17159130221884786,0.07389583371409338,0.13035930956074004,-0.11169968970976993,0.09871649812869675,0.08132294286632613,-0.0267455524230685,0.07482347090174371,-0.03908578831236529,0.025320485376501025,0.029786422984939807,-0.058360161054524864,0.005326730036395246,-0.007696100973800244,0.0
2.72099282937656,0.27608909310074536,-0.5339034685802249,-0.41584626839110456,0.2113514058917342,0.8821545388743294,0.00636204387479704,0.1341516822629826,0.3394255543966569,-0.058552606384140046,0.3861108665090096,-0.3374168594575605,0.05604640759265977,0.02586474781171522,0.07160894558401397,0.3687391059865516,-0.24758858791236762,0.014708365451224125,0.128963469981046,0.07033859368877843,0.04806916105980284,0.018137839560058287,-0.09672177330958516,0.16421152960044297,0.11149631815372786,-0.15570152989683908,-0.03607381077106917,0.1051150158156661,0.18990582199688652,0.07199443702177939,0.11294989188850278,-0.022449845183593917,0.06329061351916788,-0.21231816569954742,0.04647969541750631,0.046757925152823065,0.028175441312868376,-0.05395425486254663,-0.053995356255902224,-0.006276373587474317,0.06343743177786258,0.06167750435866965,0.022178960218735565,-0.028036983153205904,-0.07061153480215265,-0.026332026687766505,-0.010613657819570079,0.0008476269282533784,0.0
2.77982401489326,0.11889620140018799,-0.3980144276188718,-0.5217354124170931,0.24700452671173817,0.6838498339870994,0.3931685719377877,0.3091927750454194,-0.1673495336750821,0.10008657757629866,0.17044836936045415,-0.11970803787454128,-0.1522943464689732,0.12179415981485896,-0.143636586292628,-0.2154120204691621,0.16146008973081025,-0.267747538523461,0.10650245633371802,0.17033075483098098,-0.31919827658668143,-0.07839714494140634,0.14605876321269998,-0.05555204926819794,0.13999092325409396,-0.2633840525813408,-0.2476429011197788,-0.10372624401427422,-0.09156850242312352,-0.16510482855654807,-0.022585742971191654,0.11686981122507667,-0.07509895991598971,0.043490583348243815,-0.03161187984012774,0.01997844067948005,0.02754948340831164,0.03742636281540367,0.02687175902830555,-0.04894356193167673,-0.011071285526774019,-0.06403216643044449,-0.019044522282445398,0.045829460138550576,0.015095850533145811,-0.01975582514558956,0.006151627093561047,0.0002575001727438357,0.0
2.77986657492998,0.17145331084576088,-0.18175216560806776,-0.7448215109792014,0.06963840297856032,0.5492844262535984,0.19092741599073176,0.2627640874978008,-0.10446487374824007,-0.036879220104176144,0.08542369086455585,0.02589661590318038,-0.19290754779740021,0.26639440832982875,-0.09239881598563726,-0.2457827985880923,0.2757300940471164,-0.20722249240465243,0.10797475849599311,-0.26904119027114154,0.017160539985620303,0.3073767778735093,0.17688273293308487,0.09943109279079504,0.03266140257518706,0.2826660848083745,0.16010105180203207,-0.06738192521289117,-0.14129246785068422,0.02441627640826938,-0.13778355018705749,0.06265868632656864,0.21086496137267785,-0.16597417403006692,-0.02611163096741257,-0.06354362142162163,-0.12190821490372493,0.022289800283314204,-0.04790022937398136,0.0018228615689037451,-0.03093890862221113,0.038510057550790545,0.0211779270578205,-0.027826116326990103,0.04634782439627566,0.015943690334923964,-0.004758406707472329,-0.0011468840537020597,0.0
2.78060947421184,0.07837451474362471,0.0937802954687215,-1.0180414492506096,-0.13269796729488328,0.3211935420171543,-0.13899833188625924,0.4667263195996081,0.08791272390502677,0.17325852269287115,0.3703173474880246,-0.02779603282971722,-0.2932150379403175,0.011439209473343825,0.12492022715991924,-0.23696679563996464,0.08831198021635005,0.24019567072177286,-0.06351408911960867,0.09720132122248393,0.09410229936180078,0.21714774742309223,0.07394039313567398,0.10990733338046409,0.03733050870287827,0.2146235224271043,0.18126336239272256,-0.05765129551304016,0.04074985418551603,0.12382669090429259,0.21714132659490196,-0.23604436378093968,-0.23158739416948623,0.0761666656496781,0.12427004372565965,-0.07157155846427644,-0.08282208754780848,0.009198545368964828,0.059617279899234606,0.03553258221078725,0.014516657925666053,-0.04402980027223198,-0.005181382794830434,-0.014660766461926772,-0.007591689471507426,0.0275183445954124,-0.016877696012361262,0.004320187457752933,0.0
2.78491893983045,0.6044686792467905,1.4772869251877707,-0.40749141372609327,-0.29738166625118284,0.532433740964268,0.04871429882082998,0.2607964456377274,-0.008065127123798864,0.11902146076011276,0.20266846889750412,0.3058187621561257,-0.2208689575436688,0.3817839358384173,0.07805089164625796,0.025044027974829425,-0.19077540476621002,-0.028281365996938083,-0.2651961558937127,0.026952996907158723,-0.01773086032853595,-0.10607324948248145,-0.01838309601101608,-0.3273238643913866,0.015100643275526189,-0.05960813772503996,-0.24500002024664977,-0.08918154294502509,0.02873309089349208,-0.06368026362808028,0.15806008339435626,-0.040061624729815094,0.09331561251502304,0.128515021314973,-0.047065614283270496,-0.06940972108664561,-0.06108215012724212,-0.05880744346779548,0.06790993485521904,-0.08679260748430398,0.06314227156533062,-0.01308060075833843,0.02401251483252636,-0.02100197790641405,0.026001343841878036,0.009393379082029089,0.019216960482141988,0.0006302136699427522,0.0
2.80303027673118,0.6405103103725347,1.4752173333547711,-0.3782055941122218,-0.10683189188981354,-0.12347492496341532,-0.15780152918649493,0.514528572458311,-0.04028704313681401,0.20093410951416651,-0.029673039143156377,-0.006826097954213353,-0.3044342197465224,0.04403557719869083,-0.34559223639277586,0.43291454623926756,0.043145614371685015,-0.05255981916513231,0.02245465997099123,-0.16799215389951988,0.21114601954070794,0.0654863360353301,0.20670578589490327,0.06236671756934271,-0.14415242606420908,-0.22475253153786617,0.14821300598520412,-0.04350172104307672,0.05755067448420089,-0.007839043472526829,-0.017600075506623562,0.1348049959347868,-0.18573170291701702,-0.08113565534171532,-0.02588397127125017,0.0130963919298685,-0.11022591424577169,0.032567963111718244,0.05199093492898522,-0.002781105950636138,-0.10394911582287876,-0.021196224241152188,-0.03654595202278338,0.021305459589341817,0.00038579780585728174,0.027705937783146586,-0.009982367763906453,0.008773588568903248,0.0
2.80691158427679,0.16476120403963215,0.04581506547366622,-0.8483881639525199,-0.3361376380062938,-0.5817100939924095,0.013672588447523764,0.26072244988060106,0.0005743474818412551,-0.14997841191927777,-0.14851839072042314,0.27302852148358553,-0.014298293683456932,0.06898190473063294,-0.04502107026921854,-0.29857778883929353,0.09636131746042804,-0.013263397296256174,-0.11376657558883654,0.08828145420202808,-0.1811613553858892,0.249451390633384,-0.09251575296195305,-0.14746920774891795,0.0926964531505918,-0.1351781298030331,-0.036517067154786274,0.014060035554466738,0.2688608917042892,-0.10818901155588592,-0.0609689290583553,0.12081995638656419,-0.04277157097502912,-0.02724178133166058,0.06182852510555418,0.10310317539162438,-0.0507165161214176,-0.07765860991410474,0.09769725020378657,0.10444550954855397,0.013303904140942084,0.0995801552865071,-0.15420103825426404,-0.045496095840462145,-0.007152295002503377,-0.0046554017051607145,0.007256912805742116,0.01555700621881902,0.0
2.80843505445744,0.1612776859163023,-0.07595032717390728,-0.7053031987015014,-0.5099553115827997,-0.17903313778037858,-0.019251115007012976,0.013325192488432778,-0.04089393464799286,-0.3691810533083643,-0.34749979329964054,-0.11652399043365554,-0.04910928426126797,0.14248189259517768,-0.17909801171598283,-0.22891145334821375,-0.24780127041789785,0.0037933692419022534,0.036999874355420716,0.004730677685647687,0.08478620517158326,0.17784826691675304,-0.1420329250164028,-0.11664776477297459,-0.004314638147444409,-0.11633885589109444,0.09626986692977577,0.0751456351951296,0.062205432004147215,0.034919880557049206,-0.11498935007983405,-0.048884503353727446,-0.08034841922464034,0.061143907694799174,0.00813759563785616,-0.01260982317503999,-0.003161054088803171,0.10184333887357941,-0.02660812899039373,-0.1259613364898983,0.062244154834089016,0.01890526413891273,0.12788380283670767,0.0502483182840921,-0.008840242336628475,-0.0511774591217089,0.039347511964326266,-0.012048121446535828,0.0
2.81266820236444,0.18714021778613474,-0.06839724726613729,-0.6537895165672528,-0.39558548124838805,-0.15437716205862312,0.01657153190379725,-0.10040750181466604,-0.07853188459412563,-0.2702541014891244,-0.2478191817919917,-0.1868741934838405,-0.05495711369035819,0.140969162925445,-0.0016059502081541862,-0.05318985806519969,-0.2669599960903704,0.01318616033191612,0.20813611686509298,-0.14204707986505274,-0.02136484322581851,-0.08234112535708683,-0.026133650141131483,0.03141979470996832,-0.06460644140985049,0.039453603703254424,-0.010684511894458125,-0.06320986648817044,-0.14301403455691367,-0.14230140253782436,0.13549793785507327,-0.13100169630260947,-0.10579960404858095,-0.11317818581967032,-0.05065710980318481,0.06703534392938622,0.23144298295517976,0.06518785478371564,-0.0035013631070923337,0.057826947597137204,-0.035091199099820475,-0.028299302246794653,-0.04441927160946373,-0.04834941066864219,0.059809551193349145,0.05251142801257349,-0.02911486927931586,0.004488409369389121,0.0
2.822196534187,0.30695637455528507,-0.08014547796999603,-0.5530993411499906,-0.3293581636304736,-0.3565940156232121,0.27459544876414005,-0.0013725486370283007,-0.10137695151445787,0.010288779086832383,-0.28908899990345327,-0.10025519914289394,-0.25592385257836997,-0.05221623831522283,0.30430884109916223,0.24357225665213744,-0.0164232693300638,-0.051666400033123124,0.01968124409516821,-0.1315380002792622,-0.35775446037713,-0.0898883521095922,-0.1279627295643224,0.27862959026081363,0.027343942784629073,0.08349542697481781,-0.001445180354911192,-0.06628905263462966,0.07263114846670451,0.06996732994183996,0.25277628855375905,0.10156292766877248,0.06735291329485851,-0.012889149284584223,-0.07791208415156674,-0.11720842333831971,-0.023414634447949213,-0.14736359335556548,-0.07788169143675766,-0.13738083538387943,-0.03946526397427626,0.013442164900865203,0.08019857785819443,0.04325703762106955,-0.027900831622534074,0.005539980494758448,-0.005218927859203063,-0.010109250013258604,0.0
2.8475523363971,0.4138986763573673,-0.10059200755443468,-0.577249188480797,-0.3835869951697764,-0.051938422207376475,-0.019949407402913677,-0.03579926767726936,0.10264888474475056,-0.05612470921564947,-0.15014956515712508,-0.09550982816243261,-0.03631278626037608,-0.13249918534805666,0.43147261108854146,0.38500584453473774,-0.043566037824477995,-0.09450610326778114,0.006017214783152006,0.05991823854938734,0.138898190785854,-0.09556793924921353,0.2730990238366047,-0.12071854522117541,-0.12671484791064766,0.11889171107467848,-0.16110794334565176,0.033778085248889034,-0.1950603472612905,-0.155485275216598,-0.10950601496182581,-0.1554898050745324,0.09269400995334855,0.04378863214494377,0.22196583231463482,0.03279790830416406,-0.15017627089400076,0.11192695361971661,-0.06996077649305578,0.028576723234073773,0.0010662644952103594,0.017567115985172337,-0.051129264631104544,0.015330141986837041,-0.0005087451888193661,-0.014754545749945636,0.005639909661594748,0.0021357501892956617,0.0
2.85336304145109,0.20627176755699989,-0.08178797488160323,-0.8725911169003887,0.09515090472614811,0.09985837472406135,0.12499190054280515,0.4166562420813044,0.12864753613604726,0.2755291329916124,-0.42025867922468507,0.3135116397847471,0.021025170793595928,-0.22158371870222943,-0.1655937375942385,0.20561598364034675,-0.022845444554283424,-0.027575148985229857,-0.2809658680438271,0.22420358211093683,0.1633970704277803,-0.08928722540172133,-0.004876192881279614,0.3696433548594383,0.12116665906803865,-0.07486102116308299,0.09501630258983661,0.07915650310842125,-0.10809858417296324,-0.2271591493167664,-0.08915033172952423,-0.21299265912464443,0.13685418218696838,0.07356527683036243,-0.16251222779037608,0.10643258757105135,0.028551705216396623,-0.06255046249158489,0.051949339956891355,-0.08002377340043372,0.023570492840601795,0.022454735922527728,-0.009419306795478137,-0.027460130165407142,-0.01774726344794571,0.016207969626759113,-0.004391694580079764,0.009256872158063275,0.0
2.89250602650154,0.057996254170939295,-0.14895602593180815,-0.9506047383589313,0.3099500136353789,0.6544937795860226,-0.14252907390157446,0.1526227960240645,0.44699853273187273,0.0004618334858093465,-0.4218740828062069,0.15760219930337385,0.037229208233907116,-0.20093956949588584,0.039536825013278404,0.07508022320174058,0.22439237792696357,0.11023295996928272,-0.07207421246434151,0.029158307155711508,-0.10527044169623344,-0.32912223422406295,-0.1916441970648848,-0.36634584396413433,-0.1968351512006163,0.22186698965342505,-0.05882597590194417,0.1158753050562321,0.13587491999170095,0.034440964384643225,0.07067415294640646,-0.0034753755304140176,0.07201232441831174,0.017073718948535856,0.020185205580849207,0.07652887987725245,0.09992744381239875,0.05869805823160757,0.141514807927859,-0.06461998098238095,-0.053710062140327544,0.05447682769976761,-0.0040552414310086465,-0.012584016570214204,0.005287114757476488,0.0023835621768558695,-0.005354959512723966,0.005853768251391974,0.0
2.91396501194177,0.2599546938160514,-0.13117439514768375,-0.997401234121751,0.4842149580952321,0.13789500544142536,0.019540020902916247,0.3013207103498855,0.0956520289016033,0.3035817566974442,-0.36215270877214506,0.4509982460439051,0.12768888353962363,0.08809254605198266,-0.0641489754479161,0.24811077780812701,-0.11928678107187334,0.39453454611022093,-0.2027263984821074,0.036661569005906544,0.04001060429763083,0.05912203585548357,-0.012819389922302629,-0.14793411415132737,0.04021738827837102,-0.038886934771186495,0.12776804092254915,-0.14720449836124505,-0.05001794443210296,0.021365767090715516,-0.0037708918929798213,0.28668078892067944,-0.10097944152552031,0.0007952283207733906,0.054858091567138084,-0.038624369999044825,0.007753427068593065,0.0402394466820002,-0.1728167717293653,0.1072622275716345,0.08291556235479272,-0.09694416356237118,0.010068911986073271,0.016067681232063702,0.013694761477856546,-0.010654006379227846,-0.008544026267565273,-0.005653148238582689,0.0
2.91854539249795,1.0792144625002285,1.5194035293525663,-0.7131951247899995,0.2329128039097198,0.11658746579873261,-0.05907078483259985,-0.09459390407034599,0.5913164900431274,0.19597964925379788,-0.36617382455018777,-0.035524653592243036,-0.10169460642268928,-0.16029016678085128,-0.07336351863083224,-0.3027240046750025,0.01250738546136844,0.09635678285061682,-0.16388936750607966,0.18036359083275788,-0.13166302479385714,-0.059807938583108775,0.03004403224708186,0.21174140215086523,0.004072063910271891,0.19885848706617262,-0.1359248206099119,-0.011767890443598269,-0.03371551985605588,0.21063455346873286,-0.14410911343015112,0.04166620001496543,-0.08720939734869326,-0.021353452942929067,0.03825917573380591,0.0297654395919644,0.08895630293515465,0.04024487509062602,-0.14145661649959032,0.02354423228338284,-0.013140818959467525,0.013482431021025263,0.031147580362827637,0.01192941406071712,0.026261109393860924,-0.012146382282505952,-0.0175946460599539,-0.006366257192680336,0.0
2.92093387757412,0.5430065296558544,-0.028329859127521468,-1.061176057181644,0.3780465273393619,-0.13327734623819146,-0.4770859391819554,0.22923817247624645,-0.01863391349782903,0.5110751755747036,0.2363947252255029,0.11760579057313898,0.04147750439779775,0.09145025278207687,0.13467818497818673,-0.21851427288943095,-0.1803386439427483,0.22087680244283475,0.30201966984756984,-0.11704972940401764,0.12205124136142417,-0.10394872738373237,-0.023489488490742873,0.013185679187983905,-0.20639528206162788,-0.11472501802259083,-0.16958483286211962,0.21046902087535171,-0.01571116445634655,-0.07771841325913277,-0.028486405006079147,0.14447918382481553,0.08121632744436173,0.070583287207563,-0.14572180018198144,-0.004144662556864065,0.03906114013229229,-0.10072210398976848,-0.013882783157792027,-0.04271729145452772,0.0003271047129388049,0.020414685319475042,0.0011931302487802051,0.01888501523502062,-0.04481856100568888,-0.027421889997029703,0.03609806130678651,-0.012433473881594917,0.0
2.92289948616032,0.6589391283099294,-0.135118398825376,-0.9522879516289233,0.34298051417382874,-0.3394442109662503,-0.5198363456450616,0.19043769469227748,0.009995309405942572,0.32207410739253245,0.13269174206168416,0.06229762601872376,0.09366296100259171,-0.057930797939765445,-0.1521925288309457,-0.13228859830003756,-0.12376984788319781,0.0700309116607569,0.2274350821120472,-0.2959146344303807,-0.1042735350829317,-0.07035826345522175,-0.026121262921596614,0.07432635845240665,0.07593325839005928,-0.1404915346266449,-0.08845352398182997,0.1864675516318617,0.11317656258247215,0.14435755642826215,-0.09819793509266794,-0.1230922103575195,0.11908490931451304,0.011553258505936838,0.05152424958482574,-0.14149609636510477,-0.05620635236369837,0.13410529481731837,0.011475221762448291,0.06800494365860062,-0.07976966486121309,-0.011075306826191601,0.015231118809566915,-0.0022815855561763134,0.06640998041679443,0.020505016308551196,-0.01987162294446774,0.0023021662335286335,0.0
2.9245341812826,0.7931326442234037,-0.30532331063997975,-0.8042550679116715,0.4839894060001231,-0.11899980859309885,-0.4883550449365211,-0.1642399420290152,0.34256283222840905,-0.14142243966284554,0.13606646227542904,0.036539825891258246,0.1937527066489762,-0.0067105766713159145,-0.3253995306734717,-0.07164410145363011,0.04995274578961959,-0.2098780795950638,-0.014429571875626867,0.17409124563090297,-0.3581164922448496,0.007597500526165919,-0.10282695475149073,0.07080594614205198,-0.1718196363784875,0.026593754062439155,0.14935444527696703,0.03646610008379713,0.02165773680954704,0.07872195326184503,-0.01821177638663991,-0.21138120367761432,0.06034937566954079,-0.010869245198915052,0.10174801692388806,0.019087005223743854,-0.11238405519988239,-0.08375125936274491,-0.11981970694593438,-0.07908592414486827,0.04178997919829236,-0.0871183554070111,0.007712612804071654,-0.04915408320016087,-0.02330826257682716,-0.0262985020268989,-0.05145136160036277,0.014122641393277019,0.0
2.95012505119653,0.847319105138919,-0.2424751044299873,-0.670561846299422,0.3523887466186476,-0.12538937975701417,-0.363691856731638,-0.07427077617984179,0.18198608339138528,-0.06818309047516176,0.07793137737299227,-0.055149603543880855,-0.07050445389969041,-0.07827566738802852,-0.39200220658223506,0.06643724003087627,0.1379407157981384,-0.22328536622008952,-0.08456139843860368,0.135778833309109,-0.011365881678894994,0.053678999589812884,-0.19631709490889432,-0.024710466242696145,-0.08432275065960836,-0.0254275740513271,0.020407695652649584,-0.002958345039245514,-0.1638090672411508,0.11688233035394609,0.10607924304261743,-0.008834843733984733,-0.17978010534365407,-0.10370508794982121,-0.09962938694630538,0.10480288720226383,-0.14467585379646347,0.043926036360885434,0.06982374964924933,0.11784268714957828,-0.06465939959507035,0.04470567860348395,-0.008911115981502493,0.08788226299275849,-0.0280251357027776,0.06100633469587453,0.07026177804891846,-0.04086072082302147,0.0
2.95402911018931,0.9156056608456588,-0.1559576545826105,-0.5107079368396308,0.07236187463399649,-0.05502597324720079,-0.23805035605812952,0.026684549956807347,-0.09026806604574741,-0.030268143206478276,0.07955757327111525,-0.22548640039538365,-0.21191812505232857,-0.28973025876100206,-0.2758054575586913,-0.0796973378427574,-0.02181019375927031,-0.09965898403511844,-0.14031879650353352,0.06759881107898118,0.17440524219091785,0.04513259103679545,-0.27165180985316184,-0.26469519540145187,0.06805812409654197,-0.018060673144079248,-0.09474582507756288,-0.11217850251757003,-0.2689290843328742,0.046578092202971697,0.18355922209278555,0.08526890140192993,0.13325498333169875,0.04669611638055509,-0.023148116091505546,-0.14133588690791143,0.134214127321586,-0.09318380613066757,0.04396982589247891,-0.009617648536077595,0.025535988203257486,-0.007530000785064287,-0.04581881471317126,-0.03910545715365413,-0.019051489051905186,-0.025294470145996926,-0.021419686160707947,0.037094682928490344,0.0
2.95610854312015,1.2833930977635633,0.9447443902449946,0.19759714271791298,0.5403541564130079,-0.11328028113283023,-0.3600890780171808,-0.16211773354179676,-0.2802822603398056,0.08195339550511503,0.11072352155475239,0.0002401654810223717,-0.05796425991827066,0.3421667623557326,0.18096554273359045,-0.0763234080123021,0.09670210468215694,-0.1762451696431612,0.1261808269067295,-0.386469182367856,-0.15843450548008683,-0.04246805630464971,0.09939546408032196,-0.04266377339901485,-0.03667190103330864,0.14239472902465625,0.28594500695994096,0.042331258584589665,-0.32176046655963597,-0.0965785301216828,0.06854338306120707,-0.058188119543816835,0.12794661754426495,-0.059541405223640285,-0.09220378336779345,0.004856407171380249,0.09717064108300703,-0.003115963344287374,-0.026789682982306592,0.004647986717674814,0.0328844618372636,0.026101023685640296,0.02122839714850993,-0.00719511770299371,-0.054572617961345514,0.005319112781379381,0.03715732735103061,0.0010413460781367517,0.0
3.00136893568393,1.3663417278045018,0.9387341590617032,0.2149844913636985,0.2898785516139026,-0.3156911437683037,-0.5776953643644611,-0.1502441160273221,-0.3181105571173237,-0.33771124724188606,-0.3007319218847004,0.10058014280103579,0.10877049515880487,0.3534869563163398,0.12400431561540234,0.022156629559864957,-0.15772560969701813,0.04844533594954471,0.11940455045295059,0.027026616184539106,-0.1631889594318429,0.12743176898445954,-0.0038622663781577413,-0.04351099902107477,0.3613612694328107,-0.05816067944509799,-0.15099723272222315,-0.008985416070843336,0.1882189324955137,-0.0030653623698156073,-0.011211544637840123,-0.18720241409618743,0.0021586246185659706,-0.08765332177272393,0.08276044326963203,0.03948012497880408,-0.07715761634551137,-0.0507131622868044,0.06789869296260324,-0.040545308382872874,-0.03815560859134263,-0.021644484812607456,-0.00038000343697253917,0.014885397985192218,0.0018271951765673285,-0.0081210656691024,-0.006594882954829765,-0.0029073491717262366,0.0
3.00804370738271,0.9273252356317503,-0.4232236398241912,-0.31855666623469975,0.2444486661505351,0.18480456784752983,-0.32476016838858135,-0.26138247397199565,-0.09925446783221589,-0.13440189060614113,-0.12323518124569388,0.02210869041181809,-0.020357329382974982,-0.4222178009256688,0.09129941365187053,-0.4025485560254993,-0.157208252163419,0.22028576124067048,-0.09026243956975027,-0.04878072167285639,-0.061662541776344365,-0.00034343333843421536,0.47680647304189444,0.16960077490506592,0.18069759471747676,0.10724808264974584,0.024454743296934124,-0.18405277801333295,0.1580616994829583,0.15882903084220995,-0.13686835387930868,-0.04665822438207013,-0.0504816437173272,0.09468630398613802,-0.03848498280181724,0.1273874245069106,0.10273137353058781,-0.0007438285155075311,0.12313088705760525,-0.04910783496828783,0.0984482107867855,0.0838146737098393,-0.0010810964901622852,-0.011207624786186312,-0.045584350043318976,-0.008117309409989159,0.02795692320634049,0.002979368741260369,0.0
3.02640701067552,1.4011096079472176,0.6013102344379982,0.30110759005570586,0.4281380022431997,-0.016966507832291366,-0.07935282586434828,-0.2629389209370333,0.14018596623119153,-0.48442343405477145,0.7593821934664637,-0.14316540759273894,0.5735532523352557,-0.2808784296565935,0.1753601776511448,0.36509585404918304,-0.03445275738377811,-0.18197079752149123,-0.32293812557229473,0.2359243334074406,0.04804051766507823,0.07277820763577006,0.1796126663473003,0.020408303854708734,0.036506590730833406,-0.13300307379600368,-0.009449394745516022,-0.06733754759269185,-0.06719200511860919,0.0425487419573866,-0.004684280387119876,0.13183374729526928,0.012212130655586054,0.16821739812603603,0.04076824050299838,0.014656748569374696,0.03868573355868036,0.01092945551757642,0.02155926012889051,-0.038029870858140406,-0.02364970760253789,0.039854734768367844,-0.009568942206762006,0.009264098558934853,0.025928812092532512,0.01278088930239523,-0.00985530314434205,-0.003793122258220082,0.0
3.02732718065268,0.8851005143394329,-0.7539803739065467,-0.21477816392077,0.643165951763553,-0.37611595783732316,-0.09243939424048005,-0.5323064868331204,0.15899268463516442,-0.3176405280343135,0.16122925316586487,0.10729034961729819,0.06508088707083813,0.16339504780435743,0.33411183595733857,0.32112108370355763,-0.40389383490310315,0.07973674670804395,-0.09628384381451541,-0.243288542825382,0.20914679216998203,-0.1985109421063325,0.0722144827379722,0.00011175619201854858,-0.015282290414651392,0.08672351753083057,-0.04040839270061413,-0.2774600912456855,-0.016846593016174586,-0.0028466168594194997,0.10659656997990231,0.02734609409341857,-0.08227209679978734,-0.12656469505676018,-0.1774835985815149,-0.08930671753236041,0.00464215921949432,-0.045831379646699054,-0.014837241893721705,0.13989712478636307,0.005022800002850068,-0.0017801278687113497,-0.028739423896404253,-0.011871631966521332,-0.01305280950186281,-0.03220699391526161,-0.010305668162313769,-0.0035692419340945356,0.0
3.03347626130792,0.824968332938323,-0.790757302707426,-0.08256780734923588,0.39518715736691357,-0.4257717673873663,-0.16610275078258885,-0.28315330540807243,-0.18318711969481566,-0.21276830514189557,0.24097189713573372,0.10761478037229835,-0.3140466348458719,0.39461022538539986,0.0867235933067138,-0.03705214249570781,0.12578861084339352,0.11415457788927626,-0.13412555152058186,-0.15980042409837591,-0.09919040331829261,0.18046682555243965,-0.05281616347485935,-0.14695002790105371,0.017155508214981855,0.10159837776906175,-0.160129623536578,0.00026839065694316737,-0.006662328863600617,-0.28094271940341253,-0.22955145743704425,0.2608364221832344,-0.07157476709708649,0.12884071343292597,0.15977813269548977,0.010752076464036857,0.05377642904864051,0.07543550473567777,0.0005376608264595209,-0.06686386924408834,-0.06291684842806855,-0.018564126366132642,0.04175917529677648,0.047341092071898155,-0.022427485169310615,0.03063979718615744,-0.05290135811781381,-0.0002687292125651832,0.0
3.03998007489136,0.8073438352430918,-0.6376273772372669,-0.05674882121067796,0.3899912306845171,-0.35903732499133517,0.08848949750809905,0.09370504353494001,-0.468135358439068,0.11894493214273769,-0.10504743136968518,-0.08716338739634347,0.3566128517105996,0.16454528927277712,0.05133495222187567,0.016434601949481077,0.3116793502973421,-0.07826545798402118,-0.09382737800297228,0.029872561617871204,0.09565039200574428,0.07361833174895731,-0.13275481462756142,0.16291662298662846,-0.06458507444041184,0.16950643127678588,-0.1882455421381511,-0.03582661791819057,-0.06611494954559441,-0.058374631089081926,-0.1693877661447441,-0.08981227472889625,-0.20349181862456076,0.08570395330354366,-0.005211515187005183,-0.06848485569271814,0.033026211108213445,-0.09482759763403957,0.004717674721631172,-0.07051559814092828,-0.09277857927746908,-0.08640876060091272,0.00965479885765483,-0.1371926289258189,0.016661328754145346,-0.07044748045466366,0.09970211315493789,-0.002262522477715681,0.0
3.05066080552653,0.8820460872345098,-0.6011254951752693,-0.0817302776251781,0.2274591154683923,-0.2850922220030318,0.2147074927980299,-0.1469112752630458,-0.42087111044150216,0.21367109407426127,-0.086052790669005,0.042247120970959645,0.38192101287107166,0.08055598376452403,0.05742121875096894,0.022282288642865473,0.22091681299168553,-0.04017300367685627,0.025759504822238873,0.10418494126917394,0.07509251549636702,-0.0557890098413543,-0.12321856585562733,0.10980386696035596,0.024171241273812486,0.06413975466148909,-0.013094506433597443,0.07241951369287539,0.05327055556711894,-0.05624040377117393,-0.09798461018855378,-0.07123731958308843,0.030585519703301627,-0.10335702935388418,-0.056150301013868524,-0.0843034533989293,0.01612724926045657,-0.0307770531847198,0.09527507452852357,-0.005337683638318016,0.2328833064173412,0.04128396517316544,-0.0423254538778474,0.18083748800173483,0.06840687402487534,0.1148253486811091,-0.01855499792111359,0.019446671048919444,0.0
3.0514410237781,0.8664265238954302,-0.6557704431749444,-0.0016563218470639649,0.09424577894573861,0.022686795676882986,-0.15971832650912277,-0.11121504405291303,-0.28154193406612504,0.0706138571270642,-0.20615613930765173,-0.05039763847821299,0.3949501809179367,-0.07569096935396498,0.10447745130709522,-0.10963862393880251,0.2941451748306001,-0.015604679821561458,0.18639627798497382,-0.0810379895824565,0.14993155834233352,-0.08639456434797493,0.05921979882617302,-0.3360107196016768,0.024689696549492293,-0.15725710027028017,0.11575513212423692,0.04080290404137715,0.17752431732843826,0.11884292761414665,0.3164384416677297,0.144121493106849,0.039077032606689634,-0.13687557178696624,0.08268821241843775,0.14833620787770438,-0.09178698157160037,0.005981264794899591,-0.12679892673416762,-0.10833806563322222,-0.0012967491487483598,0.003990095722761282,-0.022313504154087907,0.01726649943316078,0.05501722722500076,-0.037444484890001496,-0.01458506332808389,-0.011205077290807088,0.0
3.0560258509342,0.8179045895753088,-0.5340519718457776,-0.07137554972807467,-0.09729507996495013,-0.2587217621390027,0.17318440135674806,-0.2860460100403898,-0.3244576790494036,0.2623602866064949,-0.11745981907481716,0.15786914500456906,0.17048400799895655,0.15741543374592235,-0.06899448345059507,-0.02503823602716339,0.06582068234861929,-0.11027719419974123,-0.0034783288997585976,0.19176000903662913,-0.03250864927891846,0.007798087739798017,0.16284405206491875,0.01730144465015252,-0.10436912611732703,-0.22497432165007616,0.16420755529952907,0.15420661716121473,0.0892430157672383,-0.046682233933664684,0.11485874156417505,0.0011464245394596563,0.23592836575242523,0.10849860968864697,-0.11464241752645835,0.02279431786138691,0.027743179505897005,0.23535816510185145,0.061672469762174977,0.17514338922222097,-0.03905980609595532,-0.028980700109296344,0.08818552397656214,-0.09927769871567046,-0.08075099809831011,0.006199296652478066,-0.03438896524662593,-0.000535983915710792,0.0
3.06625134347406,0.700332030251985,-0.865229698507582,0.06478389930551065,-0.4031009604248022,0.2992392240070368,-0.07354208196618528,-0.5346130986047175,0.14305256075877526,-0.29964852887173105,0.22400296132954575,0.05228134390623688,-0.014633540094657308,-0.05186703844485652,-0.21104915553168013,0.03525686569667446,-0.14086702227151185,-0.15629556201931677,-0.05859233782068836,0.26593218881206365,0.04263985099863112,0.15431132920686083,0.26626907173987624,0.14972418718521677,-0.09597641211597208,-0.10174628945125147,0.17639035185983776,0.1773225236554491,-0.10796721698117179,-0.0872872725907633,0.05034477711540365,0.06033460639740775,-0.0026749034697351372,0.009681293545605,-0.05956663952485923,0.012151307068954353,-0.07029538264102843,-0.09796635480239066,-0.08157563335948087,-0.1242749467851706,-0.09309990069626223,-0.04726597834835225,0.040073642148800326,0.0036351712983668386,0.10779712183623626,0.03192955047812147,0.015935219008145055,0.022281871015393716,0.0
3.0911588870342,0.7347835082100023,-0.9141041923984117,0.13337137027348708,-0.3395014389933544,0.1886151942431702,0.23036457698660784,-0.48098047757850987,-0.10183023685475191,-0.14122797946845836,0.05625874932148343,0.12371279645081994,-0.6995600322337819,0.032905612263084555,0.021580011462575484,0.057859145762560495,0.17669281989135266,-0.03803554090346373,0.13608219874914548,0.05711132701897854,0.19907555137252844,-0.11909034734952845,-0.19917866178226565,0.24615740776786998,0.1091124223643927,-0.15086474983643017,-0.05361495610520124,0.17028450080852622,-0.11976552465482437,0.25659497018077787,0.026452018189184738,0.04278275836139652,-0.0821315305586268,0.020965818807457258,-0.0464459778588829,0.08066121252252617,-0.0511954541301108,0.12766543697140526,0.018797272014198063,0.02399047206938063,0.07160884719375973,0.021539428806946707,-0.05364472902715295,-0.028904970705968543,0.03090031567414147,-0.02728978351727164,0.03535427838468933,-0.008250906915726438,0.0
3.09355812911819,0.7411173230813387,-0.8881982346584097,0.08137885795461246,-0.3119819610568588,0.532964413955256,0.04193816193995667,-0.40702604645426893,-0.03374436109793469,-0.263496172559583,-0.13550324080755757,0.12962048485017072,-0.24898235056110127,-0.22129148984573324,-0.2649565854110871,-0.0624490399537859,0.09036740724245708,0.04706342687664057,0.264229573546118,0.12617805822373646,-0.011960778748764379,-0.2999630839077065,-0.22543431425089971,-0.07732104848162781,-0.19217467170064273,0.20278465480427524,0.15845118759339344,-0.14278732473249767,0.24174585186392378,-0.19891593326261953,-0.10301988079068851,-0.08755731234340532,-0.00758780163509668,-0.03354414405679995,0.004236847838424328,-0.12270213665485524,-0.05821378836250354,-0.12378203227731724,-0.006345753009574112,0.09002333831389593,-0.07316059657212808,-0.07231488604191975,-0.0013898718944555847,0.034991254505935675,-0.0244921157128305,-0.048563630904940445,-0.005186278777223503,-0.00964460449414328,0.0
3.09808524503145,1.240323662632481,0.6664043430552891,0.5685283415725768,0.3572986812841765,0.0003395748057902872,0.8711950839068053,-0.1274002261179656,-0.705107726025732,-0.19124710200796596,0.09848389244232883,-0.19773232658639747,-0.47105939146983383,-0.22607448014995218,-0.17680281771849907,0.03592970235160246,0.32288947988561423,0.1277565116951151,0.29443486968125454,0.12339680970628422,-0.005978312184035188,-0.3064255168522676,0.021363246248355446,0.0028704520061506597,0.07316226405439259,-0.07178622534315707,0.05049182311324999,-0.1606152714985741,0.1589780865911647,0.032514985568930246,-0.05713324723017126,0.04421876644615359,-0.004767418119345271,0.15749089813417652,0.05953278654769896,0.019412816180377743,0.030296527151648874,-0.034743161337182304,-0.0602701766832794,-0.025822293490979035,-0.018503876130998565,0.012702281920554668,-0.012242871643274663,-0.00514283756930465,-0.007925500578557407,0.009518385280162137,-0.005887711702950279,0.003668843029678757,0.0
