TOD,PC1,PC2,PC3,PC4,PC5,PC6,PC7,PC8,PC9,PC10,PC11,PC12,PC13,PC14,PC15,PC16,PC17,PC18,PC19,PC20,PC21,PC22,PC23,PC24,PC25,PC26,PC27,PC28,PC29,PC30,PC31,PC32,PC33,PC34,PC35,PC36,PC37,PC38,PC39
0.006021438863064,0.31843474563807955,-0.34655864997727404,0.0978225209812799,-0.9671664420451153,0.34227299060208194,0.047339957440759965,-0.4657618713984528,0.5834539969372302,0.19489903047945228,0.44883631959784487,-0.1260965037775707,0.6774920498780318,-0.581394817866194,0.013229149000507449,0.0502374157291829,0.34163912904969923,-0.15291085099180068,0.33911397642117397,0.33810289709093655,-0.05523018721756258,-0.2765566057141494,-0.028551752440118806,-0.30804465941752607,-0.2368245464616423,0.14639015591453064,-0.3938542914869678,0.152055579665462,0.14412837774777773,0.030744994106473137,-0.04347630376862424,0.13149124681253008,-0.3201563232107317,-0.3030991080281497,-0.2523298012651915,-0.10537445879115342,-0.2915769093224049,-0.2380011683749389,-0.13389782563919014,-0.06718911284596171
0.0154433843788352,-0.4679881244610829,-0.37604502191732075,0.2257617049828943,-0.590841111012506,0.09934202033787161,-0.17305609005796407,-0.07653239079307614,0.3942800461269228,0.27328396422408147,0.3057615115724505,0.02017581294298602,0.575130881194418,-0.7151501994289438,0.2956312212928213,0.03241177936476028,0.2794691815266659,-0.2587858024233313,0.488876831868346,0.27387185458503516,-0.05857263062065931,-0.2955398478867439,-0.2490474253343337,-0.2847557988660048,-0.049909096933002446,0.23535108181902095,-0.17237414047008837,0.009178612304370642,-0.14880694241542508,0.13231587214245746,-0.008109594729038824,0.14912030333991091,-0.11117209059658222,-0.22451982431897757,-0.05916763718217336,-0.05226649673088123,-0.012241091757518297,0.009492113434487881,-0.05287891004765793,-0.049054391559193465
0.0173694865991158,-0.6368866631016344,-0.5582541279087727,0.6163268510630009,-0.36167135044468945,-0.7011485087063135,-0.686569499755934,0.15504650424873143,-0.3882679260398297,0.14726641293034137,0.4344970346255613,0.08420819138794484,0.2456327075198263,-0.7178310227616448,0.07437516993419604,0.13927103160369445,0.12494684851471105,-0.2517062641057759,0.3758010573010515,-0.1904560927947812,-0.07447773788447903,-0.22838048462634247,-0.3531907936581022,-0.05426507454547153,0.0761298407391762,0.17978331654945617,-0.0026085486232006678,-0.004533804412219052,-0.23049827025159483,0.21564961158247153,-0.042385414164094054,0.05130963856065785,0.19814715866306404,-0.060490678334456684,0.03497282882061804,-0.016271472818980195,0.23189097884557988,0.2568900971359135,0.20403401326435217,0.033035089680838396
0.0217868349329398,-1.3537175333538178,-0.42331027062998633,1.046209981534428,-0.1135782702933375,-0.8941622393704128,-0.6480352575693445,0.20349267663758153,-0.5209993693152787,0.0792589421640206,0.35272987130816413,-0.0186649947873154,-0.02060644976871118,-0.49747503438973556,0.19395859479541094,0.0475772091186237,0.06864096806523115,-0.09396927128809177,0.17411143847203703,-0.3500980549433002,-0.030359170753966765,-0.2503821101328199,-0.2524828696347935,0.21860672463250877,0.16062399295409643,0.10996025731842705,0.1905121274268257,0.06489775232690334,0.11913242039053534,0.1283526530066621,0.09127927630414581,0.24722376854178607,0.12313062330473641,0.1900029352258815,0.008652597829496036,0.24019511940403993,0.24108343932142196,0.3051196665190524,0.10003483219987412,-0.0340126189359662
0.0236539792007251,-0.8976966037022825,-0.9800821989360257,1.6825481369844824,-0.1841217419820162,-0.12747585386693935,-0.352579345672475,0.3564296825482649,-0.20793525852583158,-0.0030175558898150297,0.07946934008632192,-0.07343754072520653,0.05836409185808174,0.12726887038172988,0.5721326952295658,-0.03928667021012566,-0.26040804331111833,0.13999280160691416,0.1330424710001301,-0.07927750779213465,-0.31275968005008725,-0.24144804558713728,-0.2632934790114661,0.34811352527644207,0.1866535949098609,-0.2251304220357982,-0.19461194712858743,0.030201658866820573,0.1976702191555552,-0.04210846628545013,0.14708040093861022,0.04667475772195403,-0.11613424378939588,0.30736108394790385,-0.06382312008740551,0.29741223743122885,0.030957229115145226,0.061869837223522316,-0.04541579362059471,-0.1046226692781111
0.0912510183968422,-0.8771292704283655,-1.1086888556185253,1.650468265106886,-0.18607079329128517,-0.7937495162468337,-0.4289712788306266,-0.006238447729065926,-0.49928273658967726,-0.21381179229078495,0.1065281946624615,-0.2913284494347417,-0.044924147751886565,0.13294142323827768,0.31225276609158176,0.134376479246732,-0.3249355249727058,0.2536852209240411,0.02622610011085846,0.021741908410878245,-0.17252090488030947,-0.0609164962227031,-0.059351453955355744,0.27156907466946467,0.1601667203832855,-0.15464803277381975,-0.16500361793969578,0.0030849550918310748,0.1960229961070435,-0.12371141387746337,0.06868592123037348,-0.1771235461888345,-0.15913666136222315,0.20361505676845684,0.024244349963524748,0.06579173478171156,-0.3782290074860027,-0.28665101307753116,0.12973069650148564,0.15653439193891835
0.109828407190697,0.25087431065268867,-1.7450501107840544,1.242654214223974,-0.009398219090560012,0.3218374255496142,-0.319672421587417,0.03442475945295847,-0.08305926502843025,-0.27540294561662465,-0.0347263524398763,-0.5905582740498724,0.43735627246235487,0.15133339624243017,-0.32327495261298805,0.18520677846851458,-0.1874347125850074,-0.12062902253080875,0.03199289484003456,0.5529074800749467,0.03881950970920672,0.05106242083912337,0.2521845977360881,0.006727648835115552,0.06592948635115264,-0.2598947795790089,-0.2220289355442164,-0.05936987382852661,0.33082805341392835,-0.30417286899131,-0.2701951761127267,0.04889742773665674,-0.13838590833733644,0.06032391614243785,0.11749772573804014,0.05269309831431282,-0.14094727462688192,-0.12725031522553695,0.35050291528458,-0.051051869758559826
0.113440764064444,0.21402799806772682,-2.629411254407183,-0.21027893298950076,0.6185180803924387,0.6346603089759631,-0.02611720688135641,-0.060498286269265435,-0.45143069751078757,-0.24590388213774741,0.08188767739290366,-0.5859519107621305,0.3225254595872512,-0.02108359499211983,-0.522981811650285,0.17977630089788763,-0.2558108657784089,-0.035413603673499945,0.10738859366618564,0.07038361816356584,0.02218245015767358,0.3371252800566438,0.4409726770985805,0.07711520825512999,-0.2313065344013641,0.16818589226930802,-0.12155855106812562,0.1468465962120261,-0.03041630537240939,-0.13898949998593005,-0.2253812904009994,0.18371768070189085,0.04658794810118093,-0.08005052501800121,0.22089807877866285,-0.02080076218546296,0.057620872775818475,0.09267673743780483,0.0009186251776211157,0.14335434068592934
0.137447118292763,0.04009338442293676,-2.350703184668753,-0.5531707221460038,0.6430084621889695,0.701953625892081,-0.38277079458082475,0.2367857793960917,-0.31165326640881896,-0.43211616918555557,-0.11188625899924194,-0.6184053579544264,0.28818601568460117,0.024134771947685405,-0.26442743039016836,0.22613574738568767,-0.28810526235420253,0.13252908071208744,0.2471840931441177,-0.1463890748768296,-0.08441456065863054,0.3338535805167228,0.018268955030366917,-0.054792466147992144,-0.17422160732459685,0.2948602444329302,0.043188060250849945,-0.1576834890273705,-0.4799856268333371,0.05927023639773885,-0.0887009561508724,0.021122881832047337,0.16430719812991357,-0.12746687447702967,0.07581525146088826,0.0006773321367601914,0.02944391228351375,0.1650306505093024,-0.16137864529704962,-0.03013284463533743
0.175701572519407,-0.3574022537952469,-2.5522136597170992,-1.5318511163964554,0.6123258747320128,0.28126065866310646,-0.06074434811464268,-0.08513057107616966,0.39041786656710314,-0.12438695349631582,0.043535030735329806,-0.38122544652532125,-0.11897900472971476,0.297525436920241,0.13481026765065343,-0.06426606012574829,0.04359255617121627,0.21678490328015732,-0.03371788102121495,-0.29946404420324374,-0.11723297554004965,0.20252856773205088,-0.37450468749710153,0.14616624495333302,0.05683665185538379,0.17020162743595996,0.3104018715685218,-0.15928216013304636,0.011603765616335145,0.4798032898589307,0.3632113571695948,0.30910631517835746,0.02813451481760861,0.0548089640483292,-0.27386445518674907,-0.0910830885852017,-0.2554199666843359,0.01618561557033372,-0.2915937773430905,-0.04108348632451489
0.188459931666573,0.31421507169040075,-1.5948572219805823,-1.30418663099837,0.6509082828342717,-0.05401713411592521,-0.4789303952402878,-0.2184166053011523,1.0254632371799854,0.2692647343185597,0.350732337836441,0.04649546679976187,-0.22911387024143653,0.043491669478147595,0.11016902580555472,-0.19197072965595874,0.5047256402811044,0.30950484449894594,-0.21818219821335963,0.02986999162339481,-0.15260097626600633,-0.15232719100505485,-0.310892017828617,0.23378042280332584,0.2582073798557791,-0.14910066724280066,0.1634199694319296,-0.4677917495010807,0.07043060910301435,-0.25799333741134856,0.11277883273854306,-0.020449004286310146,0.10073476009042065,0.07274420373001288,-0.1792235421614074,0.05081982454128159,-0.05297438284954339,-0.007490294474944377,0.040911628532010254,-0.05531420710907951
0.211014437875058,1.108954789169948,-1.514670890290687,-1.4659596363281597,0.1502171065397369,-0.8300217359998382,-0.6043404934157058,-0.7042986540399017,0.7183189653800545,0.11266900174212932,0.24867346582844294,-0.0005422720941679669,-0.5087316762444415,-0.26348609142445284,-0.07977863697421789,-0.1594384668111436,0.5346210158621829,0.031098176392442386,-0.4104109361397771,0.13851481654947548,-0.04249809019922715,-0.33977983946892953,0.19982989834607862,0.1315274261937498,0.2233892820029784,-0.04471549891823733,0.12110965644324191,-0.05133151845080306,0.09188364823275692,-0.24241649331084164,-0.08377224988098354,-0.044049315025283475,-0.07409861089784966,0.057450539671037415,0.09590948660573545,-0.29624354347470166,0.027810853484422082,-0.17205257453026662,0.27644518387341815,0.1199059486799299
0.29193173530297,1.7816482441703998,-0.8184611346054628,-0.8123439215141278,-0.3751545463626468,0.25628276594302196,-1.501225521841953,0.06883532596045946,0.3995424029028405,0.016520749102133435,-0.6086692569936738,0.6029990751018951,-0.2595331728658838,-0.30379931786390624,0.594461595372033,0.0887238817951834,0.025254159128251772,0.05203294663305399,-0.2529558814661489,-0.08502886043337078,0.1692658915571626,-0.08710104990648879,0.3945725456341322,0.06435458943845482,-0.0708304195656254,0.008306751208234655,-0.1278389496787261,0.3162646135191775,-0.03288416878850444,-0.30450088708533546,-0.09648705646444372,-0.07908063017287571,-0.13530889990827982,-0.10480332517654335,0.27568653045260627,-0.005897328896297956,0.35968647833178696,0.16352150515505787,-0.1700021356129218,-0.0025202799488427833
0.321331506043033,2.0200905642195868,-0.33177776517582525,-0.4508122679025488,-1.2029088100932963,-0.5529336982517623,-1.0885866031379097,-0.020621931770659796,0.026294361274649482,-0.17871345786358175,-0.9208761146815954,0.15775015884377552,-0.272566366273974,-0.21486475004019495,0.3415514171583616,0.22230703279059147,-0.34429675236580937,-0.11848375117243562,-0.07595554647334696,-0.2761123392239503,0.13695266448623059,0.26617217766658885,0.1313776727918362,-0.177388566590761,-0.04471339969267423,0.03984695114216149,-0.07110513453949074,0.16773423717437655,-0.16795267885171875,0.29060470603451266,0.22703825130924316,-0.17432055597815244,-0.08692206687570113,-0.01304081775482088,0.018501775178875093,0.0033765077458686953,-0.29771034753840037,-0.06002692803410275,0.03917791698701523,-0.08825341947265257
0.352163255010744,2.3147869056704673,-0.3846318702353706,-0.14208196823258817,-1.2094519886418995,0.28106735146184725,-0.28624667037594737,0.3334274804936196,0.17973439010292686,-0.04177007594719076,-0.27775805503463236,0.5539042417571476,-0.14801259979380305,0.046468202175841945,0.11356668638587789,0.18238651981026685,-0.4823613916643169,-0.16987961835693033,-0.015013841150647377,0.060296174142378596,-0.0400574517419623,0.5106081532873786,0.03491194680485484,-0.10731987601182483,-0.05679464532490677,-0.1621229028821774,0.07460513403472589,-0.013479371454461632,0.20313305496084563,0.13320081598472833,0.18907303168884693,-0.0013011307442230729,0.08869257927908042,0.10091298267183346,-0.16773272403287304,0.17631872236559704,-0.2578745174971427,0.16073665844955837,-0.00848474179136346,-0.06925973760374983
0.359107591030253,1.5267054279927212,-0.743306872142478,-0.05456035184163296,-0.9573791913879078,-0.16253241226323756,1.110236593664763,0.5192076084684196,0.24615964823038614,-0.03292506206442116,0.7487161487483701,0.7033972961732199,-0.3239911256200245,-0.16416062628282121,-0.013253642899308879,0.11331177655648114,-0.30661340525444597,-0.15923833821495792,0.2269891947336692,0.3460684397917618,-0.04856595677259978,0.34545401563988054,0.08991103813475372,0.057735554267407695,0.04421009642710821,-0.05807689798044199,0.24495674187356664,-0.09219376108282781,0.14940661633129143,-0.16206985762568502,0.1271327987323013,0.1969416751628764,0.1333419236270563,0.13679726994338565,0.010617291224344719,0.02118542828947181,-0.037192983164049724,-0.033274557536259054,0.13096535339012869,0.10329568371182715
0.359681342589083,1.4295791500328021,-0.7093610277384912,-0.04867817190603459,-0.5639166283968531,-0.08889745881277782,0.9324383464595519,0.6979580090476748,-0.026616547663068243,0.06514425941201703,0.8018783680370434,0.543394279756452,-0.2628317483025765,-0.1498513322217514,0.11550249151137251,0.1392487827802122,-0.09736000803933469,0.017730006984212184,0.27316595652867987,0.4424817290228928,-0.028756105524858397,0.20029299449538268,0.061928144102627466,0.07689895997695724,0.04325947926803602,0.18532791084039135,0.1783814578549996,-0.1857149513546779,-0.3659829573755617,-0.11344576384571017,0.03166940824035039,-0.07942525756990039,0.23998854572455552,-0.005673141448290751,0.31049122634305,-0.083604209820789,0.05087244725409755,-0.014742526330785311,0.05621380059292135,0.05967424201884892
0.387224537220685,0.36761102963983905,-0.37903880780347166,-1.0648242780615422,-0.30458486738723317,-1.1117393669958104,0.9027967835633509,0.43941777012544264,-0.6321861245862841,0.1507369723869635,0.3149898906344272,0.18106865045887685,-0.45474557008145966,0.06958907693701716,0.10319022713552724,0.18930491596145713,0.0717533821604604,0.3735854437108593,0.13132952863470201,-0.0074985114203413505,0.12070120222587465,0.11799774057019025,-0.00631332727023731,0.03692550313807102,-0.167596494017356,0.1669574822408,0.04612315660978416,0.09439253634274922,0.061032627855877104,-0.036711749762711396,-0.19802000215061294,0.22528273823005157,-0.15896243618985034,-0.20694548165739768,-0.06251371096846246,-0.13102049033505883,0.05274568970005798,-0.0876281153924879,-0.02710757920424269,-0.3410886730409035
0.388651758449078,0.6884287032749483,0.5714765166174025,-1.1904451885836593,0.3432538487440529,-1.1756656461189545,0.15849127307050995,0.672591338126406,-0.7225787317049179,0.3313553882400334,-0.1345616674069738,-0.36564465520264483,-0.25135424618455515,0.15177280057243894,0.024091657859497937,0.15359267968506932,0.1501403922692745,0.47770159695674963,0.1054816833232833,0.025434235617925297,-0.043660743493083236,0.07000539029152622,-0.1473459510281909,-0.168367083016456,-0.1715903113762754,0.03681830839903799,-0.21282337543545593,-0.08318381158258725,0.09322017145212722,-0.07531306714507213,-0.15064815915745594,0.009423440029187073,-0.22889650987919394,-0.07098733334175372,-0.08660176991761777,-0.07375463878630327,-0.08120309749545568,0.09839405215209956,0.055196057043897295,-0.2599781998910596
0.420748324349751,0.7138089315754699,0.28966642763513234,-0.8129586990691453,0.7602546280798467,-0.4088629451716904,0.0019825252493948964,1.044118688986109,-0.3645163331554277,0.6521264141719014,-0.2760631497872787,-0.36073777969343046,-0.20535312122277607,0.06415538875532316,0.4188100857264987,-0.001943908944396271,0.13891653242644583,0.4161560300131906,0.20357911936431125,0.17860330640720554,-0.07751981692747476,0.027531979342989198,-0.013096373482842311,-0.24812202976952774,-0.2683699525845532,-0.13506155222473626,-0.3272229009882063,-0.16281134051745966,0.12176586731663129,-0.03231494808312165,-0.10232004494791754,-0.12982207953537928,-0.29588661997275967,-0.006223856394816608,-0.15831760201643372,0.054708731276692735,0.050586499895649756,0.05466698672015205,-0.07072692166256403,-0.008355728920113529
0.437709928746239,1.5008572657858466,0.01600287207901367,0.44104194071363145,0.919615287401718,-0.15910152765368793,-0.2753933550627719,0.7062326036424409,-0.2461618407175469,0.4456040500575522,0.27368167124264087,-0.215409309542237,-0.12141860739820973,-0.09620994339374686,0.23496471656610762,-0.11231081348480584,0.25907514443159835,0.0477058828321076,0.07164537801935843,0.2176983549248465,-0.013019814897223717,-0.020845877541859757,0.2664199543577928,-0.33831188317538524,0.06228969476419908,-0.06268989127717578,-0.050810398231221986,-0.04893766009033623,-0.10281673962647751,0.179623113266831,-0.050700068013183414,-0.39233695264861784,-0.14756057387658997,0.05573578184522575,-0.07227606311301395,0.07824975822273386,0.0816407954005031,-0.017864616288317026,-0.1323431586778588,0.46535837871974445
0.440163796884805,1.4575543438863943,-0.1406792087849834,0.7131917747007297,0.8482316847227076,0.053523505343140744,-0.09557608395047194,0.05093157108988944,-0.39486170066725884,0.2831902045879283,0.45016058892640914,-0.03350162354620981,-0.19310561771631124,0.07169491519677046,-0.0041783711679685585,-0.23129493234654291,0.20181983752551783,-0.25851329424019676,0.10454534488277528,0.11081426626351626,0.24167775345355372,0.0743621480002566,0.39338322465822295,-0.1680553942230236,0.20465761084212483,-0.3500454295165651,0.3739771877615073,0.196416502675032,0.00504050872565848,0.3331114018908492,-0.09988875563429883,-0.15228586992180015,-0.004661652583842124,-0.08813975106646836,-0.3514850487196153,0.13390979115783333,0.05994843364890511,0.03801641576194242,-0.0920118638252182,0.16866366904481062
0.449688614212724,1.2492467783990286,0.22304505972039443,0.45474846938870717,0.848387163184138,0.14898474041108453,-0.19581528824950142,-0.251544196913589,-0.36513402753411306,0.15685197193396733,0.3106304544181614,-0.0006311727312239158,-0.14959776963563937,0.17206612720589395,-0.09705244555675735,-0.4315147975353567,0.032749821148967226,-0.4954190921491703,0.1328348055005328,0.0758644715709501,0.30736232157257404,0.06102701051395395,0.08923044770424274,-0.056490443946035904,0.5591692425172828,-0.31858268392966765,0.21033520697110347,0.27347129953716126,-0.18516742450394308,0.30894408330330847,0.02528730460612029,-0.059679555448055414,0.033173063138292075,-0.19855867981689396,-0.1530321726298723,-0.07992693001821927,-0.08619190194049954,0.06038956407072001,0.11095170473953404,-0.2061834961739224
0.450025487950132,0.7547188417473216,0.08750546024989234,-0.7076329552602514,0.5597026629562768,0.23197637719051023,0.01213929598270857,-0.38220353517607447,-0.4082996531255971,0.45139229181991486,0.026645464771168696,-0.18139488665943096,-0.270565684572513,0.028819807214294335,-0.03990759551117394,-0.7377846255743777,-0.24329858371567784,-0.4844487945382343,0.23464263097027804,0.04567851431708022,0.2995669378475282,-0.018735898895472145,-0.22546216694606278,0.16841502252369417,0.015031974140000407,-0.2902675981318964,-0.16491503401100427,0.26138392281404965,0.050286697569306746,0.09622237563724674,0.1600550208698138,0.11962720579795577,0.13869243471102752,-0.2516909038011653,0.2581205549493529,-0.018596648414691937,-0.10021680907978038,0.03494846602183112,0.1855236710669829,-0.31533398204363267
0.451402088647877,0.9748865310178648,-0.09367352787805597,-0.417291655282204,0.46145580196577524,0.0922567985305792,0.1954851431315899,-0.31639319106545866,-0.14398337553840168,0.4955697677874851,-0.038470399125062414,-0.20795317351046588,-0.26386963894171256,-0.0025649246219532737,0.03442373766625361,-0.6258753767572751,-0.2383964263833242,-0.2922097133283327,-0.01039712918567783,0.019985255250644426,0.2111906209690232,-0.2401122590215405,-0.4064876195457005,0.009205847636411326,-0.3667508984592348,0.0708414453230356,-0.21164387829270154,0.13871113123053067,0.1343261220666171,-0.015699741365642606,0.2598764498414874,-0.016582830560481203,-0.032683805809688396,-0.009406470213508036,0.540183490306256,0.0846266201626281,-0.15194817985232198,-0.0349281071398995,0.0718249744856865,0.03184826865270155
0.452679007574816,1.4038235194434447,-0.09940795125441752,-0.4310600324690875,-0.13539518120461747,0.21050102229602155,0.43445693998926505,-0.2475902372019565,0.0028814392416672808,0.47173846800077784,-0.11661716941930472,-0.09604005463185541,-0.21465347409005106,0.027882558567070947,-0.20537482906618984,-0.46080867558653854,-0.3266112142154034,-0.19552020226962583,-0.19564710057960538,-0.22664222696102077,-0.06644146444318982,-0.3475501970589881,-0.5043396860988885,-0.11819170543593235,-0.5994084554074249,0.2080765541144293,0.08634912022481403,0.053197521189712604,0.19446209156328662,-0.1607515759851895,-0.1800865269141749,-0.0891429489585233,0.11749145318753075,0.10661467037597541,0.11523333908302494,0.271109606197122,-0.05232432952332541,0.07076624178442961,-0.09339580231516355,0.27614998136440366
0.453375419463321,1.7929737111336488,0.2090896857895707,0.2266838346277326,-0.10201624290734741,0.25234987832221856,0.06299084793941147,0.09039776837594062,-0.09343894355939468,0.17893883870850197,-0.016923762430999002,0.13919744137420473,-0.08697959157095837,0.27533277159976693,-0.34759956482965043,-0.03235518201037142,-0.2616954889811226,-0.2265789334260406,-0.30404960105202794,-0.30464833872961694,-0.38084936685865256,-0.3707838745593418,-0.4199743796412368,-0.1944280067311926,-0.1798234089883467,0.30522418504528537,0.0692283692109161,-0.05211387512970234,-0.15887854953805172,-0.08607953883703018,-0.3636707349619002,-0.01593345327576852,-0.0385092110338306,0.2073308159101868,-0.21167479633288477,0.10767632301388566,0.06695783908438203,-0.0013947742814253952,0.031197375194166953,0.1190253831863734
0.45608622308921,2.046740816202219,0.08239629106983361,0.2257994623534881,-0.19993859898875999,0.46088595429435136,-0.22518325787183363,0.024324789606187256,-0.24699538999298393,-0.012695870766569856,0.1307800655322521,0.3944633558400167,0.0586320296105194,0.4500925799636641,-0.5225263214370611,0.0716276933687401,-0.2520842191662921,-0.261076023892994,-0.3146644555086435,-0.39012653238879036,-0.44670505121802817,-0.1577818428033869,-0.11837299351985855,-0.08665934092707751,0.24537116880561646,0.12062469149507841,-0.10766280644120495,-0.04729988207254096,-0.0718352426527278,0.090048074533587,-0.3018861266966951,0.22410307478454067,-0.2382373409402175,0.011822278705403548,-0.30107463142467544,-0.10518917451489102,0.2608847526347853,-0.09728304612850273,0.07377852389190567,-0.011181897885325032
0.462730269483455,1.5501453628231916,0.3807740294712648,0.45407644429283595,0.3691681881741436,0.04952590367847879,-0.2924220818557364,0.03050780238086194,-0.0017555105490269288,-0.08901105598697384,0.13859088887601054,0.36415352563779657,0.25338286411181515,0.5421652646773758,-0.3419726329655906,0.2091913025585272,-0.022067846369073704,-0.15542232048453086,-0.08324024904029972,-0.21440184228187642,-0.2745541722521128,0.004736548975092651,-0.027175364120957578,0.05701057747595995,0.22133565349414494,0.07188503013016068,-0.147043074963233,-0.21731101838276223,-0.002626372024927622,0.1427825126309249,0.22469273463243858,0.2583451277649836,-0.45203567680623996,-0.08451683884286715,0.13832515933783862,-0.07305171716608168,0.19735322295347466,-0.11018283865692019,0.18104246844162541,-0.12384394334910254
0.470708590529088,1.4759237532020315,0.8053280057878183,0.36349190227572414,0.3161421506151658,-0.21233214884106888,0.009697061708148427,0.049952342619729716,0.20845910745298862,-0.02567727016096106,-0.013994494227773756,0.2121773338011108,0.5986976117619784,0.39266955497899914,-0.30968155015082927,0.2520616858203244,0.16433010999810616,-0.09285184970823267,0.03141706459584225,-0.12861697109972514,-0.07146698571586073,0.09499416691948041,-0.03131480095014945,0.10677634825665888,0.04808974413488161,-0.10778165840979907,-0.13777968555056344,-0.31738517237312647,0.018668964417650175,0.08591555949700927,0.41174506226755314,0.0870590224787766,-0.35542113661303515,-0.22166797736832405,0.17818887440307246,-0.033998184250305576,0.05055967665935523,0.16126208744032103,0.06442937657792057,0.05321636532602566
0.47167714332029,1.0943793840257496,0.8462009420286576,0.45224472273637134,0.5752274478813812,-0.4948976570230828,0.2375466230451568,0.26479160895131987,0.13644945013158147,-0.16998983275535154,-0.15912211992294592,0.18590152569987312,0.5831168783513513,0.14463700422876538,-0.13915325727329367,0.18991171270597865,0.20599347466501877,0.09553880119505051,-0.03162269817535341,0.020781399526819084,0.08454493904932615,-0.12886577901784588,-0.017332813645704073,0.22858537375070923,-0.10154656406335298,-0.18619914267781829,-0.06441092280991688,-0.2916393007670515,0.02078219449117895,-0.13365862091133301,0.4791292395790994,0.12906152121331174,-0.028998730137519153,-0.15890150132081937,0.31392715129029564,-0.04830739084201789,0.03987495269082539,0.139501915526728,-0.1875696665845163,0.16565956596618114
0.527471619719246,1.5155400678544926,0.677348333050545,0.33887933589131547,-0.21826460020885366,-1.0303891750368865,0.28451569455495535,-0.03550318789219263,-0.20717752983936333,-0.22806350761044214,-0.28666504045501845,-0.08219413018488311,0.6074540730130398,-0.2031171512146314,-0.45120671263934403,-0.01612293302090784,0.0317419396473078,0.2902969932428563,-0.20760231197904083,-0.24941274172181974,0.14657580411576074,-0.11637040709223878,-0.09199037793531058,0.15664558347605745,0.14061206613487773,-0.19386931886069136,-0.10794458322244699,-0.1296249795158117,-0.25306243852092913,-0.08584538572984202,0.10023961086032727,-0.038521122077828436,0.3417213177866892,-0.1897537095824243,-0.009113083622610247,-0.13350045095386182,-0.22177370025508922,0.04463809262819409,-0.1215245690142778,0.23915271151358045
0.536512957449926,1.905247977873339,0.10706593009911138,0.5073838602448012,-0.15341335027379943,-0.11793996616428619,0.3489593185309225,0.11366652098541744,0.018240516304244742,-0.005847388124574217,-0.32379646916059956,-0.12072804859706344,0.6030768131754357,-0.3308396918910646,-0.10850324605630741,-0.24135219125958465,0.11225516205376304,0.456182857301387,-0.1828159854696069,-0.16655423398004368,0.24124313928675006,-0.13846321250308558,-0.05873332639391026,0.16436319753516754,0.26224064013632625,-0.2073896125857685,-0.016591531950151898,0.11022343914923147,0.05426406068432783,-0.2176355237776167,-0.09221975793290775,0.20240323186832052,0.45900014712582116,-0.16749813648609613,-0.09700960892790857,0.08399589430656247,-0.015487502833718563,-0.07421902653664436,-0.271917572250394,-0.07478363912107963
0.540999949491896,2.100135724868687,0.06237476694150551,0.36467159616519984,-0.35202895513022375,0.09757173836145693,0.329675509367684,-0.16243849835066343,0.08833973448712255,0.13574092817382222,-0.31791327153791327,-0.25206405558632217,0.5102334730218991,-0.18815348933710863,-0.06075291878421146,-0.1546701046011719,0.13040016882994782,0.3623424194028073,-0.08068820874311822,-0.12037661841250769,0.17959390254795105,0.11754614331895126,-0.12699140185402003,0.1922736529229826,0.2570662420759961,0.1419910631296794,0.0003189055887103429,0.111758446766931,0.06944402212939081,-0.03623963743740625,-0.2640140316307187,-0.1512994985528897,0.3068105638803084,-0.012325530544803322,-0.18397444336466015,0.23170448334942467,0.13535214644881793,-0.2201552169474893,0.016016265377031894,-0.18055424047978832
0.541269050941392,1.4591357162591039,0.02181698344570055,0.5212535767432165,0.06979948423696183,-0.2119189244629536,0.40028142824651597,-0.20914433193316098,0.34346428822753994,0.06711112903579577,-0.3358481830736929,-0.3375603220150145,0.34400465393308416,0.039513852002819795,0.1760437470618017,0.013617375689407712,0.23383103417510623,0.24587334845790304,0.14838445764728037,0.029586835615362506,0.13440003452904511,0.18042487363343052,0.13255023466114893,0.26818695482014976,0.0060236788814653705,0.29804068950622026,0.11838120145990622,0.17998222492913854,0.4335571307274104,0.18718630878912948,-0.11213439238024499,-0.028730835468824496,0.028839582860850678,0.041043882730027806,0.04875227808485412,0.21677579607369574,0.337391960950954,-0.19137738965859155,0.07479454529463815,-0.06204222301572119
0.551418591570473,0.5102244597011059,0.4860335659981324,0.4367511256450263,0.32788359080562496,-0.28051214267453994,0.3843710220298948,-0.1111158955378602,0.48212907938314153,-0.10403977182332144,-0.44465811819771467,-0.22766236773725732,0.22738604115838693,0.15107113399389305,0.2883571966057699,0.11650772564177912,0.1619320369759473,0.027553433300093213,0.33240482703162116,0.0907810155631307,0.0650985672196641,0.17466554788141028,0.058100469167138305,0.20793615487612171,0.0381607716266254,0.5759085835182971,0.2794248248504977,-0.01809219532758873,0.0004621118794235417,0.27760041315347694,0.06449055404680445,-0.3827724953349688,-0.010551319754975535,0.2010035830740381,0.14259283333973963,0.058584323373543544,0.11463041968360636,0.03828888268370647,0.22287916808565467,-0.004163716254329058
0.55346785118836,0.16472678931881865,0.7593510147113067,0.41382328917919775,0.28852604048309144,-0.1511039838800948,0.2658822348284403,-0.17106947234419545,0.5039124884618188,-0.02789613510371913,-0.44719454671160874,-0.33834121035993087,0.20795880215248644,-0.030486344723227338,0.13161087152498918,0.10159684814671596,0.21411035953387264,-0.2020244551822325,0.24393198916714368,0.11616887797270456,0.12738453687734644,0.17818938614104476,-0.004302851624429266,0.07593115018115972,-0.17256078174654818,0.32306589588877227,0.38493713284389786,0.17756343283284015,0.26538505297666254,0.12516357494868582,-0.03941000379337978,-0.05145261911353701,-0.06893007711705755,0.19740061235694586,-0.05897750826069281,-0.23671439425336951,-0.12123629322716982,0.22374557283075047,0.11289276616411577,0.07551927398586672
0.55387852468264,0.17926767066802013,1.1456226856822371,-0.0724731513394037,0.31986884195797843,0.165373286376244,-0.18920712876327445,0.11498689021639973,0.1660681614600933,-0.24274203571729297,-0.39868519793186014,-0.11738510783641312,0.12950908936807465,-0.08683206300317778,0.0910806227460702,0.162283146670591,0.1858129561518521,-0.27327181514806304,0.17441672041747244,0.13138753107432283,-0.12978424844561898,0.13543198314216406,-0.2302942173196992,0.046023989672909,0.014606489696676368,0.14012473687611748,0.4703136135266505,0.1443955929158175,-0.0053506752583103,-0.1801248678614591,-0.10324447580530269,-0.05213220637489359,-0.0959804015694578,0.1276643252292766,-0.09010647553039507,-0.34269900025220024,-0.14005385463784104,0.12734920380137993,0.057756699923002607,0.0667655289376321
0.555116611760192,-0.025015977935093282,1.2783695286214518,-0.7418456793820118,0.4544080892239801,0.15891595781032541,-0.1892102278001662,0.4108498586928901,-0.09168218953999198,-0.28992002738812006,-0.376573822137497,-0.19797240711903633,0.07600603652421634,-0.16541045307339144,0.1581621587615574,0.20921831757376458,0.09804940627205137,-0.4317318707794883,0.3851059701052376,0.012951967958510873,-0.45927431899824533,-0.010953889818407146,-0.16987461665083106,0.11429591971197432,0.053335226944903384,-0.09387429468109232,0.2457227651758012,0.15409067436744459,-0.09684235771692618,-0.32341779994629255,-0.16432948970593783,0.13529868585716281,-0.037108969642387184,-0.03508839019484747,0.012775920166966137,-0.1051027935009083,-0.23892626811190945,-0.17676583758063416,-0.05953927464308808,0.04651517369761929
0.564606244871735,0.26443890415165444,1.1653906898766446,-0.9884076191756586,0.48368635806143156,0.3059367219893809,-0.17025544444848156,0.45216140013588635,-0.15017815113178673,-0.48567252515906917,-0.13431314495038116,-0.1553299938145403,-0.1811016443484525,-0.13884492467901663,0.13676475873565977,0.27096725574326486,0.09846726709364138,-0.36324557004333397,0.2943943410561911,-0.11786346732809572,-0.656278310975009,-0.14704897673629813,0.0346915061618513,0.254353150421263,0.08232405475851633,-0.20257744910159467,0.13326395263294527,0.19188880076942885,-0.10650267270432474,-0.20565577083547207,-0.05883387282752055,0.10156472773165337,0.13669281765444477,0.048472726618424465,0.08437198290477127,0.07619624832790155,-0.09392212953444463,-0.26648735571074045,-0.06844841922546499,0.0588090137652959
0.575949590945403,0.19963100283621643,1.072818714388507,-0.981202252656588,0.09238884930563185,0.38554870984442907,0.07298427795758207,0.45226795022104505,-0.025179505179689837,-0.4702835728840027,0.19514152698940532,-0.2539201757865912,-0.12632659449499434,-0.4192443687670996,0.011445183627945275,0.019426523065384515,0.18192868299742493,-0.27522994870609685,0.16041957725113143,-0.1429144640399634,-0.4987346014811417,-0.08351149371928793,0.2920061085336672,0.18120099589630698,-0.22645212205578566,-0.32517197434698714,-0.12432213971970724,0.11288650750609501,0.02596549780123385,0.015941182774067145,0.20040494586406662,0.04847725849516793,0.2685619338417694,0.09042492759264456,-0.05710162478119497,0.19516180508940134,-0.015340795570633177,-0.14737437768255462,0.002604897848228614,-0.06084793860102944
0.582019976212569,0.3257947873286309,1.03605753715443,-0.7391977688022993,-0.3927754220896391,0.5462316285690846,-0.03961701479824147,0.29011532707169196,0.10514989552672008,-0.6325996341295982,0.43445877958898416,-0.41227719652837563,0.053534344989718284,-0.2166030636092809,0.051509454439427504,-0.35222972899259086,0.16407608516451608,0.005115453853818204,-0.13133715957657466,-0.1478503013524351,-0.07499080789184477,-0.010857328299468774,0.4227380365968069,0.16514237274658777,-0.4982050407781323,-0.15613685526481272,-0.16026167705169064,-0.1002429568477449,0.1680848844552332,0.1612586842846242,0.2772931267728637,0.029060957222123478,0.15725883832548154,0.17820910234922138,-0.23214129179105825,-0.107121634738224,0.2140953193872086,0.06693324796390634,0.1817067136056247,-0.05766892045756384
0.584430480880847,0.06423799160526941,0.5173332511100407,-0.2372812150091711,-0.4754827279157917,0.6222523167783617,-0.05570717324363151,0.29117959883853234,-0.14940431294238524,-0.6973556888124858,0.4649708975497967,-0.27211893583474805,0.10789471636876242,0.008595893091464189,0.23432069691325252,-0.4854438856318992,-0.03165410417669628,0.06210196667646,-0.1035022243496796,-0.28147408976571486,0.2968755690431552,-0.12730839330797203,0.2559856575926835,0.03567410243611492,-0.3674254069105019,0.06324697020289757,-0.25669933637235515,-0.26851097904598653,0.07140593051929538,-0.017890600096017076,0.23777053115354446,-0.2136665736454752,0.013472493215116704,0.07191673112437205,-0.2421995326427116,-0.16684674145070072,0.16921921576413085,0.057337231307379694,0.11425559054862768,-0.01809841373879536
0.586765822437222,0.03565026188923915,0.31685433406023134,-0.2638170465468605,-0.4362284126386372,0.7992936027548464,0.13600559635164017,0.14971288910195452,-0.35970392120676764,-0.8965796645216456,0.38638886184884846,-0.2679517951998131,-0.0657057994123182,0.013670597827088385,0.3203083535374386,-0.20733050638702682,-0.118372463302562,0.07642081347194732,-0.027546014479798316,-0.2807313455871194,0.4384853512672121,-0.4834419935580313,-0.003659794577690411,0.10151590692111022,0.16391652301147389,0.292490215900536,0.044545651005725315,-0.32956640241480084,-0.17470642903868824,-0.11147683089490655,-0.08900125631515732,-0.4026957672081823,-0.23930537205797286,-0.023412746426588985,0.024157027418324917,-0.1303379390066699,-0.1634615240962018,0.08236941242554029,0.034144808135522675,-0.14910226374580013
0.617047406540971,0.3313746526388461,0.11276118450479745,0.3737442536549097,-0.031811144728113146,0.46390078787760375,0.6891778534973494,-0.02331933162993713,-0.2959830148829643,-0.8070804382042018,0.17682311317630725,0.01638884446435009,-0.2146821658449362,-0.14738325426922372,0.24188094295234958,0.10082444050193576,-0.1507604990910794,0.06387048519278357,-0.19406394170131447,-0.24535162694580281,0.4438179085975294,-0.4804301968393848,0.030367379114664514,0.1308139966189312,0.26333449810726056,0.05388884103908444,0.4239339542962985,0.0738676131219564,0.2538628544528669,-0.13906584127932792,-0.25180183344307433,0.04842163334653692,-0.3639674464413966,-0.12356252326691222,0.13096159338012786,-0.03640501331237806,-0.13126299666347854,0.09626887884003126,-0.10441400859973991,-0.022835839531854578
0.623406931075868,-0.0745486870525537,0.004254594812003673,-0.6194366776394842,0.0627707861450119,0.1516256754524388,1.0752740521820567,-0.7384275515817528,0.06259347996795499,-0.19415623542437546,-0.2553430385902272,-0.21781635063260152,-0.15688232800314106,-0.24936356333334322,0.6040670418719515,0.40049472491419236,-0.5632499136881921,0.17256246346841225,-0.08171737006214076,0.24401435302023436,-0.055121722811192354,-0.47907031185599463,0.09109401884073352,-0.008531649796529898,0.3217961316262272,-0.18184800161323655,0.10488118294130601,-0.16461501129748635,-0.36140401536451866,0.13297603811271777,-0.004489176203699024,-0.08412991372913915,-0.23203791497404655,-0.13417943680727135,-0.013433252265799027,0.2046802187952016,0.019111570583976962,0.04457866479779073,-0.0623476502325808,0.025598198443660302
0.630493923357263,-0.04374583938264533,0.21096531523670922,-0.709093005798809,0.33573290854828947,-0.12863777711356195,0.6752335723055569,-0.8880408868327926,0.2651868234241346,-0.026151396692932826,-0.1636060906338486,-0.2265226949406371,0.15497847788108937,0.09025769835611919,0.6532650704859382,0.46201703116498266,-0.6622483830019293,-0.05856237105478333,-0.0994552615608346,0.28851915234406544,-0.04888327268795393,-0.18193075918025362,0.055257637207143634,-0.17097584901993437,-0.015356178704136683,-0.48547444285586216,-0.12782758489723903,0.058627126584019265,0.005258774712351731,0.14330473094465535,0.02790636491930235,0.2601114883330741,0.048305344792529376,0.0525472636918527,-0.15912063549741823,-0.05096117178904216,0.23804811700428744,0.13713599232219595,0.03787264975847903,0.1907266483758454
0.631887316538843,0.030105256929216163,0.3499459807656803,-0.7770537948911644,-0.022314709098612648,-0.840829093905007,0.09923946511730018,-1.0759830393277634,-0.003736811952219587,-0.15774212015380853,0.18295317604520295,-0.2890338076126985,0.16935223215799147,0.2641242705848181,0.24534960180585136,0.47620550962419755,-0.323660420600777,-0.06438294603432025,-0.10249470382169563,0.12793775397791943,0.022924867664554396,-0.012671002907554714,-0.08116155556249471,-0.25353097037038846,-0.13700788719442136,-0.28652767090350084,-0.27682926087463794,-0.0682844452410955,-0.023217177663257718,0.1484175004856111,-0.1794053082006896,-0.015004899899290536,0.3298723582505687,0.1946933177137362,-0.054770798350557044,-0.22570289651795736,0.1566924868619443,0.12929613171955331,0.030496979053673462,0.020326673889097747
0.632004751630834,0.2736493915504918,0.5721533127170628,0.041291828234229645,-0.012389189431768559,-0.7569902793624697,-0.5166927855467656,-0.575146471370815,-0.07769662183915668,-0.3723335380088214,0.45613213827315663,-0.061784463920159696,0.12245003694713312,0.5394345306524436,0.07254197215539675,0.33728736573347484,0.14023975859281207,-0.28172743187216,0.0341613813603568,-0.05313289494857715,0.2797843255086589,0.14418834988022078,-0.28069462376875837,-0.14640360673360148,-0.25446673549535903,-0.13704603317484296,-0.019918273093526905,-0.08749083333690925,-0.10445399192804755,-0.006772240314129788,-0.2566047424139385,-0.07077789205290408,0.2240107436761068,0.35625516366346854,0.2221425265146705,-0.23451602417676978,-0.04440325460194356,-0.04918137999710386,-0.04272472438674358,-0.22276497310696278
0.635926384697436,0.14362480974289657,0.6225321923719527,0.3723195015960987,-0.02062963011285924,0.11806051545682666,-0.0993053736144978,-0.3437046497957503,0.20876941197724835,-0.15166417525947148,0.47152184223332566,0.1511319977466558,-0.06549099292493504,0.5546805560863618,0.10994022128671554,0.36189823594088305,0.43356674563247727,-0.10395567178592742,0.16233717672452505,-6.500786093747011e-05,0.33617214108524746,0.18901190617546698,-0.13524018190932338,0.031105266141683945,-0.14667495615731252,-0.07034853065238253,-0.08209642669325912,-0.0002066210010856518,-0.16684056129392405,-0.07955292485400987,-0.2377158040335897,-0.023208298761255238,0.015882562179046884,0.27488507278070645,0.13453639239455492,0.20088550143243444,0.09804133552460367,-0.21745802274337542,-0.3692806735205708,-0.23334774561149807
0.638875774665152,-0.2905745559741136,0.21446975397306756,0.09351763301702787,0.1901480693247603,0.44496312535407345,-0.23197200905355825,-0.6732513220882069,0.09574762413654678,-0.18333596506016736,0.5298084400473017,0.2636694878770609,-0.28895471288444413,0.3095566533880476,0.14898518496621668,0.28110657039125125,0.4072068261528486,0.04770440990092067,0.26790659010037554,-0.1443076170012175,0.23003609317666623,0.21342602758928975,-0.007770572615176732,0.019232646144464363,-0.10529846640729847,0.0034930092529591983,-0.17112889726439912,0.22057564808558966,-0.1942118816355041,-0.04659981726418396,0.0429226801225335,0.005069308208009024,-0.14199850554228494,0.04421336923998986,0.0840519601491753,0.3177209753133339,0.06419646348319849,-0.18916318795836634,-0.2274796149258606,0.08480647669725744
0.639047426527176,-0.5604414423263852,0.23749569127803336,-0.11203913754973728,0.0456281134371906,-0.24152298170706046,0.07730193105826326,-0.9979848060304044,-0.3871723704374913,-0.4843104693754657,0.44667227472593823,0.30183070100416004,-0.4000271021479276,-0.22629059168058546,-0.19571348919691317,0.10140880727675221,0.27162846971802296,0.3477685417028046,0.17855004001792465,-0.44738254156447094,-0.056957834279875094,0.4280776012440131,-0.0848239111769893,0.17538421489697062,-0.10851153454398686,-0.018669456316432166,-0.22086891497139255,0.30124846044832804,0.11050697434429131,0.0435481564523034,-0.018094115673970106,-0.1197934052524306,-0.10804032827617711,-0.25925843301002904,-0.06835366915064166,0.11738110800849678,-0.06517060114783031,-0.05467221297331495,-0.015671077850043545,0.3446982224411132
0.653490672021814,-0.3594853083568963,0.13621408010131358,0.3149330152753629,0.21197618046308547,0.5512849106035009,0.3396971398914489,-0.830803383028585,-0.15251503086271265,-0.26118072836236433,-0.025388811367041558,0.32227841493584725,-0.25459716642800784,-0.2770179133623541,-0.04911322269543463,-0.10413209500206144,0.14400987176378857,0.31313475667149465,0.11818648117727015,-0.16730977779521033,-0.326568774223578,0.5322044625131909,-0.2935201264405297,0.15382566070447393,-0.04053671112652111,-0.10455228484713952,-0.17718838335867346,-0.03943811085093796,0.1052204391103407,-0.0833157840047701,0.056737785821696925,-0.27057866225936145,-0.14504027681818196,-0.11689101698435722,-0.042096919637798026,0.057176404088297064,-0.058639216072956274,0.2453633459667547,0.14396150812326605,0.055884197369071846
0.655183366782917,-0.40137054988084225,0.4228935377622542,0.5244100757129619,0.46363665495882905,0.4616336878534047,0.390044053001861,-0.7599507361971412,-0.24042560700193383,-0.02601014860546389,-0.3462054657391833,0.3042891145456556,-0.22813843150872043,-0.5730213802571477,-0.09453800252683536,0.013390738261992685,0.1638878863710012,0.04201090942039866,-0.0975776736706131,-0.049887158146214916,-0.35292567910743466,0.5243984988033692,-0.1160431057807619,-0.14867921026958922,0.07986039971397643,-0.0684848527786125,-0.09468885261990617,-0.2680532081111726,0.19650696055657638,-0.2688926139784646,-0.05252613971026892,-0.15314279006033313,-0.00946727614430448,-0.08425378804313087,-0.08791965295929635,0.03631195018612851,0.017626147616311337,0.2168681827388213,0.11806021791695488,-0.22981866624515113
0.660076370133045,-0.3958049499806133,0.1731927373619345,0.6825451944912333,0.9707066456614998,0.21143833123138941,0.2411317055703011,-0.3309324138695916,-0.15816205990517007,-0.1623575767753918,-0.38944564517050084,0.2714375701690468,-0.31104057853110917,-0.5322771599276228,0.22623697625957975,-0.0408199917871097,0.0983806969080596,0.016940316381451378,-0.1525221499133508,-0.12254340468955573,-0.22509705513227787,0.08331313781944212,0.3164679798732654,-0.5134305673770548,0.17252377474285646,0.3545981395823239,-0.12181839260689148,-0.22118790099250307,0.16098337521598938,-0.0932549002325056,-0.10696945620642112,0.29941623045698557,0.17269285035541626,0.0420617049258578,0.1358539621973449,-0.040132675555227544,0.0849013807909339,-0.009116760516771795,0.05814911142091707,-0.19317520417872103
0.664209238405918,-0.21622432619800383,0.19585012011359643,1.0278138648038597,0.9175233550419913,-0.058313724612455806,0.2690344398697082,-0.21454979356688914,0.08743366511471695,-0.018274918205759418,-0.22941444092331684,0.29356437513259026,-0.22146808750868657,-0.3092460448370472,0.21729037077276261,-0.23042124432910455,-0.007769080121772432,0.10673980665291648,-0.07681691663366591,-0.22268836860217783,-0.14494510399436167,-0.13592180192076406,0.38430128268955044,-0.5453971937289812,0.09816348947638821,0.30672731635591316,-0.20752310631569362,-0.2493722260312985,-0.24898085377302262,0.058334726315558146,0.132986071388324,0.20977013040824485,0.21795304210041908,0.20607310910716,0.10634976652364343,0.09496586007468692,-0.1756189702700566,-0.23267102043775648,0.0037513613359546056,-0.09980412084491731
0.704552283446089,-0.04196873840403685,0.2791712122914435,1.0977024087719316,0.3929643485697868,-0.14765551915174358,0.2236702644159795,0.09825362564792862,0.405472561009183,-0.027954540224586898,0.1259486623299615,0.2875129454177358,-0.013519441118024578,0.19836152255275574,0.11281882454773187,-0.27155044507927706,-0.023509712931071212,0.26440790527342356,-0.03726213447921706,-0.29595867408134013,0.10228019329887737,-0.10960518840811853,0.3876054254919857,-0.25581524304958664,-0.07863270263207092,0.2342688892477943,-0.09169099653382486,0.07572985366117002,-0.011059253952586806,0.3427582701883995,0.023092972585755666,0.37673949247549327,-0.012165071132715616,0.26423710996039346,0.11232001756782906,-0.06523725727242238,-0.39911831493333694,-0.06543753835541428,-0.026168034795716923,0.09860987769306642
0.704582336230196,-0.4280692991104117,0.9218750953091637,0.6363738314086697,0.2488840576308785,-0.21796895600712649,-0.02482039046528858,0.056584516023089844,1.0803145660622628,0.4020671917557364,0.48671716124387054,0.08584913404861302,0.012852902010900702,0.19234146217805986,-0.3006668758746061,-0.38161734477369713,-0.36415259856140375,0.5017781393248029,0.09931340866727305,-0.11695345375345106,-0.256537499011696,-0.005858275527762864,0.291769752349897,0.16244566931406043,-0.13838405387564318,-0.022548167723459075,-0.14016092276674721,0.29561818046263943,-0.17452412584871652,-0.04334604240268095,-0.2724080753869196,-0.03268077489294729,-0.0448965519908553,0.0799851768888167,-0.09399374932892281,-0.015521238778716764,-0.28525105283085367,0.2331320990393859,0.08742423849987424,-0.08241768498625567
0.705107123421253,-0.9909959979848886,1.1293338914223432,0.16001585196394844,0.43079818769237466,-0.2069153112852246,-0.5063909957530897,0.18109479089438174,0.9426870417651894,0.16032405270387767,0.4046462033841843,0.05127332890048613,0.08883550742873683,0.06142814253952841,-0.09526760499703163,-0.2583260438773567,-0.6544096194847431,0.3292373124185406,0.12277290492574602,0.06688967267436233,-0.22843853268835032,0.0007644722567635098,0.17942181209680746,0.2887192298454631,-0.041516599165969566,0.06643724971440508,0.08363293863166707,0.21492220522836783,-0.13791775552878816,-0.03332917519668732,-0.23563260031772945,0.0011495631849567497,-0.0437378868394,-0.16957288571842852,0.14845565863412927,0.009828499596626029,0.04718495002816814,0.2573289894954438,-0.06482718407294064,-0.10586226279991445
0.708159050419622,-1.079605867878349,1.2479779518012875,-0.24832080385722965,0.05828098369848381,-0.7215969572142945,-0.7986931046262449,-0.1165734558491055,0.4077816430904711,-0.18107943285608966,0.4586232028187382,-0.23278635234777256,-0.05810221598250851,-0.21222151734675268,-0.37440419859119917,-0.2441802514535676,-0.8210358442655294,0.27818288851287754,-0.11873725761929603,0.26867914551963135,-0.22102670624161885,0.1737963627943104,0.05646527607224031,-0.0655147724752324,0.07513451563891203,0.15245700403917098,0.21642809782949984,-0.0841941104138716,-0.07911146630794219,-0.05093186413769018,0.018944520096255895,-0.216701901028398,-0.0033739752341218725,-0.25479313027403117,0.007266352465099385,0.08922098828491211,0.16802848073429033,-0.1666107243958122,-0.13651157890875532,-0.11543731704970253
0.721130109732367,-0.7692308402832464,1.1025913676026542,-0.29676594711780657,0.08205465629853319,-0.5067928591239665,-0.7084811216110396,-0.15300588726394043,-0.2815300444394298,-0.3938250381813177,0.17359738142280948,-0.1940185172037482,-0.03895141291970039,-0.31418915839078065,-0.40373764994689304,-0.12364144128891207,-0.4303590204242262,-0.022894049849540164,-0.17816166644040232,0.4788390651999591,0.18221595251159386,0.2460148524781244,-0.11947929344311811,-0.3004103534245503,0.06229181315419856,0.2194268379074418,0.34014920870398724,-0.24866878081981375,0.2863351001129109,-0.033417368038150465,0.29393476622579046,0.02535313346894472,-0.10167012629536155,-0.0497368663216267,0.059942460938698046,0.1297270852311263,0.05570314331036507,-0.26004807708841615,-0.21491032561798568,0.024820742146393248
0.723940541018978,-0.21938827860446386,0.9164184442640024,-0.17221761994937004,-0.08067099984389159,0.43491180839617716,-0.44000970537922157,0.060340845617495205,-0.09464722858984807,-0.10038795131317507,0.03638451923631014,-0.14282550847174183,0.06353619950904031,-0.2630255863604445,-0.27103483248379995,-0.2630569432398324,-0.11938894457241808,0.00021921921661981528,-0.23451038758451548,0.5642534931153426,0.3145947114783602,0.26897311632371906,-0.31800321461989267,-0.24350957041482899,0.15631464512242263,0.061203327807402674,0.08395135281363629,-0.10587599245379077,0.22386836776224328,-0.11139978629002471,0.12496015806850386,0.20840002224238954,-0.12348914002504796,0.2956064109425373,-0.1827385210910406,0.10004879216576279,0.06879202415302384,0.04623231236757902,-0.1931415132707656,-0.017406543275805503
0.725046661095401,-0.051240664533778756,0.4864528681842223,0.2573091700283344,-0.008855216435745146,0.3795679383671075,-0.23894359168157028,0.04087442948575017,-0.14171946777012454,0.037973365924873916,-0.04843874490624123,-0.019168010477024707,-0.11061584081089243,-0.23221432262431976,-0.19570447710068653,-0.1940582327710696,0.12581716286081912,0.12464728685883672,-0.10637895906326544,0.4275248419195031,0.3003374506785879,0.13211051960212095,-0.22311763534608625,0.0067529865839752005,0.1398405630833683,-0.015422009941119034,-0.19170309758707235,0.05498060120628603,-0.25837782610609333,-0.2060722657509163,0.016969346774734956,0.21144974748594283,-0.13486363731647896,0.3599002239275923,-0.05197696499436855,-0.09489416871764708,-0.019836138185010985,0.1977152392211989,-0.0712380026018493,0.19184784833519855
0.72812901198104,-0.24750698589256603,0.2735899768597502,0.10865559120379249,-0.2835578181438824,0.6059031957994709,-0.030833827069575145,0.054087026591228986,-0.2966868542638392,0.06094189951443472,-0.252557827933514,0.16735487736361462,-0.21728794412722324,-0.3421644077140067,-0.3294110274312676,0.0043920489605610525,0.22934295604530594,0.3883478548899034,-0.25855439256696633,0.42059166206777965,0.30429946693606363,0.026399496146445645,-0.15966524598259496,0.25146861022563655,0.09192806392890457,-0.07032715825344844,-0.2409159421076668,0.2263673825609002,-0.48437718874748675,0.08705484250481597,-0.008217373016462888,0.1728633777117588,-0.07680055777725213,0.34593877747155377,-0.023826258150522892,-0.13954951696983034,0.007726603539317437,0.10013909055466232,0.07636172890281248,0.0717548897840552
0.735114955850561,-0.7591633592945602,0.5115132139359884,0.12567151551643657,0.15760212704153923,0.5083581428417161,-0.10079126832826138,0.056652588854701216,-0.34187572648538467,0.15339348718679263,-0.3982162255656165,0.2641816424528977,-0.3707593672322214,-0.1314393383878284,-0.4460460589841316,0.37030209290910665,0.009782656459588016,0.5271991098733847,-0.0885595534951239,0.40219362147372656,0.13018249780831512,-0.27027969032925997,0.008175150739167882,0.4403669667291098,-0.19815333037757477,0.0018032423982803495,0.02107843619891857,0.30215927790779906,-0.1611843522301523,0.253589888081859,0.10860670284685649,0.25287584109680467,-0.05485806576208451,0.0824823848915753,-0.07017865174268102,-0.16239408686838425,0.01279734442535199,-0.08350669535018347,0.09001992270429295,-0.08354932641300951
0.754032752756077,-0.4370635055602384,0.22852126502150397,0.14063195286931748,0.1946400081816648,0.6918637822175804,-0.3747720210056745,-0.19943168137991812,-0.3210795404436792,0.35876102064401955,-0.2815232642788676,0.40225104379498,-0.28315253828993314,-0.09354050324712453,-0.4699799907997799,0.5631214818543384,-0.063859385793863,0.27005945240018464,0.06285898753823581,0.33721344223425365,0.06821455323843592,-0.519258982927353,0.020898828435567132,0.2900062912432519,-0.33594224069589496,0.09499654263087992,0.1411783646376661,-0.18950624517612674,0.03906482750433579,0.3678478295179981,0.08441266693747834,-0.19983448931112704,0.2281061009618715,-0.09850032852642474,-0.08978825875734595,0.05453003156073658,-0.0035810581055467513,-0.2561557031224803,0.08326938264944637,-0.10275495846778263
0.758436057398301,-0.4339374033841113,0.0633616123910101,0.6772397859935956,0.2583512096600402,0.4026340434333616,-0.3991554356931413,-0.21089058045957584,-0.09908933012709475,0.5436458241318805,-0.08699747061770877,0.33356560747439384,-0.3065039340599778,0.237936520426804,-0.23136592842163695,0.5390774279035959,-0.21006687632271998,-0.030581986784883542,0.3360368949986889,0.03317397959840613,0.16164832552627856,-0.4317681043111697,0.1494255262988587,0.15786717913767914,-0.2604568408682225,0.10395644096088111,0.09917209611783794,-0.22909297508912288,0.4792402345862055,0.018130507561625108,0.05849788830361035,-0.06933604737677213,0.25370172953222,-0.17390368271322237,-0.13715210746027567,-0.1768015575523959,-0.009977116442329952,-0.06443331648232123,-0.0667114284960088,0.07891033069014268
0.788774447231456,-0.5147872081554719,-0.0077229493839741994,0.7117051873062746,0.07684672889539246,0.3671719187002998,-0.2801310671832412,-0.08120308613131405,0.004926925555487173,0.5971434478471652,-0.04892989568691357,0.17339769933650273,-0.34623075968216505,0.1563205735544711,-0.19616607942468928,0.3221893786921914,-0.05611732077806104,-0.14986721586454282,0.5393765985915732,-0.19571956170796662,0.2776699176231803,-0.14347942261804128,0.17305517074703963,-0.1296753224886095,0.09044998803293246,-0.013076123671871274,-0.08305407226082265,-0.35618276596590803,0.054154642789745404,-0.4453333418800827,0.10458217414814325,-0.2597728959351232,0.29041415073265764,-0.0678512248222214,-0.1306002061755016,-0.13258450030299718,-0.08934199823872509,0.16414737692702513,-0.06388834453458023,0.052130565859954965
0.805917490799167,-0.8861382325589513,0.1863514312844622,-0.018929833258026177,-0.6281994720536828,0.1658033400517073,0.2627739797442233,0.0052488394407707445,0.24266881758861417,0.7316358544285501,-0.22440936676867604,-0.5221777340440934,-0.2776090795796383,0.3799110355090607,-0.2128373861641955,0.2485039990391462,-0.03800291522721319,-0.08453916668519532,0.3893729180553232,-0.35470914684701893,0.23136120261034596,-0.029950938698484773,0.2955287858237046,-0.10293976510981247,0.29540010081935214,0.013822043632236748,0.000870988870871371,0.11823784950986964,0.021570806841169552,-0.547341031753022,0.28818553533785285,0.19251910484383972,0.006127479940130478,0.1358720416295034,-0.18194423809172286,0.006016593496185038,0.04342851886732059,0.1966155567112754,-0.12546826744168973,-0.13429190681725414
0.809624526166911,-0.9226382281249068,0.4806835250031875,-0.4937521574076176,-1.1648607745014277,-0.2906756357419003,0.0724027569698335,-0.2953559161521308,0.020880502678238873,0.36923964509836904,-0.016793889921868872,-0.8182106970861656,-0.29515501565660723,0.1167242432025463,-0.5414333919380138,0.23090193643038393,0.12149790964085132,0.01931979420219391,0.10916030226401559,-0.5055844291689142,0.05124876702233584,-0.07478986650694686,0.24130450942324635,-0.30988201211809924,0.29651780158824165,0.06522140675481695,0.11323893529850916,0.19380619063432222,-0.1769724661067151,-0.09925788427573327,0.295364740801815,-0.017295013456672864,-0.09433322256383557,-0.012078414467140742,0.05276506519739025,0.09880553920781242,0.027384785310962816,-0.0343240092986322,0.10753218513885456,0.03365960890302823
0.811564342861653,-0.5304424763215848,0.2455633637395431,-0.6397736761769732,-1.0343088576516726,0.5402501297841081,0.5267158949197825,-0.05742853292694113,0.07993331675934592,0.5985287099874542,0.09851029177174918,-0.7110688373806386,-0.20007699858531816,0.08037447667150271,-0.34580787046818395,0.1559778909188295,0.24126977098933777,0.07675978749218783,-0.17908723601833434,-0.013894490110211544,-0.32838916264944934,-0.014627608781690827,0.07838840632076194,-0.11273431501876609,0.2669781517648926,0.078123651682076,0.019789904327772515,0.07828503162791435,0.0416456993876503,0.22458591609331946,0.1628139835175376,-0.054315150511818906,-0.09985824912040873,0.10828956082661308,0.3521951248503602,0.09875164166054222,0.15633530335254445,-0.0312621980116718,-0.0124823934490762,0.08232959165832911
0.813164197951503,-0.9415131017003721,0.5745941868701883,-0.045040120028895514,-0.769683966536323,0.5170655677005852,0.07852260112845037,0.4293504720101067,0.03366234732415162,0.30421957726755056,0.03584790352519681,-0.39204834547270334,-0.2965418883436073,-0.07988020095531544,-0.027754611613744824,0.03227691938562218,0.1742284855190729,0.0024327681194472217,-0.29248969812192516,-0.05474196820688613,-0.258623859054015,0.14454472289890224,-0.08610598287210473,0.03331179538566692,0.36357095610668444,-0.1447233739016536,-0.12442069549449337,-0.12409992775790246,0.30459161621608455,0.4032477106823044,-0.24530240292255728,-0.01854568833464086,0.14855970931508125,-0.058952036916909145,0.36385889754826994,-0.22571621920338172,0.031946787732761904,0.020424705050044258,-0.10903064306313204,0.13131017631998848
0.81449711200813,-0.8057885880673002,0.5664329679432079,0.4848232364931445,-0.5192528090961588,0.3765227815652286,-0.05634972617900088,0.3875833917329096,0.10375446546348327,0.3438581921520157,-0.01851097941600554,-0.2584462650813089,-0.31606120708501584,0.1388315877595726,0.24042525929097214,0.035460779823295596,0.10714169967041481,-0.11783574303807166,-0.35266308418108816,0.0943946157027564,-0.1051895410800334,0.28454118548148266,-0.08365035262538612,0.2038814941906122,0.29447657498527197,-0.025246985413106895,-0.3183104969025481,-0.31733404687662525,0.07072405058202172,0.30803316348023646,-0.34819612620920265,-0.12747105477002407,0.21953100938944442,-0.15810406353436987,0.15830259472836422,-0.17790680722881913,-0.17807249914914516,0.028438231871306237,-0.13516350116442602,-0.00612446256834191
0.835650220116364,-1.3300976624500096,0.7940287965389331,0.33935984097842703,-0.2716445000494841,0.2658272256831144,-0.4724301110008179,0.37771598064529444,0.18447662680120522,0.092684955980544,0.03333563699280495,-0.09338239023894929,-0.16615848666586638,0.3261490991813218,0.599615647583744,0.01792115192568942,0.041553429298384806,-0.3547031793166702,-0.4043961645362205,-0.021842495905775448,0.25309651329966604,0.24211446616773738,-0.02733060496782322,0.25084087789095894,0.08609751665928676,0.22199229466402884,-0.22093157310346792,-0.18988896977070918,0.07870478399841548,0.07200695965917728,-0.26246665245049583,0.29591974887902905,0.14563821121714393,-0.38693947082037095,-0.05785760612965768,0.032316571922035374,-0.05053490840559303,-0.03280529832637438,0.006136580203417817,0.1647901974243849
0.838925124910112,-1.2518681488702441,0.3235609978971175,-0.5341288793350224,0.065060454924624,-0.05976174173987733,0.2591383566285011,-0.08798420557981308,-0.04083581486303529,0.4225811132627821,-0.006627855030715699,0.04665798594314965,0.18909900923521786,0.49372518052727465,0.46054964840756213,0.08408881639376031,0.05222692204285825,-0.49850558434956876,-0.50336324837774,0.2084681788331294,0.16249389600239608,0.2113727346090178,0.12131182830101767,0.4031275363639711,-0.09684946737580324,0.4554742946388193,-0.11740125079303577,0.03305371628084451,-0.1840588547671785,-0.2044148736496442,0.07282015651663654,0.17930803953959795,0.005920854407627275,-0.27647112905467514,-0.2982095645764755,0.33075242249980885,-0.05725234120970259,0.041585140301424156,0.15920845214716936,0.07201230237127206
0.840674674778811,-1.4710430361072329,0.06177353122707795,-0.5571456634891608,-0.02136670382708517,-0.8651272252791464,0.15798729053033056,-0.2115245803288669,-0.6413896078744437,0.2051367967766761,-0.11372030856925845,0.12844737898473146,0.1743211655850171,0.05282240349769795,0.12365230782155817,-0.20773457605454446,0.10999551201258327,-0.44928216638818647,-0.44100501866597464,0.17225531335009836,-0.03971117614633918,0.07632091819708638,0.2855475907849429,0.28254745928661523,-0.09855407796467533,0.36570102285669964,0.012250265424216413,-0.036403980496865586,-0.23378697823395453,-0.1989441929974437,0.08398298841684688,0.06310874726521337,0.038362682589477726,-0.00338620499223404,-0.1318915103798193,0.05002330752250493,-0.05969805783122778,-0.0703740272153991,0.09984120681172205,0.12670822425374065
0.879670348468173,-0.8543697746807059,-0.5608808551381195,0.15339553328117356,-0.4398948902172852,-0.8077114169904802,0.21372334378407135,-0.45517465193686035,-0.6831054822202779,0.19932868931148362,-0.2677405390209173,0.21787573314893371,0.2402050340393637,0.0770998781135364,-0.1992145871413272,-0.5008521406577062,0.1488447172796484,-0.3225437407199567,-0.23471959437089307,0.13080886947575335,-0.2859950817893861,-0.05011551096996846,0.49601086358378993,0.27847993393294845,-0.04909387239656982,0.07815306280376298,0.03977645787768276,-0.06973423107992742,-0.11088369638261847,-0.06245467998397486,0.03660913632989817,-0.21979542581155986,-0.07389981423598026,0.20088744381050697,-0.050090132379787135,-0.1201015890364238,-0.016620173575523,0.001003208335578189,-0.30584158980068943,-0.06660775237128691
0.885572030982391,-0.8282408448875789,-0.595173836928714,0.1819280344684764,-0.7099729192076609,0.16517811381036906,0.15411789922843389,-0.44681646621721216,-0.25382223172987284,0.03372657810808843,-0.5052842300584153,0.3212231689930766,0.20836755810768218,0.3877895438399056,0.08472722172065468,-0.8081610713429999,0.23458571488411234,-0.16968476376220096,0.42756824169602353,0.3710200022772799,-0.3870967110953953,-0.18424739941486978,0.2716288457217242,0.13773667339657972,-0.09172593400887129,-0.26866857026624624,0.17405397383029672,-0.29273416018154474,-0.009767834897640104,0.09530499752648328,-0.11565652312348342,0.032636954026925784,-0.1510797058534896,0.07068960435261032,0.1446032909910002,0.012981862745942364,0.135670774006482,0.10836107173695382,-0.3139938597313992,-0.1502289434826429
0.90201319184738,-1.1351596921431368,-0.22171796575192113,-0.5500540882180056,-1.0942864660888356,-0.39396254595250985,-0.24079119628876208,-0.3519714877778045,-0.22140063157726048,-0.3948581232988908,-0.5298805926876241,0.3308930491870659,0.028182743253651953,0.49630297222993847,-0.23604336589635425,-0.5322658358743384,0.25084520630427626,0.28961935446231907,0.48466262092694096,0.03929417665448438,-0.14706705139684362,-0.03848561664475859,0.07087406927282881,-0.1531489191897189,-0.12252304333202048,-0.19621536381930327,0.2709041816154736,-0.19568459540992847,-0.0762688828893804,0.21245730884775246,-0.3011655483574578,0.09050085730840406,0.021430784990714363,-0.13925757159912214,-0.051189859300331174,0.0892884857818198,-0.06712441588598836,0.04764378098168818,0.0843228189872549,0.13455091861770763
0.902845014986215,-1.2715600612610314,0.40690037050793637,-0.8842846044224515,-0.3874540750521648,0.2645759691384491,-0.1489386047235765,0.24958995440832765,0.1322392858723003,-0.3918638881865218,-0.4462075149444971,0.2558625949217706,0.06538583719114327,0.5314813288996123,0.08516421654254981,-0.41032591859127265,0.10458083379255668,0.36607024039949565,0.4788301697536179,0.09385658720415385,0.2923897515627508,-0.05865785498563206,-0.14643553046523303,-0.3711975663372417,0.06538744811440596,-0.15013342380728015,0.11755768889897582,-0.1830946676553946,-0.017549948466731184,-0.07502384812472915,-0.17448440778840582,0.2791186031724012,0.07548082066539182,-0.13226619805666076,0.06145756505946288,0.2146102717545154,0.1079725395608571,-0.03716360552833983,0.35992025983312115,0.23512483766440645
0.90842340486818,-1.9244242240988276,0.011942559983573768,-1.8191236127946704,0.43739107773822944,0.2611028408688327,-0.13951942308576404,0.49174305725058287,-0.158451368136292,-0.061392257806673824,-0.11329632785725954,0.689025280305919,0.579399916711911,0.2394143530670199,0.14824911555196604,-0.19081740040304376,-0.264949176091707,0.28991457330434156,0.30264352352148205,-0.21681598255450132,0.264927393820575,0.03150438746519411,-0.09087961327290665,-0.1831203921595107,0.4304280933638832,0.05834261728244854,-0.1786822200650421,0.23531227233308902,0.15731740352359389,-0.061661762247400026,0.05576634067186088,-0.07496927779994098,0.14999604429835645,0.10580419475350927,0.06427891701616872,-0.1117703216739309,0.07737104161953996,-0.26760362121861864,0.12675765643370812,0.16548522495634288
0.914361051966949,-1.1960763998896966,-0.36328235346438564,-1.6818923124590797,0.18484472779516145,0.3372436846589739,0.2922839457753392,0.11146927201729073,-0.2266562644010872,0.4322993581977296,0.18181843376125661,0.5493092886434844,0.8264475508543798,-0.023119715692754776,-0.1012015385270494,-0.010831624020784487,-0.2539490586496483,-0.14054762529457993,-0.04678789717162631,-0.18449565244060204,0.00976461102255616,0.04518078041858067,0.026893059819030264,-0.04713908917286402,0.3060308581211763,0.03344196979926234,-0.15112503096158705,0.19398281013149665,0.23232863199145096,0.041292786663495645,-0.03787087969941996,-0.360367111508767,0.006824421479339584,0.25197316475015374,-0.04572157301958565,-0.13771918308678968,-0.0027013993366025303,-0.11019547748812876,0.02858603567120873,-0.03858341651777678
0.924196182648771,-1.8454570516903515,-0.3090789902029794,-1.2851140140151984,0.26639369029953913,0.2395975591355707,0.21493349418791255,0.2256404131501896,-0.16229596158186768,0.47781635149357005,0.18444141664873226,0.6720337735040885,0.8088966445230364,-0.27430313420523966,-0.014449821403180567,0.3426631622338404,-0.009779882075360763,-0.032114335853801385,-0.36877280652916794,-0.25762497589042177,0.034752883810888785,0.02641314211287252,0.06648601611216129,-0.054638822209393326,-0.06200343082142822,-0.15005928322114342,0.1516539454897087,0.15330583093911507,0.1924679883318381,0.117996155021122,-0.029732230141055967,-0.22624332070841116,-0.13866869345789481,0.10789001509076024,0.13330457512299893,0.057167700997842096,-0.12441202878162314,0.14444530509276934,-0.1323907461865524,-0.09470603720431538
0.924918755995835,-0.8856798695992119,0.09994986315371479,0.2592343654776317,-0.11495898714672734,0.3448468566634832,-0.10547075280813378,0.15834055596656565,0.02820229583380794,0.41326884093041205,0.1447619791033408,0.024724511859631645,0.437742704462915,-0.17225120693996976,-0.10020927044754308,0.3725230995002766,0.3118283114810634,0.033233882137956854,-0.5554565019286489,-0.11502154726306653,0.09791115976263168,0.05236285818218723,0.03720200365369719,-0.3097507812942373,-0.3189958380907859,-0.38149377216775127,0.43937519032567746,-0.19116422762269264,-0.22507200329555782,-0.017651771998896622,-0.11457742988813466,-0.12418893688834212,-0.09195325866574672,-0.045686950156105785,0.1116329101803269,0.3216231100181464,-0.20353388636704625,0.09419786055453129,0.20478756159326836,-0.07518036881551728
0.92917625126989,-0.9582135454380855,-0.26267107047814925,0.8448718103182083,0.011927710827629206,0.24195256160698342,-0.17848128581330885,0.30172354859066075,-0.1250409350019041,0.05217233901948748,0.22376345494628722,-0.02951481158395078,0.1722297246792233,0.1318627458744467,0.3273983394904005,0.10164946840557432,0.2533584095458613,0.27552825965428757,-0.5936725945338253,-0.15215649563760644,0.012139020698477386,-0.019804361158805975,0.04489858086070346,-0.3439466238795328,-0.38514468603358204,-0.3628739475806478,0.5627910836646743,0.2314036974960712,0.05862575202863048,-0.12602519069184617,0.0989492771489797,0.18610395179369993,0.0891495049728002,-0.15859762856094112,0.14233325763566387,-0.029472963023290038,-0.00025234471097659086,0.008224713654065166,0.08872054898010272,-0.11041560987601769
0.938742308499254,-0.17462937517999497,-0.42674746262667523,1.22609249407835,-0.27074351638154504,0.2924268396870112,-0.025542613858642257,0.043640655592972095,-0.15517253805511247,0.0412887833369781,0.006750065377863917,-0.17008871262662595,0.13349637968974412,0.4939575171311096,0.2650851338270645,-0.1263438314631951,0.14464972030441722,0.24030673748218692,-0.3312753807235899,0.22586269879443524,-0.35350136892333295,0.05499858328567294,-0.20411076468328126,-0.3293299895244695,-0.13157823393075446,-0.05682887629096809,0.17404685780465143,0.30062539180561465,-0.24733477197598466,-0.1487895400376195,0.254909609925996,-0.2286396793955526,0.19247422283224602,-0.14405899003362688,-0.0749272238683181,-0.18768202493547284,0.06624051151715622,-0.20906286421494508,0.19074157703091968,-0.10367303263778989
0.962457029138348,-0.5338741893449048,-0.7299162870981858,1.197353355854064,-0.11752886412764364,0.1007735568857982,0.31106391366584213,0.13552742361321596,-0.10922761464418775,-0.4507497545186601,0.01872197012614245,0.19224299896939426,-0.20877599562353408,0.5377322733749139,0.2624494177904918,-0.12347177796259705,0.08559099809664349,0.1777505710284729,-0.22217934997697505,0.21593742038491356,-0.3680534835256852,-0.12197652933732565,-0.23052525908812652,-0.27836432077305423,-0.03088845275920327,0.22440114349423607,-0.005155994621284602,0.5641766292424998,0.1954443276369908,-0.14280478895063473,0.3092824338522469,-0.10908432421210176,0.14505522119631792,-0.23169670340344012,-0.028053727656598193,-0.34256177758528256,0.19489302626421687,0.11233143189594881,-0.24048273068082476,0.05624584483547667
0.964772715064551,-0.9753169479555417,-0.693008157609468,0.12716668254471228,0.27562134118167825,-0.23563104736219484,0.4666610295343761,0.6047006086254922,0.6916526482319366,-0.7738457735492957,-0.3621040040149481,0.158982429581366,-0.23064292059927924,0.3460970668004838,-0.38626100877478353,0.13453312051373595,0.2216112224494945,-0.3215378275345084,-0.1152011990160201,0.4381504037948441,-0.03450553162068119,-0.26779387523357795,-0.28485478000135617,-0.254676530145784,0.1964758851256698,0.07586045808829672,-0.40066270414970684,0.24581550905051278,-0.16754726603571782,0.03306188580681717,0.20255503108544803,-0.4554084133651883,0.12885613502842835,-0.11609528226045532,-0.061227429985286484,0.24138602170865323,-0.02054937982573765,0.11624790841222227,0.0270279151381962,-0.1431912352058266
0.969157330478309,-1.435177792873729,-0.846612305381049,0.04553906559576618,0.18721997657131406,-1.0393721457910279,0.3851628943663613,0.5377411434127721,0.4803627514457195,-0.858553615031843,-0.23395148619864684,0.13115955383161357,-0.44991145686621353,-0.1658387829764766,-0.76096826135429,0.14307928834026737,0.15599189267420033,-0.508188452766251,-0.2454319925111505,-0.07600728572560798,0.25107333505941176,-0.18222059654282383,0.12089851117783566,-0.15372947817406413,-0.07623459683008041,-0.12043859351349731,-0.13297592528232174,0.17704957991785386,0.4043993344470689,0.1674798665940536,-0.21975633867967653,0.0740765481221798,-0.03383923295899848,-0.0555715332031757,-0.07965412356583006,0.07566696976342853,0.023281967116989728,0.14994547713061473,-0.09668018048707105,0.04208577011886663
0.991060264575667,-1.5735262572407052,-0.8505457466771341,0.5249813208710529,0.34265800801682605,-0.3087513767992759,0.609686841065103,0.7175758654158196,0.8124921903655768,-0.11297451832102794,-0.5315269105825572,0.0380033416537885,-0.21529894244035913,-0.3164581591527128,-0.2773732344285631,-0.10549302085740848,-0.09303129823749973,-0.38873824929015044,-0.004262822896086642,-0.25634155181080304,0.3288092423016162,0.11429134162519747,-0.16729440538146387,0.17104629092365586,-0.22860129072137886,-0.34574147890020507,-0.08902171447715915,-0.17027732313871558,-0.2944108721245549,0.07612836014725444,-0.07193048745909134,-0.11734983568184557,-0.13261106057700514,0.05181265978959883,-0.041355871437818735,0.03233531605117203,0.21659502743621817,-0.23794549326977996,0.0290441431675822,-0.10431203119460446
0.993018970289952,-1.231069293600993,-0.5756980266239609,1.4600677986580952,-0.08646697157211236,-0.018671544004853956,0.47149420232503075,0.06466267170651692,0.3722024012924568,0.507804884514624,-0.33602613688989935,-0.07378157841860901,-0.12464999728111054,-0.41896158594984034,0.17191264233028142,-0.25947258545299756,-0.39213081605567174,-0.18692693299022245,0.10476209440277268,-0.5233796231402951,0.2298939011463495,0.4176729565494695,-0.23525812395622125,0.07964728040164465,-0.2651777283873925,-0.3172157832993909,0.16700497897511657,-0.09909128633944997,-0.21158676679323754,-0.08741928708851131,0.01919220117469997,-0.01878575933758263,-0.2914312454025005,-0.057827065107601335,-0.10471549286261163,-0.4100321320557226,0.2886275525006455,-0.42345963669120634,-0.042839883156108184,0.13531097366816164
