TOD,PC1,PC2,PC3,PC4,PC5,PC6,PC7,PC8,PC9,PC10,PC11,PC12,PC13,PC14,PC15,PC16,PC17,PC18,PC19,PC20,PC21,PC22,PC23,PC24,PC25,PC26,PC27,PC28,PC29,PC30,PC31,PC32,PC33
0.0217868349329398,-1.0141593256387573,-0.5727378272458699,0.7656041289157259,-0.35773969716818993,-0.33234959617572846,0.7621501292411729,-0.5683234725486142,-0.7823829928962546,-0.08451733167479962,0.31199344457340233,-0.6651642852500138,0.13836689148103637,-0.2508863139498325,0.7698238739739246,-0.13380617567887065,-0.4010467934475712,-0.10937530297523283,-0.41783798688890733,-0.26463303915277403,0.4435439490019899,0.14865438702806424,0.18162167901718929,-0.2460063907893147,-0.3813685335778988,-0.2412286578308849,-0.05101713375628824,0.3407876839078371,-0.11467413023403264,0.27748291287292254,0.14227416622950043,0.05725386415325787,0.16394248826275837,-0.029073463466307507
0.0236539792007251,-1.1638886085904145,-0.984321148648649,1.1080583256368817,-0.10017222536969268,0.061285831757827154,0.5624614282637347,-0.00016530629089764223,-0.05591072783622708,0.07249428357876976,0.5493517448348064,-0.7942900932581083,0.3321394501314848,0.14486354809188656,0.6101071659240551,-0.09959482173145419,-0.4531015720366658,-0.17599258584171046,-0.3181547555447602,-0.06131055884627369,0.1629305062994337,-0.07162427846674144,0.07784772596015198,-0.03379749189528402,0.1415483401067343,0.053201471525708775,-0.24359784697912992,0.034404836679678384,0.11013116700880875,0.0031293914153218264,-0.029444708863745957,0.04886578436148337,-0.10889070829172419,0.03636507503492273
0.0912510183968422,-0.7150592470615705,-1.3061383239548836,1.4330480248278563,-0.27150596006251854,-0.48585177415803205,0.7749106924552295,-0.279215093797356,-0.5514523526859695,-0.25981041617705397,0.6979571465842019,-0.5384326750692316,0.2123039017071112,-0.19714631375925074,0.4446737344236846,-0.060602897104459964,-0.13748143914108427,-0.39848748457483935,-0.13536132496291084,0.05615130411767253,-0.3688468278630909,0.041890736467529326,-0.00869970259670493,0.20605915579404352,0.22457838993424017,0.024925104444232845,0.374243331934539,-0.2739361143511135,0.11542994062124844,0.01783344228613705,-0.09795614534153438,-0.16342189692925835,-0.0029400129233012147,-0.16430298725052073
0.109828407190697,-0.9046008972044196,-2.1746356308758665,1.49420299988725,0.22953555734495765,0.4606584492060801,0.3960468225653131,0.08091349671560963,-0.07043640276350858,-0.09644636267557435,0.6095598858680145,-0.21169243766740967,0.09809430922180072,-0.006494349918990849,-0.20031803408641335,0.03701547770598221,0.014078211620828708,0.467187114937203,-0.0037706978171400717,-0.02137932780057142,0.07850636312220555,0.1886833052239707,-0.178966599492228,0.2730842620218476,0.052120915901848676,0.21447046823703347,0.0767678729989722,-0.024965416891122527,-0.052064899261610585,-0.4826429152931651,-0.08385964131147026,0.00755740009937795,-0.09173972384866409,-0.21670510212746907
0.113440764064444,-0.324357628691584,-2.3850960768947687,1.498546590399783,0.19037913823711627,0.3978882421020186,0.22385723290444468,0.054882572993640855,-0.10597623030992041,-0.03761197263426178,0.5843583711872665,-0.20594511499722803,0.28296581071791416,-0.10888775289931127,-0.17859482350647451,0.11718556384690497,0.25137858051946577,0.4146423529331831,0.11590346441153793,-0.09814659609595218,0.22566954466667838,0.11201340972724012,-0.22397271883797093,0.29545362492740335,0.06822134887784286,0.39201088302299314,-0.11024692619583075,0.029091921465282066,0.10817965893609165,0.07041604029431034,-0.07679424679174594,0.10275698173166463,-0.0077001501113720195,0.20127514620618434
0.137447118292763,-0.15286683389961792,-3.249281047574212,1.2239332262944342,-0.11288159319740732,0.6378410940339225,-0.13163060466248097,0.16317440621482218,-0.09483475384327951,-0.4422449447710153,0.1932552727428763,0.1323653535194601,0.5328209252257878,0.10033259358595907,-0.4195598677413555,0.022892215147107195,-0.12429771354548294,0.5687119490000272,0.3578966157510787,0.3553913977008658,-0.0554486611530933,-0.5753469916066095,0.14008146155371137,-0.5696301229692166,0.09605232658960303,-0.7257020058354426,0.14379940118504675,-0.18596034255904953,-0.15912679576662453,0.062119639192283575,-0.12855121882923223,-0.09485359145131879,-0.05022481952861198,0.15529896343264082
0.175701572519407,0.39519453268650523,-3.0652493770104003,0.6483937838299434,-0.08920719961202825,0.5606548444174627,-0.25180168760469074,-0.012901993769978004,0.028793958668667567,-0.18724069014541475,0.025065328315454945,0.33493256995177734,0.18577593755806898,0.02321344297274496,-0.2679802715707939,0.040770747019291356,0.11631733033092138,0.24531283175885293,0.24042989266221373,0.09876661837308662,-0.03088126648564317,0.10221537937397489,-0.20895035409546003,0.07828492875847838,-0.03143461156800934,0.2226877417564515,-0.0920960891761809,0.17776044628279278,0.08436485982154067,-0.0090038120465977,0.3595085084157177,0.07736515075209238,0.03530627892177586,-0.18723509381044573
0.188459931666573,1.0469603939927619,-3.579664737804917,0.12337667555324004,-0.6014564560384545,0.3856453103200946,-0.9503019799893162,-0.3150495641857516,0.3564476976563981,-0.21028834744666522,-0.6080113984029092,0.3761401170712302,-0.0834590424215453,0.10212854147444701,0.06635434934895361,-0.7778536179695638,0.4784238043109758,-0.5260471480850326,-0.98521894528073,0.5761758603002635,-0.11311049781626083,-0.14311932434615537,0.1149522061225818,0.32455841871449587,0.08333662994068548,-0.04674934504633079,-0.10869842905485833,0.32065976097322235,-0.0033922227099133697,0.1153639377018995,-0.31404612353976463,-0.09081734659080634,-0.039863221110645206,-0.10536743948399468
0.211014437875058,1.3807892991232342,-3.243668674425811,0.12497168789601458,-0.4878881016660486,-0.3192924222013123,-0.45369431006266164,-0.2909556796706029,-0.25324892248335584,-0.6016517263804723,-0.4916951186191219,0.33956846066541957,-0.0930983559191641,-0.4186681861315332,-0.2164027736297753,0.18400541415881722,0.09374327629278793,-0.009902631627239877,0.22918352330380715,-0.21236362369230702,0.0024158913707469204,0.22522613886272427,-0.06690908476824228,-0.15548910699226806,-0.17202434075741777,0.13043341583176227,0.09604256141955819,-0.2610303540823596,-0.05057564376872775,0.24381681432273625,0.3535926838996003,-0.1082991783903259,0.23233820457511017,0.1218220283005496
0.29193173530297,1.1462510920361604,-2.6426389814208098,-0.471981126846554,-0.41103261919776174,0.1121845837368288,-0.46118532037609145,0.28821805188272936,0.2386739564773891,-0.055747923475268135,-0.4567008922093669,0.2355352714314752,0.0055750802523551034,-0.0068497441644040915,-0.027385997326875425,0.12209576455577473,-0.24036658309201814,0.17144887420591295,0.1459421567960707,-0.4652143440914699,0.14598535138097885,0.3494312534742897,0.08260040657827346,-0.09370783714772812,-0.18298357873764565,0.21237381812100625,0.025286795345445374,0.17759131801449493,-0.13485332875770134,0.0865302186535506,-0.2176858383815766,0.16569238550237833,0.042823667039846774,-0.015469969311929533
0.321331506043033,1.6901129519824887,-2.1841074898704087,-0.6080209840125426,-1.0331866296479075,-0.7172064620107387,-0.5296690218882394,-0.2909778787224156,-0.09152352362255084,-0.5317754721020057,-0.6344666909751492,-0.03749375850235743,-0.2697757119150638,-0.03263963536972691,0.4359843962142345,0.3813689980654536,-0.6480734806184423,-0.3854282382056316,0.4076319158631282,-0.25573400244986905,-0.49308909407384155,0.07891306277589,0.12739364624602298,0.07380033677987498,0.04560385231832332,-0.08969225036367395,-0.12662893298419298,-0.09393092528351443,0.3386458296881925,0.041434376841123464,0.012492097646373037,0.19874361123055032,-0.3357557627248179,0.048852204807249076
0.352163255010744,1.3985016622375461,-1.5514121159518586,-1.16242452531332,-0.7003534927373415,-0.395218620104652,-0.26283651716999124,0.16912597749111868,0.2972435471429625,0.29283268343084373,-0.7364298295005915,-0.18401867444763176,-0.11012400245192176,0.46413496673767274,0.32717116506002286,-0.15540251021017853,-0.40243272457714857,-0.0783127407345768,-0.2496975883001691,-0.20650393394025632,0.3022866040538477,-0.005150163464670326,-0.18040472682880218,0.014465347778729556,0.1802449312585024,-0.1981013322168869,-0.011702381195028541,-0.16375443329770548,-0.20843613409494285,-0.6219459224746214,0.19901589809440187,-0.2458285303120763,0.1512386690313663,-0.050478415385880694
0.359107591030253,1.5427217083131621,-0.8300621382600927,-0.8360806557987887,-0.5730546168097251,-0.513350327333116,0.15160628303952872,0.39323819074144967,0.06607134304388615,0.6491841435673664,-0.3290632040377445,-0.4765811470348503,-0.03307019064782663,0.28804461707042806,0.14919096587402125,0.18267428914074982,-0.055052842285491725,0.18634118727221072,0.021155563627639706,-0.18006981617326265,0.1886890990674463,0.274318807951039,-0.10041212038847448,0.08937118125222199,0.002788450892102551,0.20410737788681252,-0.011962653926691737,-0.12828212535735914,-0.09603694502377894,0.13585872964404772,-0.23180924520449694,-0.049647795083316584,-0.12457990428604401,0.07563155646382295
0.359681342589083,1.4243886019485323,-0.689740566949467,-1.1338935614051056,-0.6733265965686338,-0.45952401407909305,0.3907735821192424,0.42691780501849785,0.03797200978897397,0.7856224139936261,-0.3338376146818896,-0.6274777068747596,0.19919040738058527,0.5206839309903958,-0.03579263952667932,0.1623030470728413,-0.1809047927245662,0.1982774380932745,0.1628636171337976,0.1767036744797677,0.18744080471259728,-0.5149574723274291,-0.05598913024283829,0.016207212153661953,0.11752001793145757,0.1764424296674385,-0.011018098522286301,-0.007667418070931831,-0.2271049354414303,0.2045355255958593,-0.14723741346455466,0.07206794511207736,-0.0602679212725968,0.1591515992385901
0.387224537220685,1.5424628458814773,-0.43836663267821707,-0.9770416931422882,-0.8067308318259521,-0.8168106737133619,0.6757692488878656,0.12907716793775545,-0.5681958234065398,0.5605944448378932,-0.06741359899985609,-0.26383867282419426,-0.24844421083510793,-0.04760596302927928,-0.026295422816018703,0.17935061620020165,0.2944898668888892,0.3353103804938908,0.2006370845046519,0.06605834139306552,0.1373597342524461,-0.1140461867569772,0.08237848927140495,0.17786289808200342,-0.006203028702795826,-0.24985970443187172,0.13115923771905255,0.1269916195669146,-0.11881031193473043,-0.05062847689425033,-0.08328119115057997,-0.08415003106124043,0.0970685460539099,-0.159086216324617
0.388651758449078,1.6922071079045016,-0.47479376227543746,-0.9547343583443572,-0.6056489854838821,-0.8971204189362456,0.7199275065808374,0.29981460896489276,-0.4965828183302196,0.5101901553753648,0.11898638588584468,-0.00224275321199903,0.04257278044941565,-0.20378631346916604,-0.08011323890689145,0.028866610596012584,0.46366534028083084,0.2142508648871629,0.29800368194757326,0.2131890582871011,-0.08986795991427608,-0.0683091792828665,0.07546350374275648,0.08630439020399987,0.07529187851575292,-0.13517764819767233,0.13181764031295162,0.22805537707353288,0.18084866347771597,-0.11632755958464287,0.10286323125572336,0.2384420982296663,-0.15921802486546222,-0.2846533263765225
0.420748324349751,1.7389211277260326,-0.4566743786820727,-0.44057808480890515,-0.13236475538807238,-0.32368091204121957,0.3228332475515434,0.7211808988080627,-0.24147067391874874,0.846692933830457,0.30608962713767,-0.010620515952153764,0.2652983578823462,0.1472573693774227,-0.21240623535692207,0.019095058125095574,0.24038980689308437,-0.07826166951188837,-0.10745951558067152,0.2970078098109171,-0.0965855974798828,0.07902771571376176,-0.14306735173564386,0.031568722491600115,-0.12032615494791708,-0.02909355732882468,-0.14795747439465443,0.1025196498932332,0.1886025429847146,0.034337543649944374,0.11519264370314346,-0.048634011374018626,0.1318882097999252,0.18846301052243766
0.437709928746239,1.5196982196532838,-0.4032120374686748,-0.5025369426124691,-0.10638601514867928,-0.3623610758664128,0.5775007708703622,0.8699851045388097,-0.13116736560668768,0.7992633994774453,0.3920028709564281,0.20135261340745247,0.4096510657571705,-0.01813041993489011,-0.16571914479301308,-0.0865764169183737,0.13571572310470836,-0.3461903416122442,-0.25924935805946553,0.2588683020326795,-0.26508329221540394,0.1115790982591486,-0.08947100486480165,-0.16317042313574745,-0.02593081261000781,0.08545206895512886,-0.11068034179112485,-0.16037472880900222,0.16860185668726918,0.09655774435007466,0.20905645107197932,-0.2782444131920108,0.2543572016591798,0.13159025626614967
0.440163796884805,1.9089193042758683,0.1314272753872708,-0.22469813103579234,0.04746196403491169,-0.06198361812004166,0.17977949140915123,0.741659278509906,-0.11936799833653311,0.3538572950847231,0.37589777296319365,0.3583291857059746,0.04369898598975897,-0.3356793026748534,-0.16521909174701732,-0.11600561226587164,0.15979969084161622,-0.2097867985551494,0.04695342145702951,0.01994143211122129,-0.021794522328590367,0.18904065321283817,0.0024786374295536033,-0.10306909026288104,-0.015288972329406887,-0.01328373934311801,-0.20545273256557556,-0.15946175714338448,0.19056920908939645,0.10438723815111571,-0.13538799380259467,0.09507157053648203,-0.15717361086861045,-0.1522601122738249
0.449688614212724,1.7544509925332379,-0.01824275440142713,-0.4449573170246558,0.1518568289983464,0.2795621957899803,0.0867345346709342,0.637321575046516,-0.1900482023057458,0.2504774784248652,0.6024292021580504,0.6682921928701995,-0.08076910368387834,-0.3820633851435618,-0.1158978339151985,-0.2691599463799789,-0.11643601121936573,-0.3300406549454679,-0.04529737134858317,-0.001682457939737503,0.05086506857894847,-0.05339724485797614,0.05525323663990608,-0.11422786902157862,-0.18992962954833892,-0.14116930015148516,0.10080265604262707,-0.012438342326686494,0.0062956470757247135,-0.1715782165460452,-0.05499598026693446,0.2688136421248374,-0.11126058864032062,-0.08381067514034372
0.450025487950132,2.0471472694609667,0.12476674891584441,0.06054871631244204,0.18640935087681806,0.3251988716202537,0.04946471255656314,0.5822935146973377,-0.19799265828870966,0.03590683682115256,0.49984939179185817,0.6007220507196374,-0.2316574527441781,-0.3758662647312102,-0.06914700973017798,-0.15166524338271942,-0.22738721794805772,-0.3439493348955703,-0.08308917201836719,-0.24024629219935514,0.0613690733800833,0.1410742920765443,0.022045996870557926,-0.10693835203850253,-0.07332127060370623,-0.11854499236010153,0.12150046350371646,-0.0395343045766974,-0.009552335759729967,-0.04916720242826399,0.05465068973453314,0.0534239478193586,-0.10500271500693549,0.007515043043794362
0.451402088647877,2.027494408063958,-0.01825929815752135,0.10873688847261097,0.25821643444814446,0.2174207822177064,-0.1927266715535715,0.42375568803887365,-0.07742557235359601,0.1662886954237233,0.6153567228296719,0.5072652362708422,-0.2721520484114299,-0.5789879375520824,0.17995867760657844,-0.07857789744852,-0.4398537631173129,-0.3131726299570811,-0.005080613893228296,-0.010198619102805291,0.11534382307343365,-0.10804752287415822,0.05067174505044148,-0.29803957603287135,0.024217411551282614,0.30543639385752586,0.04660492633763294,-0.06564440307725243,-0.1753302903794283,-0.1154464543140381,-0.14057653270312348,-0.11494732829967813,0.22237383665006505,0.22001233306021453
0.452679007574816,1.9104698935786908,0.4750051200975252,-0.09441401568570275,0.2183774650895518,0.39420398949629404,-0.3530779422780314,0.20249984379290747,-0.19526811352851325,0.0439888936544136,0.5954776463658843,0.30628221755846813,-0.7319778404450703,0.018148783061390387,0.1005933177207918,-0.04324815038835843,-0.19481481511148396,-0.03199335908954893,0.03973787137453879,-0.09322731323604552,0.09143767925461735,-0.16539328492403332,0.05800756132766267,0.07730487388929128,0.06929449671699942,0.07862990660810402,0.052652326870548716,0.06220795523733284,-0.15937208416163914,0.11728402193625852,0.07783820256631899,-0.20160111221252133,-0.060303141758115186,-0.10120686008800711
0.453375419463321,1.9065436595316205,0.4401592956141678,-0.20029316612841797,0.22296180316524256,0.33594574419737644,-0.29341534007775416,0.08317862624266878,0.06682009507977936,-0.09372145870152443,0.6124824501793751,0.08107566555039004,-0.849638100278179,0.06555754669739779,0.12560283731988026,-0.06837041217375028,-0.244303830334797,0.07247885751910696,0.11595701850690168,-0.12269228513018625,-0.005624863803052182,-0.21477486829192907,0.12241313902929742,0.07190181672645683,0.154733242364275,0.011659423609173342,0.039364852753259245,0.11093820878052793,-0.2408511275061108,0.12268855510220772,-0.01683538951717201,-0.05277244210539791,-0.06783886924072877,-0.19506603324887423
0.45608622308921,2.2945390290642047,0.4721168671731691,-0.26991299275618497,0.11977532236013036,0.35855156841084396,-0.40566137721949125,-0.22182545325143924,0.04938710567248652,-0.14928910507257595,0.5291283569429175,-0.061653771817127306,-0.7269750638291558,0.2851787967124393,0.06627751573602315,-0.10994095952705119,0.013947007523996913,0.17306060306133295,0.15891927346704973,-0.12763910948475746,0.08289062621529032,-0.1117696087636873,0.050790361829218915,0.2307964616135942,-0.004953702716596265,0.0458254092432031,0.13033670343868628,0.09920679132274611,0.01639907117833429,0.044238097487649834,0.024768783500368444,-0.07064760165526648,0.011940899731339554,-0.03514826275094928
0.462730269483455,2.20200420497286,0.44092933934045836,-0.33828277629808023,0.12594591807717653,0.3103949795897534,-0.36675425648736154,-0.4575030552068363,0.11694151300123133,-0.1947452027625805,0.5640611336156307,-0.238099273700364,-0.7095607877473262,0.39211211387030076,0.05338160136661332,-0.04956692406817371,0.044422847419065145,0.3486895302655104,-0.057682549068372134,0.03606352310793084,0.07938418553606034,-0.19962114892873603,-0.07515755567997885,0.05303117647712136,0.01177612604143623,-0.004756850158366098,0.0862485924832151,0.08318495131842431,0.07246096418002969,0.14596211814597335,0.10252807778512656,-0.14392587214630692,0.03486744226163135,0.17534239604959423
0.470708590529088,1.9311050632232725,0.5598640569664701,-0.08048680460374277,0.22192482464070715,0.1546314866366114,-0.10714306139637027,-0.28188288621837776,0.19106809628152405,-0.298921481427593,0.27841028405428975,-0.4416623462520615,-0.5974919663997628,0.3224892081893763,-0.017672825666487504,-0.1696779999409125,-0.007605714523607057,0.23814693521587177,-0.03299435503046635,0.012192184080183367,-0.25037502767743475,0.2137762538939961,-0.13588666432854224,-0.006759472892950558,0.0968865007675705,-0.2587483724101528,-0.14309127972450797,-0.22252219763770725,0.23250869909971703,0.02584634006270936,-0.0905612055282156,-0.05659545642698759,0.11514891869958416,0.010962804840992752
0.47167714332029,1.983740901927768,0.6436731113974532,-0.23961390808631663,0.0992249816900499,0.1448976055037046,-0.053452094593177055,-0.4170668408206277,0.41601169289065454,-0.31005507084448203,0.253108209328508,-0.5659666480418909,-0.5520175390023917,0.24213636702599126,-0.16687559433492202,-0.25197743739289413,0.20529818893449675,0.30877357519449183,-0.1516051521070633,0.10564745803717801,-0.11373255939625437,0.13424421832893244,-0.08822723248102102,-0.06673208264902243,-0.050043678309683995,0.08538660298139454,-0.19912774029531619,-0.22267289102643997,0.049051046739245666,0.014439141730652224,0.012710939315965734,0.03655747494622979,0.033990177181015185,0.07765617603768978
0.527471619719246,2.018350197762862,0.3373737975525342,-0.05247513908191192,-0.002041786331248661,-0.43034202906393015,0.3838319692799146,-0.5042646912562534,-0.004057871423191262,-0.7113344481933643,0.2298290112183749,-0.515917044991236,-0.3917034073921614,-0.06018873917599606,-0.08361244733935172,-0.03382876554016931,0.3662425696505094,-0.007753630616769668,-0.023804062773723902,0.22896053623982746,-0.38433501656711444,0.13316428765106253,0.2046871438036991,-0.2208121554075736,-0.30348995920762317,0.12418731471068468,-0.18431117357766427,0.029761605993202652,-0.09160380329358975,-0.16364144854596524,0.045856178985975736,0.2479727035245722,0.10504253148368928,0.15982903842480772
0.536512957449926,2.049512984230988,0.5754202266868598,-0.21057880183586442,0.14545054349546488,0.05525366463914599,0.27178997237566127,-0.340077155305887,0.47124112405723523,-0.3982243399669671,-0.02359093811870768,-0.5050853730288978,-0.0014937440228662497,0.19259836685964912,-0.1651569826766748,-0.19468115157522028,0.17252815328381915,0.07890795638244373,-0.1523944280968902,-0.08185123183324483,-0.06806188453464461,0.2271862292682623,-0.021823800698623334,-0.25761169213985524,-0.12924478097427525,-0.26586238624705666,-0.04603951291895995,-0.0747381437996816,0.021786123822315057,-0.19153762802618374,-0.050427827452326095,0.20857667584566103,-0.086598000210717,-0.11868309535344934
0.540999949491896,1.6068856810845267,0.5172994427423048,-0.34491242326471333,0.1928091370276369,0.17590775325328686,0.8888596062742368,-0.18361866214381983,0.5593748736507733,-0.40146570995976844,-0.17233521244155128,-0.26081784198057884,0.1732226910656341,0.18608327117338766,-0.28492606167620327,-0.11135093762956966,-0.03419581674125534,-0.093703649258427,-0.10214640875350534,0.022752301622482398,-0.11296687746857795,0.15507078969583207,-0.011614359331102215,-0.15477963063969657,-0.07144629211434282,0.012643417843473765,0.09741883748942222,-0.02564721363416097,-0.06188023820926129,-0.020061717444714192,-0.13202907021536495,0.009801256811951285,-0.1900510079789322,-0.05544195138279509
0.541269050941392,1.492338177602189,0.6231259018476735,-0.0199114210684856,0.12557297378171486,0.16309519006950127,0.903503238677438,-0.1207420463338504,0.6418256908079623,-0.33333294294802873,-0.2921972016947926,-0.10253961167395886,0.18272426002416167,0.01179085660869298,-0.23501486986190162,-0.12043635481087304,0.12859956691123,0.003947641115073242,-0.09202039399688544,-0.10762305936302603,0.01899192648194719,0.219712697902099,0.0173939135290662,-0.004997285104512563,-0.12466211562073147,0.11676753256249647,0.24638882019878228,0.05447531431859313,-0.08682433136129146,-0.007376658557990968,0.021518239078006516,-0.059747785797202885,-0.04969470965495478,0.1382846524185715
0.551418591570473,1.360877038895955,0.6613716602168752,0.08059041191299961,0.02384117438404699,0.18963491668853574,1.175054676610768,0.013475618975401525,0.9560826119768939,-0.6247300849443923,-0.42335605900850143,-0.15227168423151133,0.4775623565550124,-0.056002574331148317,-0.2505827657453955,-0.04377853744256487,-0.13333467375142088,-0.361725667336043,0.21855219086481104,-0.07412944181646629,-0.19283291711599956,-0.209151258050548,0.07563576678016491,-0.1599811020016825,0.14759935285409373,0.19476957351083912,0.19211917993172323,0.32065859980519684,-0.2997765140329716,-0.03043154578243093,0.06166806911368085,-0.05532571996732975,0.17627833417535413,-0.15884160350687043
0.55346785118836,1.5811966136860474,0.6583435859747503,0.03138356636421996,0.11455960225691991,0.4068474494623972,0.7295539006642497,-0.04495895522659713,0.4730354705498448,-0.44086120176280985,-0.3359232849610858,0.15767999143513953,0.3118027970733776,-0.19240147117269388,-0.15405588598612943,0.05299990961874084,0.04972182026406369,-0.06647162093887779,-0.060043624108642335,-0.198763962145385,0.0937882226290773,-0.05455715757583395,-0.03945821412792617,0.11575167160728507,0.034753548080788906,-0.03390732857247828,-0.004163723980014041,0.04950220063081388,0.00015636507966789378,0.07239550028438989,0.02617377279830113,-0.07528681252975347,0.15773677744227751,0.010446486682985237
0.55387852468264,1.7493440457973057,0.7359077287380748,0.10034888447275757,0.1262717219271926,0.42750347324822396,0.655145572583941,0.09897082978476583,0.2720749694510551,-0.3795659827516797,-0.2976323395177067,0.2638649830493627,0.30568240584254497,-0.12415642645720017,0.00858082266893132,0.10996037065371726,0.06380944024971535,-0.08813323486561561,0.02970388199290146,-0.2706431028880516,0.054659135184608895,-0.1949494992525554,0.030255172312660394,0.17736955814106636,0.09257079520123015,-0.013383463153079844,0.05178483070821342,-0.03563213107644192,0.17636088655802443,0.10946587026950795,-0.016975987601224995,-0.0767418903858468,0.025859697740790104,-0.037701928918938005
0.555116611760192,1.6609214820150795,1.0008300379486805,0.07420583515525325,0.12064474792702294,0.48228387322161853,0.440309634640968,-0.03227866932514697,0.2467438257352092,-0.2528389181847366,-0.321290428716259,0.34673387980613374,0.3521916719619532,-0.19378214255774667,0.07878132374113571,0.1410056742072976,0.14447748339792219,0.03526236728659709,0.031971512531862895,-0.2080380499712212,0.23282755096358015,-0.33524471521345517,0.036601822182738386,0.2217228699893788,0.07624421320808926,-0.018444202381596168,-0.19667405127730064,-0.06875866150222719,0.2039255323888122,0.0959054747936946,-0.050123363701038544,-0.03474113850000479,-0.07911113877023339,0.02796244165167934
0.564606244871735,1.5758246699298237,0.9027594653250546,-0.027095460786942083,0.0984680441502726,0.5681012966291357,0.38768575108249975,-0.08313191054074852,-0.04452162780187236,-0.188119578335351,-0.340596906518516,0.2519530755504919,0.3744099060024332,-0.12429738913500604,0.34563223953187144,0.14807767092703933,0.04729962852040656,0.09278604632000309,-0.10907065172247277,-0.1926845386808889,0.1341016402995488,-0.30359352058466876,0.06856356127373606,0.20194352271655575,0.023876933728126413,0.011794078835238173,-0.09597184487936489,-0.007273306952570789,0.25565904229727876,0.01628152721116728,-0.027105319995472124,-0.10852354707055546,-0.08957570249975769,0.23519870709197274
0.575949590945403,1.5839177389071366,0.8994778863493798,0.1266340073325172,0.2806395268615106,0.5614597381181744,-0.09208906220182064,-0.1846335000445045,-0.2142736030648981,-0.007401425811257859,-0.10230086500759052,0.2105208854451394,0.3635335333995505,-0.17099075916438292,0.5968968034117649,0.2349032681750321,0.23744383194243918,0.12434498740988117,0.010882747123518093,-0.12263323432648683,0.01787441793282196,-0.08583326382968293,-0.03236005806668427,0.010914389638791693,0.11449596798966437,-0.19114173350481783,-0.249830066497375,-0.001355770994136366,0.1338826529118918,-0.05317765023033119,0.18119805793742505,0.028644061930546312,-0.09160491658622867,-0.1373867714990624
0.582019976212569,1.589597797822333,0.9117451812882424,0.10893449347389246,0.3249810572075307,0.42330755526794783,-0.36716495939976884,-0.25793079303732613,-0.24113020285067527,-0.03709213369696719,-0.1340805991916043,0.2035240890635035,0.38536251428653684,-0.08191598413138262,0.5900043275518234,0.3399487511460081,0.34596426954421805,0.14926106674324074,-0.04007548218611381,-0.06692683990218687,0.14965228947804277,0.03767785003074921,0.08169626394524135,-0.06409369908655643,0.07551855436073687,-0.04094744117774131,-0.1045017707310838,-0.02078878302724837,0.0370922638426595,-0.15469025049448698,0.050575064360463724,0.026737841441815142,-0.03870361823439008,-0.046543564640029206
0.584430480880847,1.3940254490474113,0.7497476606857107,-0.09810454421031604,0.12182938518479679,0.37799660428547344,-0.544546810487444,-0.6010447249305738,-0.19579232814312683,0.3243037218896424,-0.01942175219811563,0.2393841421270606,0.4218087575577631,-0.0987337059949119,0.6712386202375429,0.4419600677124415,0.1375579679515504,-0.02761784768923945,0.012809185812623164,0.25727709050078423,-0.10457960397098783,-0.12410198847490826,-0.08220491997006048,-0.11394340988303302,0.20972843857079876,0.23003063104326443,-0.1113525677187196,-0.31024576572834706,-0.3224772722884339,-0.08593276104789814,-0.32313799601538346,0.4016218442231683,0.3220932251198934,-0.07156501854200739
0.586765822437222,1.2372392767419311,0.58788274155328,0.19749290453874607,0.35906258334794483,0.35088050898853196,-0.3967094245594147,-0.5413151015790822,-0.2602453048013003,0.32488099224833816,0.00226032849027327,0.10508624544527839,0.3946035173756422,0.3256862954615926,0.4541391564850563,0.48836935850313473,0.19614719155809646,0.001911202024169828,-0.02049515385379905,0.351384724669767,-0.2592106700439813,0.10596754632064673,0.10623146173121549,-0.2691589659926121,0.09244276287229404,0.1822767132482424,-0.08817569152620784,0.016351092863846332,-0.15225382622332825,-0.03026852988730241,0.30127913403420514,-0.07890043217830273,-0.161816970690231,0.0245387707974888
0.617047406540971,0.7004601501276927,0.4976078099979113,-0.3394449640960241,0.5750398563033998,0.22309692848389837,-0.4405606523063659,-0.9394603122683569,-0.18461683065216725,0.5271364605871066,0.10781691134559516,0.282148702956369,0.5353263425074468,0.15514742574269066,0.2018037332979336,0.1707549564353787,0.07778222640486951,0.12087878355060311,0.10376518930292013,0.16523581258130354,0.09667508645858951,0.4299376208502616,0.04623391745765738,0.11863395347153216,-0.23259148096619525,-0.05160923487031175,0.403027542135856,0.24600831352775104,-0.1523826955327227,-0.0372563099631826,-0.08801439502070509,-0.23527495665176745,-0.2838834396239086,0.17940431072392826
0.623406931075868,0.4923516841496789,0.5303914466732979,-0.2426673735416666,0.5261013667137254,0.014368125581479693,-0.27032435384705616,-0.8228281057604202,-0.03822465476350158,0.3810848697104569,0.08440303383277704,0.164252046806919,0.4508574788941495,0.3435372021119547,-0.09011521196280295,-0.06163914107973998,-0.3863318086110319,-0.10988529985351957,0.13910909831963691,0.2785538421438548,-0.3057109821420015,0.09401700413294435,0.15843406025023188,0.08982034812556572,0.016359261223589612,0.03259610022596987,0.3133685141669069,0.19712091586956806,0.050223997266261595,-0.0753940949767929,-0.08822858376380861,0.19733463469019788,0.16707530205948426,0.048548159263245856
0.630493923357263,0.01119429820281549,0.6132955178100757,-0.26332087767734336,0.6978610790585581,-0.39688970419157504,-0.2519207639115874,-0.8791876728006458,0.2704323868925969,0.4118460060545192,0.192645839317713,0.39150939832821835,0.4049002972524698,0.15349424441032475,-0.2452628050235453,-0.12126794807961849,-0.4791059739998873,0.08370176338359002,0.23835489218910963,0.05707482556349639,-0.005826885096206963,0.42046050315928185,-0.2990917778613691,-0.0751642136923046,0.40642626665878073,-0.23050085362356826,-0.023613762701300382,0.15549121925576592,0.11540506077117559,0.2930248179363522,-0.15577825577992727,0.001931899037371518,0.29030530907835467,-0.25132019638589764
0.631887316538843,0.11434195513733314,0.2827175121655895,-0.13313468432503994,0.6543368508128665,-1.0055543003322867,-0.06804476008875904,-0.9821116121639717,-0.15905317315482323,-0.018008130472675337,0.06665439521067623,0.137365779558199,0.11567023774391488,-0.3000316497547445,-0.425779388139165,-0.06420446837409077,-0.24399799877304185,-0.019136806142463193,0.05121220227961539,0.18528795955909888,0.16393993460501713,-0.07485751323722467,0.04367148719213615,0.2672261571547331,0.033276346378915106,0.0811168260722998,-0.008166500115323343,-0.09021073201762043,0.0018301931139035792,-0.017592669768435293,0.09915939204929886,-0.031724111951762037,-0.012128206886681345,0.17382920989303777
0.632004751630834,-0.047321115695217096,0.3824027259028726,-0.11087762761698486,0.6991299969574362,-1.1537210338314225,0.035696751021952244,-0.970920829452692,-0.049459903582573635,0.04333990010236292,-0.03224987420032303,0.037943412946578305,0.13677349288807394,-0.37046201324937944,-0.30933342129118996,-0.20134764252236337,-0.19231449838450482,-0.06400406093251483,0.04496191761333015,0.2816365556288523,0.12363647331334016,-0.09164034240179621,0.056198182691483536,0.24501258304419204,-0.09664842112959479,0.02505134737599284,-0.1762015551078716,-0.16998758008143297,-0.1756083628464983,0.03767533483846568,0.15291505147184994,-0.19981646654667976,-0.1396220717829606,-0.0013459746589663713
0.635926384697436,-0.21205383902676211,0.049564922623831456,-0.09954422981577168,1.2170098695102287,-0.6397304291074555,-0.3709767175900901,-0.22817117086934682,0.26827784943654287,0.2755417778261663,0.07264997132319155,-0.11330184792473595,0.3090652370386838,-0.320831227020159,-0.5038623292895617,-0.3059520153450284,-0.3080461760443778,0.015980872367069677,-0.12390170832589437,-0.03552646664865332,0.32287596386726447,0.007537812129429372,-0.08445073564621716,-0.13067739209590726,-0.08547890736570357,-0.22269238506090783,-0.3699102371923759,-0.08059394884557937,0.03716084164284524,-0.15481193423230166,-0.05237565476031806,0.11383645329369803,-0.23009254061922751,0.06312365924148665
0.638875774665152,-0.46858888333681015,-0.19246445986759034,-0.27022454624885917,1.3026018185082056,-0.5770096791046077,-0.5864683536955485,-0.20473686696938279,0.1761802968471764,0.18260560659007022,0.00521365165455115,0.003166925067007342,0.2908327930855264,-0.09401065473731637,-0.47954996916265985,-0.24764973956115674,-0.20766776168844883,0.0841145249358734,-0.17032010274671433,-0.3572606129909144,0.23249690878119383,-0.32705909421234325,0.11664548597963197,0.06753821428907553,-0.10142685448489039,0.11041841987249007,0.08733195564739445,0.06337861693915042,0.24805508057023604,-0.054486846400861814,0.003820924337762163,0.18149886402265678,0.0022690385018683938,0.014660992009266368
0.639047426527176,-0.6618784775021909,0.05626745764875422,0.20496286456083584,0.9855144480656721,-1.3834755926983813,-0.4667727561911923,-0.06858828990585922,-0.22684561326841096,-0.2716422076266499,-0.13350626171146837,-0.128928893152608,-0.013971575004593438,-0.27486081586721817,-0.2019062061816343,0.11110126216912797,0.3633707869142521,0.1331758540401633,-0.25651650561550104,-0.3780571559140224,-0.05297734326040871,-0.2562649173278198,0.11307866959784069,-0.07621854152330693,0.3029494172606764,0.1193304070306758,0.058943163936876555,-0.052007642731611514,0.0636425367970254,0.020456478041434766,0.017978378587990708,0.014094042010474934,0.26569615012575226,-0.21576659315791544
0.653490672021814,-0.6566446033963477,-0.09002540303584095,0.40525851417611625,1.1721116181787488,-0.7745703697725028,-0.837679646338851,0.359967714538642,0.3113882574571627,0.14428086500100626,0.05983527572859161,-0.5463394128268136,0.0533591784337162,0.08177061797708665,0.04262390903549259,0.2519764826141426,0.26128333962976014,-0.1833471782635828,-0.17176978144604726,-0.20638406279496854,-0.06637719096562004,-0.32704814657493925,-0.09637023411465288,-0.17656717009372405,0.07092438976567383,0.06175687513277426,-0.06480943022253846,-0.03629823519883447,-0.09234459336910045,0.17234712837400798,0.058580196273989436,-0.0425667509116559,-0.10833921862328404,-0.058969269653617803
0.655183366782917,-0.768212047864026,-0.26562736615296667,0.7821603972002996,1.2851715351650927,-0.49385742854762943,-0.5554115580884764,0.5796772227117128,0.29166911018303104,0.09987839962902034,-0.018830083752616626,-0.23637684535402,-0.016116191404287838,0.10278877058251884,-0.022826604244452483,0.4088412259239675,0.3699428846417979,-0.4069789640123585,-0.008936651970706472,-0.2337000162776181,-0.15467117320569002,0.03518855747937099,0.1302992573596988,-0.03176238831719388,-0.07155745255094177,0.016441174060462076,0.23922425381021326,-0.11127969075636167,-0.21749831209095102,-0.20912916949898544,-0.03925412685290492,-0.14742932639620274,-0.33638960564629233,-0.020793528081370072
0.660076370133045,-0.6069245386116191,-0.03548647689727766,0.6904469214263074,1.2332634750301392,-0.4400197068367431,-0.33472711894096313,0.6614520434377603,0.25842027478032326,0.016979199239968337,-0.06016185465998113,-0.04402515571864032,-0.16914084524057424,0.358694583071099,0.18983655162725951,0.41522005275208773,0.34216829869767496,0.002277874155865749,-0.03595983571294329,-0.11095710841102016,0.0894045559180185,0.05365335472653178,0.07399187759744791,-0.0318951027685274,-0.26795730959410635,-0.1880363980267449,0.05815628055246733,0.2414979946229576,-0.031035805309495457,0.10541271777224305,-0.06993582926707125,-0.07157156109032871,0.18212119012031724,-0.042101962306845896
0.664209238405918,-1.0183288899233751,-0.1102118742822424,0.6293347212607766,0.9822259731484809,-0.36137511497183705,-0.2961516320924051,0.7611782181924612,0.345650078511729,-0.048019448298207985,-0.10463084438922714,-0.12628025994513634,-0.09935447636832856,0.266220573887896,0.09026311523777866,0.36476996829608865,-0.043842274157494414,-0.08212849446126719,0.0549633515482736,0.06795463350754488,-0.26602894807379873,-0.02600468349696632,0.06668611593933008,0.05789141460004899,-0.20622071273747658,-0.027227416346044545,0.09453994721326305,0.2593333423930074,0.1395527252288004,0.12042014245475245,0.025783551200626496,0.1496003654293883,0.09619425168435541,0.18016790834111424
0.704552283446089,-0.7997534984870751,0.6603727416664217,0.5286806609006,0.6376358578981735,-0.3289252416576413,-0.04967096336505494,0.7900895426452701,0.4745098425971371,-0.2681325612789851,-0.16122331136372015,0.07560901090020537,-0.08971048338926843,0.14499116878315907,0.33316369827303194,0.21195577186580572,0.06144090154095493,-0.021348765438952054,0.16660131294212602,0.1994496437413549,0.11648753209299538,0.19685852120849293,0.04660168157994168,0.3107173065966321,-0.015560331694841511,-0.3265829262088808,0.07903830119502424,-0.024656461962412106,0.07615392852742958,-0.04713861100107451,-0.10034836232944257,0.05426492372625237,0.13909283720298327,0.05289340185358971
0.704582336230196,-0.8134038347080672,0.8360201174701242,0.7115663639713452,0.37684383132533156,-0.22237259552123903,0.11075813678413182,0.761664170095218,0.47166409714792157,-0.4624250674162482,-0.2521025732245409,0.1630423721509561,-0.0894287138229569,0.018989884913305728,0.35652380148702273,0.09732402853107504,-0.27905934374691826,0.10271342248440074,0.12376138854298055,0.49737630917087605,0.15627474073032693,0.25779039957720973,-0.3104365334311406,0.0968045169964209,-0.0687767583193219,-0.19332121658131765,-0.19807625247322275,0.010017803469882226,-0.12193526767025219,0.19768439158273943,0.016373554449093344,-0.14928797253913367,0.04921904315744804,-0.1254404598858135
0.705107123421253,-0.4186012120211431,0.8127740377058756,0.49041583054580706,0.2680097912191035,-0.03390220813397452,-0.25570939075889104,0.699438283779254,0.06881022850037927,-0.3597819162153373,-0.36547437960321016,0.03337550610962543,-0.08110511557882752,-0.016646807668616766,0.24269946132338355,-0.0760843319179925,-0.3120859892262654,0.05272489772504408,0.040306517569564285,0.49713876121157774,0.16219916643582108,0.1726758431204322,-0.21419987312262442,0.020004179855237267,-0.03738500747750502,0.012089449856229752,-0.009068704534548989,0.07174521458202451,0.031099152030273226,-0.16583135907963828,0.05990820331453718,0.15311245536971763,-0.08397979087542962,0.08562738127120906
0.708159050419622,-0.26737635524111647,1.0688938916192348,0.43622592591982434,0.19893053568995908,-0.4671955567198405,0.2568486160353369,0.3709095970675739,-0.5632260203772739,-0.6156913722259739,-0.5326474152475492,0.24792884812617144,-0.3707397630256341,-0.26783288315779125,0.169274522088325,0.004572869865063779,-0.2639647297103868,0.2124982927156684,0.07916331865319372,0.35643370402570834,-0.08004069308118013,-0.1376218123288085,0.018444117679834383,0.21447977027738382,-0.06500711035887287,0.03369372956921271,-0.054803628536350776,0.006618443466391292,-0.012587313482235527,-0.09096872366822069,0.0061558254859258674,0.022568691457941447,-0.07180519416040303,0.06514806777849952
0.721130109732367,-0.638766693963338,1.4212559167820642,0.3693674276198933,0.008918130735853357,-0.5832058821889847,-0.026353997788713224,0.4676929400808725,-0.8291218812001696,-0.5787149315744458,-0.5688969462936896,0.16025937477313748,-0.22401776472836415,-0.36545305192328525,0.009825326505859563,-0.26342962664573244,-0.18174922944679775,0.43534864569486775,-0.18819991750301834,0.325275048812247,-0.109130041619223,-0.013870156300354671,-0.0907945162685712,-0.04210792685813882,0.12058522276397375,0.28343525609957965,0.17459926346884924,0.0043954418148309925,-0.08597695270831913,0.01604189415387827,0.013744745124087163,-0.004949439377596799,-0.022679977021627454,0.03873293921446161
0.723940541018978,-0.6902033840866959,1.2369858236949725,0.20898641038822288,-0.005389133828033096,0.12430726526944726,-0.13261663708898827,0.7015814234862204,-0.39227029967161225,-0.13990317146497716,-0.5459485220987514,-0.009347009149691015,-0.034152761186220446,-0.10137108646744983,-0.12499480581811162,-0.3611192963595696,-0.24454066870392807,0.3095353390399662,-0.21647649379517733,0.04963691697400754,0.0781780616439412,0.158334694129743,-0.13831516002988217,-0.07430851790974255,0.1371960397860987,0.0797307160335122,0.17804815919145575,-0.07653891558244653,0.04158775038433843,0.06018317742744087,-0.022084200531975958,0.13021610516918797,0.07036854246713364,-0.13362047443914415
0.725046661095401,-0.10469025540414867,1.2832056193490406,0.27618001051223257,-0.31009698850250567,0.45173427757311946,-0.19584980292894083,0.2593412948760529,-0.6544904712286258,0.08964333065345277,-0.5310339938012084,-0.16738553992276886,0.08565118779800335,0.12656606528721615,-0.2508775060942104,-0.20590326648369003,-0.12142597595636881,0.20367414416903457,-0.32575023401996045,0.010801462345110743,-0.11806065235223923,-0.07330467165673879,-0.1265938779571557,-0.2532619299029394,0.020941249704310737,0.18607672341784381,0.08251392487376304,0.07116421991770187,0.01778980900298607,0.03104174588305702,0.10816728360051954,0.07116008860991467,-0.21770650164179292,0.028579897132305906
0.72812901198104,-0.042932339099097196,1.3755824944962602,0.6645520674215296,-0.25522289825392663,0.6443702050982851,-0.17176301129855015,0.03430533073025347,-0.9861699947967172,0.27611415767333364,-0.44039007497201615,-0.2806808764501424,0.012487400584424758,0.25508965401749506,-0.36993170622206134,-0.14309277659135336,-0.0932821476524348,0.02210748764100228,-0.10936535512287998,-0.23496111681223467,-0.12546025792553633,-0.08766177528352845,-0.02998120988362462,-0.13944656727290486,-0.0126191930146036,0.08946450026014188,-0.0925325438251079,0.1935746888684817,-0.04094320451502998,0.111945453676678,-0.14759115801329464,0.005713265668007071,-0.11039895226214952,-0.019664147608304285
0.735114955850561,-0.12792982470949765,0.937520858500582,0.5445676006305384,-0.06705877049430702,0.40602931847402535,-0.4165853137732227,0.1937193342456422,-0.9269260040765699,0.29738041725821585,-0.40107548425327066,-0.2839031968573998,0.059120049234668896,0.1527783405212293,-0.2556233154967049,-0.24240175452389556,0.02615493856174415,0.03838843686602492,-0.0942757360644497,-0.3040256947710049,-0.21915300559142656,0.2156996240129137,0.13363655145451855,-0.04123115184101174,0.2056594152818531,-0.14529771871442596,0.2730478903062612,-0.033488280723672464,0.12330817362214763,-0.04623438485017639,-0.039674241836375065,-0.14557745173278738,0.048313037308385556,-0.05098445610102842
0.754032752756077,-0.05850561519819998,0.9729166831477449,0.7297542755909988,-0.38344852930732226,0.6146153422262489,-0.2939981335492581,0.0034317832399505302,-0.6851177033261993,0.23892533081874853,-0.27724346889894547,-0.24503496283745277,0.03673793854979754,0.15929092274267476,-0.42402354206058934,-0.021056215726516524,-0.04211858494847767,-0.17833779420606705,0.01639785856122795,-0.13779118295663262,-0.17801341896434064,0.017690387959623813,0.15116070388739788,0.18965737873471503,-0.03768301082537617,-0.1949760593822757,-0.13592387878525167,-0.07469457226197405,0.02838761956014421,-0.04329285757648215,0.10153343117070811,-0.05065954948606739,0.19787184004948483,0.18582564639197927
0.758436057398301,-0.37317919468038996,1.0463771288729558,0.7795960654420065,-0.5747507560463361,0.48011611552862854,-0.41284221935423215,0.11043288642744938,-0.3712270962561769,0.08689117600316694,-0.22409912438629978,-0.3134790175915579,-0.009285794630039479,0.08633886066644939,-0.3500202828530177,0.10978397619711955,0.21197363077364437,-0.26330205017532937,0.21195773752319239,-0.10550404898423467,0.061247069495198175,0.19012110849072883,0.04358956036758053,0.13138277609836235,-0.052494184545126575,-0.0602225581309649,-0.22220704615447823,-0.08843371734557984,-0.0824937579953692,0.000301641645876578,-0.13510339982947195,-0.01753616067290619,0.15712223714364382,0.07796082467914175
0.788774447231456,-0.6676877180911999,0.8817487169392433,0.33947308617269184,-0.9238446842065471,0.5271346058129238,-0.4274422527474395,-0.11188554832109118,-0.21375638380024364,0.11532479142094128,-0.007457678088198381,-0.34191285826516293,0.02714285620342395,0.1811504847823028,-0.4342365958365846,0.10430145252998624,-0.056236810069798374,-0.48127143411206574,0.33210833494469755,-0.02453029861258537,0.17168013841087781,-0.046857617712715315,0.005421757716320093,0.1610385347044547,-0.2824100816046086,-0.05421180048536218,-0.04440141721781623,-0.0052641749377785405,-0.010339181245923168,0.08231194722466587,-0.10181854647219145,0.13274361263137974,0.04731193855421379,-0.06550585939660718
0.805917490799167,-0.45026752876056203,1.0191198751569577,0.3908614501219768,-0.9829462158122481,0.4252580639127384,-0.6132423553542419,-0.12011162071445709,-0.11210000066301344,-0.07835618757658995,-0.005467770993155881,-0.3749639530342279,0.21080466916349166,-0.02544342836292024,-0.25863822380768575,-0.05067201403253986,0.17744538392389753,-0.3322569158280639,0.23958998735814063,0.06876491187292276,0.35617638718647987,-0.03743173661002079,-0.1492480363620765,0.1792245411358278,-0.11102197222029374,-0.09453864792563335,0.0836658018405183,-0.07639046135150643,-0.037420547722298546,-0.14523266388572378,0.14980153088474252,-0.06380016070000007,0.04771716564049414,-0.11485819267542309
0.809624526166911,-0.9310108802746303,1.0457349105016598,0.12266938608294145,-1.3759668518001031,-0.36417675704063357,-0.4824117438593768,-0.1588243804452483,-0.1145049410219788,-0.4288380663632975,0.18598539492825633,-0.2873700775456062,-0.013024789372935277,-0.6186169592675764,-0.13410948305439183,0.10968951835934532,0.3164382491508367,-0.3694281223036847,0.4490053841955447,0.1846844861512908,0.18267951229531454,-0.11020201203410467,0.08708445068431821,-0.03366121196737791,0.009858063381171947,0.0213736168128533,0.04690666901094418,0.0994715339324321,0.02597143928626882,0.03292195511504391,0.012680899156285978,-0.011828580544873873,-0.011191085305917703,-0.1524290767469971
0.811564342861653,-1.2894370223526017,0.8351822259825404,-0.08646035516342572,-1.2866156849600254,0.037559072097442865,-0.6271847689075399,-0.02801375710457898,0.6367131607553838,-0.029704982792129533,0.27558738253805826,-0.3332052255849426,0.04088444508331489,-0.3981781314994996,-0.007199257851882731,-0.024350232159800648,0.03199919678535628,-0.20980190553568848,0.161519010954794,0.2332820830130028,0.3149440654342114,-0.0071154180420940245,0.030799206548813705,-0.06655821748773372,0.07518764120079709,0.06200192842659211,0.1475209896915234,0.021989763998473834,0.14205657337471783,-0.18576757723515305,-0.09844175792126221,-0.04443704947181666,0.09607045315988873,0.2050216052403091
0.813164197951503,-1.540058403307355,1.0751886720616854,-0.3198353018377779,-1.3115944938256254,0.001283708922411069,-0.5726952550565776,0.19439699290926926,0.7630539435541485,-0.0054412492490799646,0.3548099426270926,-0.30857470206911014,0.20434215512353163,-0.6250457773115823,0.03976680793447457,0.009884616234989272,0.06350247015475306,0.16232984032945358,0.04439281660688581,0.1381290588914629,0.048421106129913946,0.17453697818063782,-0.15541868904692155,-0.22637754413552685,0.1183846913780149,0.10878939865068862,-0.10374655120882514,0.13406161037633677,-0.07847361366670749,0.20303517447992175,0.06026347260775134,-0.17338846336903985,-0.3073571482934556,-0.09298737585153947
0.81449711200813,-1.7229062119967273,0.907251077601912,-0.27377197118667507,-1.2353877362731247,-0.19846246467741838,-0.5431435527687584,0.2198244872253922,0.7650942036162868,-0.12377218886213964,0.2758758975028445,-0.19850789007761308,0.22551357532399516,-0.05214492601080582,-0.013886025141471395,0.06408952653176508,-0.046136073873298135,0.06198306679826538,-0.17060338793991214,0.019090391620019784,-0.17021684562668335,-0.17369243298996076,0.056052053489317244,-0.1453741515618763,0.058522246250511736,0.10488502969930727,-0.04265257050763669,0.006028305217949502,0.11442890438532187,-0.02990409472957712,0.05947219076965193,-0.03995349724524761,0.10461360684033737,-0.060993488337538725
0.835650220116364,-2.0430786580334614,0.7501170899555037,-0.8025762406948656,-1.2837065914960166,-0.04602471039883123,-0.26031635808964937,0.07153489915662921,0.6721604470219574,-0.02316535276367616,0.5220767922332423,0.2829496376007625,0.26122283081222814,0.07326067106241599,0.17629159144335288,0.10426724855091388,-0.025221509293695606,0.35189440619677803,-0.5002248203986358,-0.10971474844588293,-0.09556602087912128,-0.1705395484306643,-0.07596677366638308,0.24064439833267234,-0.1659911572052041,-0.1349296007016697,0.4650352132426313,-0.29916833442550655,0.09859674000771675,0.22514778682769904,0.004367226465732826,0.3488330182511425,-0.029458794582681736,0.07669456821279472
0.838925124910112,-1.9994975191490547,0.7797852582340491,-0.5074085076171188,-0.9754288817490789,-0.0621417660712265,-0.3240178585191462,0.16088891813712666,0.43943910761508753,-0.013080981388692462,0.2984612155159408,0.3700170131872891,0.3804109871208373,0.04674667802579401,-0.08595261208412118,0.11757123073093263,-0.08917337075547767,0.4060094052718008,-0.3165419778823293,-0.27650985724405913,-0.22454606714602465,0.2146131168448164,0.1797043209344128,-0.06308063519278904,-0.013412239194909184,0.05042345049739443,0.06018210209639974,-0.006247044516786725,0.036207946512092894,-0.1301843839185552,0.14730593248875132,-0.10582246242953779,0.024411265876750726,0.060286477130608605
0.840674674778811,-2.3690442327966448,0.5255916012802246,-0.4845964908074081,-0.9979624078083084,-0.6666284068920549,0.02488446813563411,-0.13598024518278098,-0.1669837327133042,-0.3039416272878385,0.3480670818831894,0.6673033177184954,0.03177812265323566,0.014957776541118833,-0.0018659008610419363,0.21120712723040244,-0.025476135912806036,0.39871197282588433,-0.07050545220102569,-0.3173199267241296,-0.3222211229708667,0.13275253980801915,0.18402229405984658,-0.042972256039425,0.04637854481997364,-0.08613027371555763,-0.36833254168925295,0.38416772867373405,0.05957965599253704,-0.15478646171164454,-0.19646113958375278,-0.32184688709423814,0.005326070835111072,0.04553724385611288
0.879670348468173,-2.5136713981812013,0.32914820470844386,-0.5290224511150713,-0.5560365932083955,-0.38389938344128705,0.506854585156876,0.08352660942510784,-0.5037191674126308,-0.5843205749838712,0.43525896945375386,0.6093203675483909,0.16169598347628197,0.264697584909674,-0.22747969355420578,0.019230355202816348,0.13333948073589558,-0.09485397566888444,-0.19976395425983512,-0.11325291845769488,-0.1896516613209735,-0.04303325819525305,0.10690790329267959,0.33395122989690756,-0.002388704607243722,-0.16168053806123,-0.16556398718922802,-0.09071692627609919,-0.5583315274785604,0.01669128808311054,-0.033700375935009415,0.10876867205417524,-0.09734937036102967,0.22197859739586254
0.885572030982391,-2.0156650745885845,0.13145090933949313,-0.3758896391100867,-0.15990573639221378,0.06617816105412963,0.055120111807609014,0.21875764239395853,-0.08038369198736746,-0.2453645777518523,0.3393908031445914,0.4147385677133358,0.22833410918562558,1.0087467637129426,-0.09754179727729272,-0.09964385646709746,-0.034796480135291054,-0.11692598243528061,-0.1074233768370185,-0.16669874569594245,0.10608330134094826,0.05741393133200701,0.009294795610852566,0.16468526798070193,-0.04201739186007399,0.03365412192699966,-0.2341029562683446,-0.18440724542647025,-0.3140316757305176,0.08334033157777927,0.35267454564186035,0.27413276727450153,0.07162529817238987,-0.25174995270983325
0.90201319184738,-2.2388420335177526,0.042525027237502164,-0.928375034620316,-0.014404357893081633,-0.5358628231122597,0.2416195268336533,-0.4283286580538231,-0.7150773557336778,-0.8415714009781208,0.23219596327581912,0.5487154291688292,0.023175637372067296,0.9819372090887792,0.24088506892490877,-0.12557131977442143,0.24621897222995293,-0.3998719851803421,0.25794346854896216,-0.11142120895807589,0.10404133102426702,-0.32536708226466027,-0.8842977816772125,-0.3528780370957688,-0.3025271221020442,0.1738547392358915,0.09723009449902185,0.03555361708733385,0.28376235912887876,-0.14006224279080914,-0.2795689471993928,-0.17234461533623915,-0.014560216267639882,0.0073868735133244216
0.902845014986215,-2.841853515360761,-0.6032455256334658,-1.583753922277953,0.6832723487878939,0.5464958344617372,0.2898949718272635,0.22835511844947395,-0.2226530393927091,-0.4471010448227885,-0.03826325372250803,0.047087206427091244,0.06840925999504034,0.6980791139435298,-0.07997243844361876,0.02230206726558929,-0.09676700462881711,0.036749287136196934,0.15312350983602926,0.42996724607285197,0.41737361538871465,0.15837597632573422,0.96014488044997,-0.1647405892305824,-0.08738199162216347,0.3320008694362255,-0.03801526064074773,-0.3528523645191011,0.3100080779127763,0.07112324337556977,-0.11996800531412982,-0.25228227381154017,-0.013187898982560403,-0.23964378897567826
0.90842340486818,-2.841844299910916,-0.4417889634190261,-0.7021799640736479,0.6774411183358937,0.1270752134951419,0.23054967133727652,0.23980456618742318,0.09628429275067184,-0.0015524472435502648,0.044630938594610994,-0.033062190377577017,-0.04119977842337028,0.18069315426192278,0.2440381006139488,-0.9356624003399319,0.42050647380219663,-0.2800836883394128,0.6451367208933113,-0.2543129519764567,-0.0986388312535786,0.2491874508794897,0.0022184401584028433,-0.0019879267136256418,0.6447247160940726,-0.054255767579220605,-0.0860368630097295,0.05552833680611802,-0.17175136372548186,0.18447342715719833,0.07662544297133235,0.10147133823817484,-0.1787567091641162,0.2791475634114101
0.914361051966949,-3.695257032987118,-1.4788585379272328,-3.581261608001025,1.4641041862295712,1.5595777211226387,0.1848581454453617,0.007630452042658084,-0.5289821417489601,-0.372550738460794,0.025866053741148084,-0.7339041701211805,-0.24372933165139593,-0.8728982077773842,-0.2736506358784272,0.8322527219606473,-0.11735640083667456,-0.18720485299121595,-0.33597083346512513,0.13384737545925715,-0.13535723806066663,0.04815767970696613,-0.33814326258284616,0.11040297299283688,0.11072933023252213,-0.15748908459719227,0.03740552313433354,0.09034689407598115,-0.03427505327178696,0.01566111316804642,0.03193617866512209,0.013084583165047084,0.045077559810101794,0.01131780607615991
0.924196182648771,-2.218601081635817,-0.34942668149365524,-0.7829609796032492,0.39171437859276614,0.42298257921933585,-0.02343280973194915,-0.27162143298219127,0.019326207930095703,0.38584807409849914,-0.3016422995269883,0.030031785233573374,-0.06434660305123541,-0.20395875879100078,0.5709399664195083,-0.8228226087933616,0.340325317274775,0.15302906260746788,0.1649086737961506,-0.039950844994528646,0.11526833540800215,-0.1957251151977161,0.020940130698429694,-0.17082527420868643,-0.20184306013191183,0.0033956247602367007,0.09505715906376667,0.09061527366118279,0.07195787399563937,-0.023916912417178283,0.3338403701376993,0.12362699646243981,0.008523265627638528,0.0008880333685628239
0.924918755995835,-2.289745253824437,-0.38582434118390013,-0.07891097857498333,0.2616578638329871,0.17456727235762018,0.0785551293150359,-0.00028354357739204236,0.29225711577816704,0.4462170076746394,-0.20363347850268226,-0.13923434420226427,-0.20208530972216232,-0.11782519304210348,0.5750713505454588,-0.5613435007995273,0.0542905321489552,0.06196975850570225,0.37257349754455515,0.01917381524749347,-0.19677916058633385,-0.06078294253754847,0.16159840667840103,0.12318602073938872,-0.1012663280901531,0.001260435380099882,0.16974722523175773,-0.11016252296822765,0.07925315580727928,-0.062123561346279756,0.10247010123606203,0.06922299903803227,0.17875471025816714,0.12192787185989638
0.92917625126989,-2.271249851581956,-0.051319764445030336,0.11781836544989,0.2661032443409829,0.2839449708153558,0.23009615177957782,-0.051770733532416964,0.26772933391615855,0.4823809843319929,-0.2246552270893953,0.014126299854588952,-0.0883792770208092,-0.5961263536440938,0.2801437738664414,-0.348019510323856,0.11542203627747383,0.16785683757717057,0.19812881266599763,-0.32463650324025,-0.22010637984762188,0.05172279912417389,-0.052301524544899704,0.025918387253325487,-0.143350325359703,0.06177091983331627,-0.13026646193326105,-0.1844627130500297,-0.0598094425845536,-0.08807190634514916,-0.3594927914840957,-0.14686150422542488,0.06816757770969632,0.02140125390396665
0.938742308499254,-2.402391276714679,-0.3106579212833412,0.05431850756698385,0.1065861925927548,0.35391027998851204,0.2778248951416822,-0.14913656240855225,0.3559739724751081,0.6686527198993871,-0.13780008307093727,0.03754285701542351,-0.34517062513723373,-0.29024904850335204,-0.02884920244120151,-0.09387870665488457,-0.16877743736975928,0.23611331489811768,0.25855890779233,0.018896073413792146,-0.41372391232464,-0.35073752717115086,0.08867278514061085,0.034982606939538974,-0.35362952898658845,0.07967753169347691,-0.3413794333433052,0.15973678124542479,-0.06152751854180687,-0.18813324533824352,-0.11790044661577756,-0.04127693646097972,0.13711031005941976,-0.15419355709532037
0.962457029138348,-1.360864393851555,0.06113977971606109,0.6886508866399345,-0.12549220738808564,0.28648932722649556,0.4477145346871855,-0.5698156098860574,0.39155824874708317,0.8415573891663526,-0.4893264920365196,0.2974132561246123,-0.43331565557105967,-0.15719867842695004,0.03966725320150419,0.07160785397184333,0.03069709635388991,-0.00807683002425236,-0.12991568816199886,-0.07528627128093954,-0.16829924449560466,-0.0358472626323949,-0.24265042395190883,0.03377547240434882,-0.23208107638838282,-0.1414413405123197,0.1171093055736538,-0.3235769785585482,-0.05835175169956781,0.14589228164419327,0.13736597077349977,-0.23514849646264932,-0.10373115447425071,-0.1370617094165133
0.964772715064551,-1.8560607545374461,0.09641025880478443,1.1290726742862118,-0.10583536552080539,0.2643582630971559,0.5452782591077807,-0.5033201968540734,0.3728684108117023,0.7995117936096527,-0.2910723047599245,0.3269455744854556,-0.5149809738901742,0.17888785679170038,-0.20592145904521234,0.32329959966655875,-0.23032727816127288,-0.14871655431157674,-0.003440741055422638,0.14214312689045402,-0.1959345484925425,-0.10475149485856743,-0.09627003706306289,-0.0741162364316197,-0.15273073672627055,0.13345023368486994,-0.011797577631051246,-0.12322327153941386,0.038376880542885364,0.19611253573837475,-0.0023688931118765136,0.073383533578528,-0.1790496128528474,-0.16475000954474747
0.969157330478309,-2.002488030261464,-0.2523448218448601,0.6862549119066771,-0.4933906229296078,-0.36314789311851847,0.7373635133126853,-0.7150515320345013,0.0014788688098498742,0.2960800277742103,-0.4178242098950628,0.610047894036515,-1.0260145339573445,-0.20589594838868772,-0.13085018958650874,0.41348271672949055,0.5505912489426839,-0.03723771552409562,-0.31469786663592547,0.0380308162569838,0.5544748151625652,0.24530157284919699,0.11608899169540696,-0.3468807517154939,0.2796196571231322,-0.0954487674965919,0.08029893222462275,-0.05603155307756919,0.01121962234649171,0.021779680671363117,-0.14239130133737604,0.20873225675143608,0.022752633711119047,0.12916120142879747
0.991060264575667,-2.0912541955018127,-0.15818830743166049,0.9390601050855479,-0.2883223835997877,0.2425507374447312,0.5587077070048564,-0.18927261238261325,0.4114668533615061,0.4663158431826465,0.012664843467613787,0.23418104933403588,-0.6931756500995548,0.473946451924007,-0.30422049937856166,0.5188796399429141,-0.26586361687796634,-0.30627510597866,-0.08956851676191689,0.07174004543505993,0.10634717713101144,-0.12049034989560391,0.055419057325899995,-0.079695361242705,0.45694198761196314,0.023135696184461103,-0.010429618824972219,0.2553135054295419,0.22554699009759502,-0.25915713051203493,0.25163756424601635,0.10374080186116734,-0.01582301245239356,0.1787577803485308
