TOD,Component_1,Component_2,Component_3,Component_4,Component_5,Component_6,Component_7,Component_8,Component_9,Component_10,Component_11,Component_12,Component_13,Component_14,Component_15,Component_16,Component_17,Component_18,Component_19,Component_20,Component_21,Component_22,Component_23,Component_24,Component_25,Component_26,Component_27,Component_28,Component_29,Component_30,Component_31,Component_32,Component_33,Component_34,Component_35,Component_36,Component_37,Component_38,Component_39,Component_40,Component_41,Component_42,Component_43,Component_44,Component_45,Component_46,Component_47,Component_48,Component_49,Component_50,Component_51
0.0173694865991158,2.9504377435072686,0.09288328225129795,-0.010167052411204846,-0.043867371420198885,0.013275429970661338,0.023452046982543367,-0.010818394332752732,0.25360000810489464,-0.021757369503341804,-0.011975840659956426,0.00014218292368319599,-0.010666733410258568,0.016123247755100246,0.009565046700520271,0.0017936021643365511,0.14637832893734729,0.031229303132164238,0.024637730959051463,0.03981591601758597,-0.38359106841992474,-0.03890895156989236,0.0287196314718735,-0.00533821974811167,0.006361413941156358,-0.0038020917721951993,0.00916187293497078,0.01165775468784661,-0.08763493547584615,-0.005643018737475592,0.23585479953020222,-0.04623405321559856,0.002783434775453611,0.0025603114157535497,0.0035933190040514915,0.002442310591972935,-0.02502981635746502,-0.034608070383623374,-0.23024381198180652,0.009732092514719518,-0.2214542818063094,0.21732220782923942,-0.07118375141164744,-0.004378428746820436,-0.0010171277234337394,-0.08624929515330226,-0.03606744875440439,0.01302048868766479,0.003895754544619537,0.001150942907955468,0.00014620525902174817,0.0
0.0217868349329398,2.8717660913459824,0.09746481151887228,-0.007973239490049248,-0.04421953675699422,0.019690018074006433,0.024100088663790042,-0.012862604339295248,0.038090235430649245,-0.0073192280092781075,-0.007709247378611366,-0.009281201619908301,-0.010668514863187782,0.013679873419857507,0.0077176642161058216,0.0019386310589412346,0.0316931579269828,0.0029467695830566773,0.0007221777136839527,0.004670313081001905,0.003841455840149311,-0.006490761485846195,-0.0011020807561478753,-0.0005170065466254959,-0.005360654856206626,0.002100083487922219,-0.02050476050666762,-0.02101854305933285,0.14940847423721101,0.0005672459001076599,0.18803864129418463,-0.04215457324113149,0.0017546491274505187,-0.003216116063763235,0.0017894105076880834,-0.0010767107894957277,-0.008048753586078376,-0.012440404390408472,-0.31810922965767807,0.03665774275079747,0.25180888840293436,-0.17895826883047136,0.007949219481072736,-0.045056302755474134,-0.14157631026856107,0.02996293978921292,-0.05697493931397816,-0.04101279269030608,-0.028650117434203037,-0.03699343246495303,0.0018668383059171284,0.0
0.0236539792007251,-0.20313679824512754,-0.5969620391189007,0.625011469625547,0.3944448650954191,-0.04461846807914256,0.06916600237192125,-0.014469445047364245,0.003699567177080277,0.14409904917710875,0.12981373091775486,0.07394160408090691,-0.20380584003779786,-0.17584752267219864,-0.13204818725055967,0.18564134764661325,-0.012801645288761095,0.18554417083214192,0.08853221387355796,0.3726641521889682,0.05378427926927477,-0.10805540558425004,-0.03680254602150381,-0.08912998339613115,-0.10123613885212632,-0.04763384280290724,0.2348353739795558,0.04982707393467014,0.03181191384284452,-0.060809990315375526,-0.005648734131265909,-0.06486448014289962,0.09070363847848767,-0.017372332152782784,0.011137070318603112,0.15689496441493253,-0.08270689384750625,0.023004372577048668,-0.003324307102210521,-0.16174864169632078,0.021651714042473607,-0.0031095449448043408,-0.005356799476148254,0.05087646388312151,-0.05213686493472431,-0.0656234257517108,0.08219879323042306,0.005210731289898009,-0.013439899031852685,0.006042146543026465,0.012862671625517649,0.0
0.0912510183968422,3.6931376101499604,0.07928243452708898,-0.02952654890790415,-0.05927712859019137,-0.01995844490977796,0.03518249143226378,-0.018287148996982645,0.38979349081453596,-0.05079600422116828,-0.017371110367636604,0.026437994748241295,-0.0038351011637120895,0.010365844177630193,0.006545168752590402,0.0014322164344182642,0.4674903996921522,0.0669595496758395,0.04478648108015412,0.05269985006541436,-0.5296876882406973,-0.03613162808207976,0.03401388827793264,-0.0016597070289948045,0.0026124283925035795,0.0004422083227892587,-0.03216301417872638,-0.05110541252513462,0.4029926003400578,0.019957258610648773,-0.30719444544537716,0.04289213736364458,-0.0031857084788991952,-0.008611135523244544,-0.003219776194753609,-0.0034152672816220196,0.014136054493844277,0.018707191166194216,0.06135902683586269,0.0005040136348158586,0.10492323428597355,-0.09169545954910276,0.027152126284474838,0.008076960708071797,0.020527211030517755,0.021754240324861635,0.0198270057386792,-0.005204832154185557,0.004147053073530876,0.006154267155812858,-0.000343558320669176,0.0
0.109828407190697,-0.14442744915750072,-0.5349895252586447,0.18802538121992188,0.3705754457592048,0.024158187871247332,-0.13655411628914058,0.1722253555757824,0.010035446707440278,0.5242282610269832,0.3527191765536198,0.3590774327459629,-0.27018832058200276,-0.17350850624345832,-0.05843421402185779,0.015015858571273584,-0.006447608342773546,0.08369964947712591,-0.02387282225165806,-0.16748453494163038,-0.03172174001326462,0.066869877131479,0.01635363491097229,-0.034893861083600805,-0.07849580305401731,-0.03965154242204427,-0.04591253689321683,-0.1644593236175505,-0.021647826178623222,0.06482066165147317,0.016493843675929334,0.03487129191089759,-0.3047517782412734,0.33107534717278897,0.0031819827412620976,-0.021723501984951793,0.010319022916597288,-0.03765181905849268,0.011466444288833704,-0.030797563517862614,0.017824577112691944,-0.0201115447090881,-0.07678472640665507,-0.026405926779281677,0.009468584351983216,-0.02893363601907347,0.04071837868651545,0.00350639339214188,-0.008777378960803797,0.0030652002369871336,0.007206386249720663,0.0
0.113440764064444,-0.08899414080490663,-0.6600115213083685,-0.08957621381297347,0.1610321025848897,0.17440212859315735,-0.1219421727426723,0.22028802474783474,0.0110835295135399,0.4255611252195537,0.4297628345579392,0.4034172843648087,-0.12869557372097853,-0.162098670176636,-0.0674028966989027,-0.12231690454805655,-0.0029421288892030324,0.12525534734554541,-0.10463298503300811,-0.09924809456530802,-0.013421189015430358,-0.049996839969694735,-0.2645986126526101,-0.22678110436925417,-0.07319922371688452,0.14235647617122055,-0.0837687281916406,0.19771540243603747,-0.0028746532040118144,-0.03614984347449466,-0.06754078893880659,-0.26814292099734827,0.19619799818352027,-0.250281293770784,-0.05269264981831284,-0.009814068918846139,-0.06251019293553797,-0.009133113464198567,0.005121915899022854,0.0484310315753504,-0.015776660714297834,-0.027700979722997576,-0.04230738712875768,-0.04318057123016689,0.030088109062677684,0.015403502037921093,-0.018017157076524456,-0.0013483296327831606,0.020757622143511328,-0.003812403921883709,-0.00012311793142167073,0.0
0.137447118292763,-0.3066738844492745,0.18918440883747414,1.125053806449199,0.1993103167632592,0.026542315684407826,-0.46543729018881064,0.22024513305034485,-0.008736446151654417,0.14897534373983543,-0.07150325825891177,0.05323184753593781,0.0261642439535048,-0.0730115572548118,-0.09032461410842066,-0.18274293859620455,-0.012452653302255468,0.3621809405128133,-0.4084277537085628,-0.37803711027644604,-0.014163849302145788,0.01578633846383472,0.3654534295022858,0.19618100008838218,0.133892048665462,-0.17690221541102574,-0.05889786446313093,-0.16121880538297212,-0.02189180164238173,0.05427818786664788,0.012445342589873553,0.05339395899786342,-0.017784052599859854,-0.09035790738172454,-0.05858178766035059,-0.016385854667862385,0.02460436778780983,-0.04588730906877412,-0.003318244892107244,-0.09992039259126059,0.022609835214642972,0.01056366724067016,-0.03483295244119552,0.006131975165187158,0.003477021928270561,-0.011815840567502404,0.019309110447109916,0.0026194014577122847,-0.01876433858576242,0.004892598859525518,0.004351382656854058,0.0
0.175701572519407,0.370246240936676,0.1272892402886711,0.08702072447818823,0.06933829014237251,0.17869162222038476,-0.07559526293318472,0.06096499434332019,0.014192688728196429,0.16189572672938723,0.029005135238938193,-0.1827550993842451,-0.05596146056923449,0.055705028291584344,0.03736048121826224,0.01812553015412588,0.0028219478912383813,-0.0963797724783932,-0.07500349061937996,-0.0012766705700583963,0.0222630630174521,-0.13438890073672258,0.05450294899287288,-0.0517188811123104,0.05333433260628151,-0.046365767507512035,0.06329269127217826,-0.004474580180595094,0.01135816055164835,0.025610358234086434,0.004172565763432208,-0.10666993935688467,0.0015225533339768733,-0.08928111445486496,0.004033293282819176,-0.04633696831351214,0.07847416202068416,0.10841643042587037,-0.003674410819352712,0.04761260331926651,0.0794824479582683,0.0685462525580841,-0.08742386628064226,0.018305035986231406,0.03286725153324627,-0.03342496575453251,0.06887843147341031,0.01178129548174585,0.027732468171928856,-0.06591623059148519,0.019359122665121343,0.0
0.188459931666573,-0.3054073644152057,0.40759581390822974,0.7372817436316529,1.0658253030239766,-0.38367484627619236,-0.44020465274126197,0.6092875287391555,-0.003504279145960728,0.9245229711035995,0.1361834877878848,-0.4864910001016431,-0.02272539749675417,0.07523645690557822,0.2217562312862972,0.027607884922793185,-0.00012403349925870847,-0.20605137900120254,0.1972833456152034,0.07421715751747827,-0.03525350496044539,0.00800026612941092,0.0017239936608437314,-0.02168787952775045,0.014679656817853418,0.05493248436931691,-0.028251096188718548,0.020783387894927677,0.01192998587018776,-0.013774348066269957,0.010863437323353278,0.023354782945157592,-0.03223985447106641,0.019301856400528963,-0.033570827222277895,-0.01474944165232195,0.024147800648730695,-0.04117171980935772,-0.003265953467881666,0.06252294874776934,-0.053145814583935275,-0.04139029139000452,0.03476396990827917,0.018991623381477404,-0.016357666219268607,-0.000760344620882425,-0.0010359625745859575,7.4624782044998e-05,-0.03169861088009264,0.008242451225995552,0.00019276431589116655,0.0
0.211014437875058,1.7380446341941322,0.11648894934594485,0.03523885879516696,0.002779517728437985,0.09728699706236903,-0.01917542874957336,0.02009139230845168,0.0353205775671881,0.07278947353106437,0.008658797127386299,-0.09585162007057145,-0.0350996246917462,0.03711530357003737,0.023950841992640796,0.010539783698394619,0.004807075052512789,-0.0518194156597786,-0.0424366756722677,-0.004764292802281094,0.10129465419589759,-0.06788986113028955,0.020917262934524977,-0.02762295968136759,0.024048723586893663,-0.023987497439681704,0.03137818267091944,-0.0024885229076140195,-0.013540179319141145,0.010043304408393653,0.02104695017338136,-0.056154505477343686,0.002307474411295673,-0.04104653592922684,0.003548774382426338,-0.022881921611904034,0.04107953090756162,0.05755227835424826,0.032131270088358276,0.023965709175502656,0.0949292743803327,-0.014856852395546601,-0.040320710863374645,-0.006755041976717988,-0.03412192262214615,-0.02183003756637854,0.004705726516075749,-0.016554856758257266,0.058196272411758475,0.11060834136199119,-0.013486529444285508,0.0
0.29193173530297,-0.23947556323426847,0.19853705389634768,-0.3855302333932982,0.6721777827529382,-0.11229204264339404,-0.45750774726994414,0.18413390608991714,-0.006361120436480318,0.20125941209757062,-0.2241153159752769,-0.3046077821734807,0.454927246423243,-0.005035264140792714,-0.20614565208767455,-0.08192119283435077,0.025945560754535225,-0.4373602718099628,0.049750651418813914,0.028341971121532278,-0.01585769015730252,-0.11798582872936075,-0.17699638341574742,-0.02024059367559011,0.3461676325805722,0.09026176221985376,-0.1173642407457242,0.05462137632629472,-0.0013492764844825098,0.0021642016654213367,0.01766028048653682,0.11807114584722778,-0.07147901404234192,-0.1702742796039349,0.07450235217834243,-0.00562928201643208,0.06009712356173029,0.09151741381161645,-0.006144167724889457,-0.04455910402639873,0.06308273860589168,0.05322558637663286,-0.07273765284713499,-0.04518191550458675,0.031877566677116546,-0.029697258691327645,0.04990557454895962,0.006280385955801594,0.03158705296539062,-0.016386117958755685,0.0042258698814483416,0.0
0.321331506043033,2.842051145864997,0.06804477947278612,0.005928805862866201,0.01012743760078692,0.017371758391569122,-0.026035872372434384,0.029152000289017595,0.8463087545001049,0.0007449819705097295,0.0006982685746904253,-0.021705632457569637,-0.004541856685099312,0.0017213817526205036,0.0022970329554571653,0.00634133230676446,0.8487471981514645,0.02737265676494387,-0.006967255146388706,-0.02553593356512543,0.2583209877680036,0.025460268727386284,-0.01908282177516513,0.002703972542726098,-0.0006595149539629484,0.0005643740659487813,0.023302487320228556,0.037888539437142994,-0.28139820050310255,-0.01268233289163339,0.24792556992572298,-0.03874069861382555,0.0003675485712615675,-0.004095616009342926,-0.00016813961495928492,-0.002099732394260635,0.007199059491490162,0.009821597654880828,0.03380659798135393,0.0004555709012240879,0.04202634990699692,-0.03197249766454697,0.0020518736923047292,-0.0026439952887722202,-0.007754204128922146,0.004256341019777893,0.003251186572019334,0.01933701258880175,0.012548426661037606,0.020454359152517594,-0.0012532252947592818,0.0
0.352163255010744,-0.34040691951018365,0.23420906180904946,-0.3277772934975301,0.70787169601535,-0.13737421085813073,-0.28432458348287337,0.012609507576090334,-0.010708238253543665,-0.05144164629907532,-0.401322678061257,-0.3406704343989738,0.39343379638908055,-0.0029746021792866196,-0.16931518275843085,-0.0068852080028059875,0.010518607008383628,-0.16293002400815548,-0.07118579375354689,-0.07220139628824403,-0.030044685102409156,-0.05797009604501118,-0.11646866948284576,-0.04005063225716288,-0.21291726084355433,-0.014318865394824826,0.0696714338727497,0.07355038093233936,0.013611998594445125,-0.09735628931514266,-0.02724634973197291,-0.13655475535436667,-0.031574730069751235,0.04604548344438718,-0.12242523320181217,0.14879080501546188,0.08879530215939864,0.10923991959291043,-0.01720168427886606,0.060512799699262265,-0.06064469359992377,-0.04150282257983215,0.054515341662744576,0.012283428170825932,-0.029537296859871387,-0.018269879251016512,0.018094074235289304,9.460794325767756e-05,-0.007484568836617904,0.003039438646033098,-0.011964466585855548,0.0
0.359107591030253,-0.9913342871840725,0.059169917025064044,-0.45578510326855504,0.5829277165795235,-0.09138199936220967,-0.2911327153962955,0.11625839357508494,-0.02378816066928253,-0.33037126667575206,-0.20805712080358188,-0.09503580481630437,0.31106676187894694,-0.35232727978127804,-0.15020557759133327,-0.10712466067084568,-0.025279114637192873,0.5148986166313988,-0.2469923720991623,0.14785346918345676,-0.0004493211975164582,0.1904861282279088,0.11233307965245158,-0.08026435088535881,-0.3238629397491761,-0.04125215594662496,-0.14291227125975328,0.033281360660822865,-0.02288317033849468,0.006743626270346446,-0.038949596614722,-0.14931072445634108,0.003489553092442695,0.14203703442899354,-0.024863654544195077,-0.13140212411507518,0.007979963930943164,-0.045087829228621645,-0.001443661622543552,-0.003369222764091021,-0.017740641799436286,0.005825275829724028,0.09124282084860061,0.03817722096219675,-0.03158055751040833,0.025807956642675607,-0.045435054498857944,-0.006829134521784043,0.03676627096138779,-0.003381685981339492,0.007586690900376224,0.0
0.359681342589083,-0.31013592783832494,0.06457366510403605,0.2564158671597082,0.5992034686681971,-0.04813951600266202,0.20650761723393007,-0.10070159430449549,-0.005271488233091916,-0.2416762225021272,-0.1751062158091274,-0.31236392196090096,0.09507201865588173,0.07453164360093778,-0.05128589957274619,0.25942697065565645,-0.008497288930695566,0.17364044160461445,-0.2867969358164164,0.034060958217329136,-0.005043239057964631,-0.16522945649650225,-0.1567359154872109,0.17157726734410572,-0.09852412566696252,-0.02260456854725396,0.19191271232812962,0.07974827173997412,0.028107452127760894,0.16891927225986011,0.022286202803685543,0.08168705692270094,-0.04625478278888069,-0.09152902325295163,0.10852726791664419,-0.14708586817092206,-0.08726116451186383,-0.012461822722418898,0.013869957691514905,0.09036005948984573,0.06603341758328256,0.09335533676582601,0.009589797079900517,0.026992351868630398,0.02180716671730998,0.03362976654619742,-0.03507857444397085,0.0004848616913923389,-0.03727561087590936,0.0036115683145175985,-0.010659123158729172,0.0
0.387224537220685,2.812353405716629,0.0865798600393455,0.0035768753040666375,-0.013184066834307444,0.030677493686412097,-0.005745438100666122,0.011456752134085826,0.33573768734267095,0.01646902059411731,0.001402369371515197,-0.035390661021112185,-0.011714711557705494,0.00965442432081627,0.005388771939667728,0.002958959473698872,-0.2671310463398224,-0.061829341456755,-0.04914550914189992,-0.050906210515402825,0.5852505176884439,0.01773696331753378,-0.033308356978924245,-0.007434268808431043,0.0008927990517313034,-0.008336831776965,0.03331628955554847,0.028235585073412173,-0.2751837288687191,-0.00675449164177093,-0.36680152403738653,0.0813445495365475,0.002341573992560489,0.024280578346020806,0.002863600649835481,0.00861660910672089,-0.021818522534343965,-0.029023785826121248,-0.08340485780770454,-0.0013994992027489407,-0.12374081486256416,0.10363860663048734,-0.025357424338706,-0.004276086704775229,-0.009484019729662565,-0.024503712520240174,-0.018141525297763902,-0.012769677876035918,-0.009880319772806886,-0.016689996877251628,0.0010506567426823243,0.0
0.388651758449078,2.9335757109108527,0.08051642967720207,-0.006123558608660549,-0.026752395169757647,0.009630258546477805,0.011369020153644598,-0.0029684507310916157,0.30556026587230517,-0.018795047480617007,-0.009085045101543192,0.004522370818999227,-0.005624566427024804,0.009455216253215692,0.00424049128355675,-0.004277092136053713,-0.7726069190670991,-0.01826418816181884,0.01652185057954864,0.05395580216896037,-0.5969130445628323,-0.06947863467410119,0.053982316022371135,-0.013785055481027509,0.024752618585051525,-0.014594718175660647,0.04773218298147328,0.03739430838584512,-0.26418294064763176,0.0018966654255617263,-0.23640308192524295,0.041566996791578555,-0.0027987899497819995,-0.0064019374145660845,-0.0030054147802350954,-0.00300158028057034,0.013451830722097578,0.017819986472847688,0.05905225480533045,0.0003227851770333054,0.09015164209162527,-0.0768141092957841,0.018563549397666454,0.0004609843133703552,-0.0012818771121507605,0.024676693653626992,0.012534240886127288,-0.01384739429504731,-0.007348088214755989,-0.012870851035887951,0.0008431069039143275,0.0
0.420748324349751,-0.9176428795607688,-0.019410849206017128,-0.03760606002113433,0.44424275895947724,-0.12270205220265955,-0.08045137943511817,0.01124247888146897,-0.018778025844587508,-0.4134994401138423,0.0500704372112458,-0.034029209538914126,-0.2517129869415752,-0.4348225486924648,0.1595017555530407,0.1216939736037301,-0.023112329075386424,0.3923832726275878,0.07712974484105868,0.7543373477168691,0.11418739199494764,-0.021980109072865774,0.1620163141779207,-0.05527647036470696,0.06649696465574204,-0.18123580312119075,-0.16653784535614172,-0.057047356567138156,-0.034402193400615996,0.10110121186035233,-0.01090361641987014,-0.021991992839469506,-0.05327437126391468,-0.1664174101703226,-0.015518708946274572,-0.08703941628389118,0.034018884063057614,0.0787343483120518,-0.011458394616217232,-0.001908687963166442,0.005190071046830442,0.013745238184534,-0.012405677064930568,-0.032861002330127,0.020835008346934684,-0.0033501499456773495,0.009928884609883035,0.002422003760303493,-0.0024295230275231195,-0.004216257723907838,-0.005680228312363857,0.0
0.437709928746239,-1.0058472534458214,0.6508609331003491,0.3060470188122478,0.5813478361996056,-0.03397978388829849,-0.21146476176349752,-0.8012561073477253,-0.001687892803395518,-0.20223456314087038,-0.44097554089987767,0.29480157104302007,-0.1403066768087664,0.13969974954973519,-0.27023696449207923,0.2990403821680079,0.01751326043356147,-0.380134348040856,0.23369162157855525,-0.03854552058471525,-0.02763912364559305,0.1684517671255517,-0.12161469955161229,0.15585113672180975,-0.24497204989769633,-0.22097155466105034,0.09000561455415368,-0.07284138209039569,-0.00880263422750499,0.05744720668244841,0.00041963602388425686,0.01112889635433112,0.03315727274931125,0.04392671235642888,-0.08097047703057673,0.06675689848596136,-0.025130824641296134,0.03946630466184186,0.0034679771350345206,-0.023207763554346096,0.025723852381921614,0.012303079473498115,-0.04428295120564122,-0.035282518376280436,0.026486896055416972,0.00792202983539165,-0.0074036797949510865,-0.00021905007496022155,0.014669862968276059,-0.004820141372294295,-0.0037642403593101652,0.0
0.440163796884805,-0.3261687046754651,0.21837823004244647,-0.21838064505558058,0.3307194247564458,-0.0018146705139518975,0.06275769407295573,0.012657280798080369,-0.0004451547623021581,-0.10077774813495603,0.08345418064625645,-0.04214556063975962,-0.08032552963420403,-0.10326118114500105,0.13616989607067187,0.13696826607881477,0.0007336970622060583,-0.13440895109918016,0.17154391105758576,0.05767012885371618,0.0039260421519967835,0.046049380012595426,0.19125238951254683,0.08687405012779283,-0.10600016585695302,0.08839549662231114,-0.13671519148877725,-0.05992321222441294,-0.013679041975245856,-0.04987264797376452,0.026613355675274116,0.1086918881888684,-0.06538385240887121,0.23165229377922678,-0.05128179275685071,-0.12791452003196008,0.04146985183548868,-0.09574297202300143,0.01934319122121461,0.03959889808135834,0.056457509982681876,0.045141518870265615,-0.06648935197422905,-0.07085324875419316,0.07936921162131695,0.0802527321851408,-0.0996733275414768,-0.007590938561897358,0.050392614452884094,0.0001774869488623821,0.03388795228999682,0.0
0.449688614212724,-1.5841279002611413,1.7677886676337526,0.023611349705090125,0.20016494097547716,1.0911930970831176,0.08619807367261946,-0.647559117215709,0.01783192233166963,0.2314302665916943,-0.2786910963562067,0.11137507264215636,-0.05050570091003474,-0.28103771632861857,0.17457083536145615,-0.21089197262284964,0.017665961139818092,-0.23966228250061278,0.03495748350784879,0.024536566589678982,0.024732321793544735,-0.09001547625599374,0.2345461368489355,0.11564988511425474,0.06060090337299268,-0.04899099651091728,0.08807814067056349,0.2640936414936378,0.04037395089267137,-0.04296491516376188,-0.0485552972734805,-0.2539652664801121,-0.04560745815590543,0.0777835686312502,-0.013399472282053891,-0.07864223963304542,-0.07307855074555429,0.022703530433601144,0.004791115290269439,0.017034023805968915,0.020635418204694052,0.019556881705513743,-0.01791952157887691,0.022773915830966055,-0.001693272017411606,-0.0054199556809605065,0.010253100474887191,0.001627014080703232,-0.0035782276718746412,0.000579730402406895,0.004445586236151276,0.0
0.450025487950132,-0.37470606154157743,0.5958285329438007,-0.11255083387370236,-0.02631690415227744,0.04075884056113087,-0.25331060530751837,0.009954203623536946,-0.006300346742990468,-0.12654974634534644,-0.17755749526135176,0.016533848341254036,-0.07480419970482897,0.05380129065071134,0.14309000716151604,-0.0023517798808537975,0.00518082209706045,-0.0873460180532709,-0.1247885728069147,-2.4173308914912053e-05,0.007745292188507477,-0.11479984712673443,0.2286744575982179,0.06259356485684221,0.009411877044312745,0.08246110353268855,-0.05613027988608873,-0.03675723415845494,-0.006215281277897122,0.14061332043568087,-0.007881124042627086,-0.11364519956943099,0.04707905256275773,-0.047614819879640204,0.1253031033298336,-0.07064244258050989,-0.14724854705669313,-0.1500029337305609,0.014625667515902382,0.03131724041045989,-0.04311369209887186,-0.050967304128485255,0.051534873474042286,0.07090532705852073,-0.0608800619019206,-0.03535850037333104,0.03897893322720209,0.0016039875518176257,-0.02100401157371989,0.0005696115307741146,-0.013015674360760383,0.0
0.451402088647877,-1.3635551425011545,1.515981179085145,-0.1291962596859349,0.24468193140652314,0.7741059117063623,0.06688411793518738,-0.42144283847388414,0.010042252626312377,0.18131403191432158,-0.004936688607795661,0.08680816955628501,-0.24900645134827615,0.2608424510708904,0.21501523640816228,-0.12129224002746905,-0.0059810881126791445,0.08497445853826356,-0.020514025163461583,-0.04656095919095218,-0.006333425853670142,-0.058198958970757844,-0.10295256388220478,-0.2355586817299842,-0.11406298845165679,-0.08414861152689775,-0.06449101240084099,-0.3562770745920562,-0.04725752775228863,-0.0003929617225099699,0.049329423871383095,0.2676881168569521,0.11061597937232422,-0.17868356081033596,-0.012106310092681594,0.023851894861153293,0.08839335644262873,0.07079722824193337,-0.01871635020565811,-0.043396779085823324,0.005819628826395118,0.04561092834221135,0.10223404239784255,0.002572700856541405,-0.01964106825350551,0.007495890044612785,-0.01639860631311151,-0.0028768222497281425,0.0270609955520241,-0.0077606732878549595,-0.005982501697281598,0.0
0.452679007574816,-0.3852958132682203,0.19680415469110163,-0.24954919387067637,0.0653697637357354,-0.15270196176575068,0.1719875163685273,-0.18415240377248654,0.005364244564168844,-0.21096152261801102,0.04024239856463919,0.18858634647528053,0.025101798717759187,0.16284490541688534,0.012772577411570809,-0.09717227958119071,-0.001196380495796869,0.005137405787443437,0.00662201850428914,0.09888752334106478,0.0034915038298894362,0.2740482713107686,-0.06648779567523158,0.14564486208695712,0.03353574139961348,-0.03773777875432703,-0.0010566295751469204,0.19214352949559785,0.01019511674553802,0.11376714005485136,-0.008783376675502035,-0.008934333253862599,0.013915842095907285,-0.022750867753943565,-0.06378838105791204,-0.08535211316496348,0.2791493408027473,-0.009598285297971682,-0.01057098210015315,0.09657105103199344,-0.0035020507653935897,0.024419520250421975,0.03915070148508292,0.028762256484188287,-0.022259788964379683,-0.025142794058951035,0.034328787587159765,0.0035197027125676954,-0.01496979904022794,-0.0007095013674619537,-0.0053472054699837705,0.0
0.453375419463321,-1.1067781445371028,0.6829006725751576,-0.13116189842392376,0.41455902960779467,0.29475066608135914,0.29098057214623724,-0.7709612959823539,0.028570539218522466,0.24576073500093656,0.35999469367468606,0.07729916735421528,0.02280429851342768,0.05671416741464103,-0.29026354013698646,0.48607997976521716,-0.025884947971447272,0.3717958465812201,-0.04124031039996607,-0.13543539809954966,-0.01995044383343745,0.042871091929085475,-0.14152273815262253,0.13429949216391143,0.22484630762046592,0.26504320182016583,-0.09455497729173518,-0.05708409279680687,-0.018897170345960976,0.05739512498079352,-0.008829421182323376,-0.04543512431950896,0.0983908554296946,0.08080352412869216,0.20555270954650032,0.00034205817004949587,0.016585714708359477,-0.06871870796351551,0.004260345663368004,-0.0006197935898919388,-0.03075300671732388,-0.05037268942768979,-0.02442459234950446,-0.02616320139050884,0.0060647478983835235,-0.0055286376620606965,0.006541084595953518,0.00035370086697244656,-0.016483325957042588,0.005218166056827647,-0.0009658623854372434,0.0
0.45608622308921,-0.8382947953935647,0.047788874358995675,-0.13164258849048363,0.24589589177883814,-0.018850118513435057,0.07067522369374031,-0.017209729352018664,-0.007200103521873822,-0.2640928339877071,0.05461183341908888,-0.02862910016347053,-0.05948468436563197,0.08018664656955161,0.3308335553358566,-0.02306148135958454,-0.011576590969892159,0.08992562758469334,0.10592439928100292,-0.16596935304639382,-0.021378316848198634,0.31141413910618077,0.12682280400770463,0.09818817571772816,-0.142193348954766,0.31577393524313824,-0.06114292840005735,0.44036770075268267,0.045397589532802096,-0.01443650569617004,0.04774044845225437,0.3211556431631791,-0.19798236142184372,-0.1744709391141157,0.10004526609984625,-0.07509268777483485,-0.1275322466373192,0.027557272878515476,-0.0021920548110039378,-0.16737216278016917,0.007512439067945759,-0.037698905830778805,-0.10605264628131233,-0.0499873188046201,0.03302004669518149,-0.008413893976382853,0.016094635108906734,0.0023796419825160716,-0.020011645965989984,0.0018167351701140041,-0.018541075611540277,0.0
0.462730269483455,-1.1867725686819262,1.1261435994061824,-0.2810372727043837,-0.4134234856805595,0.031200352389251708,0.09546994711464209,0.2920516151206627,-0.002741748317083316,0.00530763829769303,-0.3496532653303462,-0.5023457217067789,-0.4995448035775472,-0.23073317226943643,-0.044794760288214205,-0.2735039342783179,-0.01923982656096399,0.2756998409230737,0.2418680438172635,-0.29315274104846467,-0.004007146163474927,-0.09854170881547165,-0.2812088633683416,-0.13958575920003882,0.05065635671817383,-0.17317215424779442,0.22600476126410143,-0.05468792918819548,0.01542188386385895,0.11552425725058198,0.011148688166141474,0.012448760929509483,-0.11573708010258679,-0.04495917808711647,-0.0260983302301818,-0.03388071044561279,-0.007037112994046433,0.011865528833279664,-0.004700270903824622,-0.012431044345611167,-0.011559046442969874,-0.012283553831566619,-0.010254033155732317,0.0022765712785150012,0.006961243718046877,0.009333187396645246,-0.01066980671938092,-0.0003971214065273835,-0.002410294904649702,0.0009750824850271748,0.003890675893226084,0.0
0.470708590529088,-1.2667344952771218,1.1040984459238117,-0.06076711098680231,-0.20990082856874356,-0.3005844643914378,0.2414981420530691,1.2473480276632178,-0.035431128161131156,-0.2960053749692716,-0.3061315184842527,0.2775344524689152,-0.1794697668165437,0.3389964184728931,-0.3260736573851537,0.3265699345033311,0.0026347457589098724,-0.01602972368687254,0.044356882028341316,-0.03132140966867145,0.022006931777848595,0.056006370310422514,0.1467219742624157,0.027914824727400714,-0.0248900283540456,-0.022015496477922197,0.0312350699344776,0.0067561696522632836,-0.0033843246824566417,-0.10178445684405582,-0.028019342431873828,-0.09529309934747389,0.0307798752959874,-0.014739107086025879,0.1817800237862295,-0.0622681138514345,0.01523271181697909,0.10098245456540149,-0.013948640235595021,-0.03147258987660477,-0.012016725911997057,-0.0025955684069674683,0.018002747149086142,-0.04133828545787249,0.015989350102664508,0.014235712170319983,-0.019923536729672647,-0.0020377586855807204,0.017143383264733757,-0.0051205689131267875,-0.007743107365568654,0.0
0.47167714332029,-0.9299790027194945,0.07280383886434458,-0.19670840699415404,0.3199458210381127,-0.008299965422688401,0.004150673823187779,0.2087701015344852,-0.020116907744886815,-0.39046302614274137,-0.12815860486473146,-0.2305926127302339,-0.09357641056116352,-0.15178307341130196,0.30305209411774253,-0.17254488220325992,-0.019274353389694004,0.23864983717810195,0.12359999719675374,-0.4545169202701903,-0.05599175037024705,0.1348764280997155,-0.11518481767406367,-0.0804831283645723,-0.2756084424779209,0.20774741436829103,0.21638510098348723,0.09839218380413856,0.03300651371802089,-0.05607276104927821,-0.00018213178779659308,-0.013917483806866943,0.06445654532341077,0.14211504796345387,0.022945425343561934,0.1559389758417631,0.04994087772412455,-0.020640546927833462,0.011728313190142135,0.11602984067223776,7.294294489138455e-06,-0.002235486943010038,-0.01064948620011172,0.014992162537131738,-0.010050403410810808,-0.019078304398075275,0.026169080369477266,0.0022953824577763428,0.013434825851071424,-0.006189206258355537,0.0047773745075183425,0.0
0.527471619719246,4.152093164954561,0.06089382475572115,-0.03554155148215829,-0.04204407109598045,-0.042179615459683545,0.01109141340405805,0.007970235626096469,1.345672237959211,-0.07769136165217737,-0.019482691190419888,0.03832371782278959,0.005768990397563096,-0.005870248568974782,-0.006002002504901593,-0.004877719772603703,-0.4517553157984086,-0.022664155447131965,-0.009062331737555706,-0.02394674898312254,0.28103855916226234,0.04094687837303766,-0.029936468999568977,0.010864203184190796,-0.017777517217681456,0.011739274189152276,-0.03898248445718867,-0.03161974401243663,0.2360437625908871,0.0009929930614143384,0.14824600534200721,-0.026481295111882033,0.0006416137328019164,-3.850039920192664e-06,0.00045064096366808016,0.00011136519350807514,1.1699979065707374e-05,0.00013149005152723306,0.004571030076510611,-0.00019945441885601907,-0.003218064649009562,0.006083838568384078,-0.008264086287705426,-0.006087463061213813,-0.016595146136070184,0.002300404269235814,0.0005180300224415134,-0.004293426380490501,0.0046120831638213605,0.006552678432403815,-0.00034184285551499427,0.0
0.536512957449926,-0.8667462518863205,0.426972612624781,-0.16338668317166438,0.1353563676254938,-0.18942643437551565,-0.18087700949979538,0.20110438856660612,-0.01357230056825944,-0.05744942802319431,-0.005989725326563997,-0.021372973359984733,0.03182001344740543,0.21059350174951857,0.011214248919729773,0.019563361529721646,-0.007047026299876938,0.0049402403624468965,-0.012211075297580812,0.1523386120474367,-0.04321646388555977,0.018709812074397918,-0.2800327348123342,-0.05520274112123505,-0.12731528495043687,0.14169957825155066,-0.09454182095508945,-0.18198186217700554,-0.026803558737770596,0.17034763243268838,0.04142168284967619,0.16889479303512617,0.049547162833854005,-0.014496219873165133,-0.09126033420248089,0.04823624460062229,-0.18252009413638412,0.01595710294635484,-0.002598252091780426,-0.022982705906839714,-0.05810061373799173,-0.058679583725328575,0.012863758339128872,-0.01076595293316385,0.01012896560316861,0.03284389988488232,-0.04508461626587055,-0.0033925170706463354,-0.035917895890810146,0.015920016076493303,0.011980998174888192,0.0
0.540999949491896,-1.0504340181342982,0.0920371597375183,-0.0025552411269738383,0.4124531542790598,-0.19931468645815373,0.5855701951644982,0.5322753757408596,-0.023286986157942214,-0.5224529143466653,0.0687546581936188,0.3365945007972331,-0.05056412701484061,0.15491150795634984,0.3205103326338561,-0.00906239135706517,0.015210698113851727,-0.18005375650565045,-0.0666097624354343,-0.15813936670551332,-0.00605898992544967,-0.1787004736266094,-0.15693330490081758,0.23361061402572691,0.04653341838522327,0.1297452290428484,0.1316241281303963,-0.27292222244109127,-0.033975765384466027,0.021046038086012672,-0.04063552817839535,-0.2107649160265663,0.08545022038055808,0.02256650838651555,0.003101625574626404,-0.02029903785145967,0.06679165170940606,-0.17620098953550656,0.022273748364107563,-0.007610918103758133,0.05481037247154495,0.01927998854546726,-0.07712440224159954,-0.023869284491931052,0.01145996244173218,-0.03334141926205236,0.04846737703084825,0.004461666802975752,0.0006340038116886387,-0.0023110901568429132,-2.153385173954595e-05,0.0
0.541269050941392,-0.8723892250405557,0.11485686576059163,-0.509609741631232,0.4384486165688648,-0.15228968185045053,-0.23481807531229199,0.18177426081116865,-0.018493708503503185,-0.2430712289636561,-0.017943877222838824,0.16402620797131592,0.14951704056767015,-0.414769933425619,0.022590627943807246,-0.2588972225269143,0.0011961138326871382,0.009333368641824323,0.12494581334684957,-0.00020372707980309662,0.0024853004505265308,0.010063409602308209,0.04662805388420796,-0.049168969600739465,0.24938280131170257,-0.09536279209023708,-0.0756955680840339,-0.14383049759893554,-0.012380355177631495,-0.12429937531973563,0.007920115923771889,0.04105175369487778,0.3110594778669285,0.13475952060761198,0.09390195877770321,0.14054665074787115,0.016767665138611245,-0.015853472089784704,0.010783692292205225,-0.06752600872104429,0.08150135702681645,0.059163110032712574,-0.0970227764053694,0.00014429872000719181,0.0333019161806306,-0.001288797201290007,0.014221267149754045,0.004867241325532779,-0.05904982243850682,0.010567418219338875,-0.01237567567698944,0.0
0.551418591570473,-1.240388417344023,0.14844450614839616,0.38342403745404613,0.31112951193221117,-0.3895179580169497,1.0674934382384236,0.12737793388729476,0.011548336406693227,0.0002732872503004522,0.14938337697368556,0.26527529632400476,0.45275207756838487,0.12200623300423248,0.07613946087794106,-0.4202306330931811,0.013017837109349274,-0.05359599579716764,-0.27961784033649256,0.10920114647342069,-0.013902680276269242,-0.07727834355957118,-0.36414034570660514,-0.028543666855636186,0.055744258699682234,-0.18960994613416143,-0.05326317834580207,0.11694103213284206,0.002556617606566794,0.23562153282803328,0.003101191180077742,0.0024276725268597785,-0.1381692708235262,0.05040980412221976,-0.13112452233321864,0.01544095465952159,-0.0653401803090948,0.09044371369824944,-0.006839109685044889,-0.04373513119630112,0.008250415268700398,0.013607397445249407,-0.006939986410011172,0.01370991532283878,0.010399190081906977,0.024828285307908638,-0.030956560457782962,-0.0018829639647829114,-0.014734190831071834,0.009343481225690247,0.01253198474703098,0.0
0.55346785118836,-0.8577261019333577,0.4002301305014874,-0.061088194645668746,-0.04267897376669701,-0.5740871773228112,-0.29088868641229554,-0.1621173858353723,-0.0016585223607164417,-0.0349760642358589,0.07041451942293568,0.3213182026733726,-0.4523460416793211,-0.47095612856822766,-0.046045779888828305,-0.1173772326987412,0.00813727119569936,-0.10678141991233993,0.08327787965574149,0.05795242823712827,0.002651559154263799,-0.06917769148034174,-0.11001884170676017,-0.023136460259816406,-0.046306350245268114,-0.3276340221576231,0.003982561242251626,0.04751336697871312,0.015093241731244373,-0.00861705468388047,0.028546216519708203,0.13840802820779305,0.04288739496082681,-0.029281164447519797,0.06268872728084482,0.022133855763176266,-0.011835723599748053,-0.01313426833149462,0.005509762625518249,0.07153406598589714,-0.03486335916049117,-0.04996855087242875,-0.05477907976101437,-0.030584529199850087,0.0323109120696995,0.02435309824769333,-0.028380379304051847,-0.001353687184522474,-0.0032725812178372015,-0.0007020793726421885,-0.010534172729010971,0.0
0.55387852468264,-0.9406359765075996,0.42793906644606805,0.010799935004333426,0.18083466830144287,-0.19014687233465621,0.6138747550017588,0.06190428823855754,0.01627918644712651,0.33217886250197426,0.12134866581506797,-0.003817563428685472,-0.08340160698503565,-0.1392187372217869,0.28718357380359744,-0.21393238744492876,-0.0032083567967656846,-0.06683263188606187,0.3544456621909325,-0.22507855535449373,-0.00821999874618116,-0.051736394427541785,0.15446024555039056,0.07343307321175857,-0.08008954765840887,-0.020118881842286288,-0.1678902584790775,0.03115720062143198,-0.008658338513550034,-0.07428547780188319,-0.010323914987582946,-0.027226966228969873,0.23843410383654398,-0.030204801518732668,0.20072597886501595,-0.11435731480306245,0.005578596210847156,0.09242176664138908,-0.03020023137471208,-0.079161804559305,-0.07898784414509138,-0.0492686101262195,0.12420490324405731,0.004824598107375049,-0.04735191278830556,-0.017497423728015937,0.010580427533292056,-0.0019928909575077755,0.011997622465256682,-0.0011532404644343881,0.001328632517502558,0.0
0.555116611760192,-0.8148600877211167,-0.05559568937007403,-0.26378553844242114,0.2585047001577963,-0.2190718589753201,0.12693545690268382,-0.10234198254676288,0.0010849965994144553,-0.01844119392768457,0.16250814089015364,0.2710048489784238,-0.046230875345842054,-0.0477503170312174,-0.12432179969645343,-0.03534481464447795,-0.005963141097907484,0.13897191891903252,0.021240815004070924,-0.02586377996169257,0.021469821195664682,-0.3321784711945824,-0.03178927021406881,-0.15206311981938528,0.08532205157359711,0.1181208316269951,-0.032554389146335676,0.19586905705154029,0.03784403724596202,-0.13870919334797097,0.006983837630881525,-0.00835118452811317,-0.16715745161903567,-0.028791398023354797,-0.06315649435022846,0.12722648765054106,-0.03812525930261697,-0.11608643107603371,0.0054669788502177685,-0.07252831735772497,0.026445548825915703,0.03782201470226452,0.059728547142803734,0.06075361691940485,-0.037665758179730315,-0.004566765075493828,0.0007807832097995451,-0.0012786741620420465,0.033013991458136424,-0.012219025596492945,-0.004979314814097597,0.0
0.564606244871735,-1.125819465965224,0.44544396915883894,-0.40532088901128227,0.13953378406342856,0.39239303464629455,0.5935270154595677,0.35396270931800716,0.0107870197978597,0.38342156534122246,0.11764593367778198,0.4971135787533801,0.1953532784382222,0.11703278213609263,0.021579135088347558,-0.07624423582624908,0.018699143001045658,-0.2221948412652917,-0.2546996333767291,0.196511399810563,0.016277244866814002,-0.09703832268995849,0.3599618325118127,-0.011126994725106316,-0.18865690566289733,-0.10253384033705705,0.2891397844647156,-0.11831997544060928,0.033344850051882965,-0.13635414919366584,0.03796382302531508,0.13066353218698587,-0.08167666705898313,-0.10578286824428586,-0.05186985757007506,0.02106632909558736,-0.03400098736761997,-0.1115633400597023,0.005892867047266407,0.040249571943423115,-0.047848713660788134,-0.05318254554442525,0.0049070426053270414,-0.001104840373689775,-0.0025102052465226965,0.008145856663530276,-0.013073487696591932,-0.0015850411213807474,0.006562945428881654,-0.001233175641432897,0.0007758479900167045,0.0
0.575949590945403,-1.2408391088463642,1.483253971153026,-0.16850147247738134,-0.2512592470537535,0.3915383575938012,-0.04995470530544809,0.31427360968732376,-0.006295287762447551,-0.10218450611917976,0.3066491122527068,-0.21020586239570554,-0.1450871308850549,0.23904861827344923,-0.25812053759227516,0.1395103798057431,-0.003597855483156014,0.12347625602775826,-0.36937794430237664,0.22104935244560567,0.01103525239686769,0.052805024672254966,0.14643914588440593,0.019525096680599645,0.16361121743676485,0.1055149546216429,0.08362837249908409,0.07876737023568786,0.029586777367191657,-0.07930364337642672,0.02300047348830404,0.0963112923544814,0.009303070460506728,0.057324989425364084,-0.00919771297044162,0.18030397782688232,-0.031633787299032,0.0005591931797942984,0.018061215785537727,0.09006914252113762,0.01962080036753911,-0.0032101213343444382,-0.06873469437482947,-0.0015005240964445744,0.010492486577037748,-0.012536364454387383,0.02020748355974433,0.0019991957413815686,0.019793130267185776,-0.006682930813252072,0.0006593954747285221,0.0
0.582019976212569,-0.9970957756774488,0.6081048939203564,-0.12462727283250892,-0.23620270731702184,-0.607597051687652,-0.06393979760988092,0.20814370521085476,0.0007532313122169049,-0.1317756869004539,0.7191930484388767,-0.03888113809700264,-0.15744388140958568,-0.1971995264705694,-0.41028424493351634,0.3187968859763244,0.018394521554858177,-0.2844176656077675,-0.05031443417571777,-0.16852630489657966,-0.01759397760114629,0.024285105759379554,0.2966070234352447,0.00820211540982846,-0.16727565941293276,0.04914709708476574,-0.1552575382089934,0.10387878089565747,-0.010259421195569034,0.006664940667735497,-0.019433189976247912,-0.050576951994739515,0.03227883426554377,-0.026013818601386633,-0.11528214703425516,-0.04362830806957589,0.007187232094113845,0.16013038713837285,-0.013680658853097848,-0.0062465341289516885,0.04381465989582925,0.07949899741923312,0.05404791178525149,0.05436965586465562,-0.027719100964915883,-0.017401611656066407,0.02398775060779573,0.0025366022308768764,0.0030895194314797428,-0.003945934040174165,0.0001968274156591963,0.0
0.584430480880847,-1.30342805139706,1.3524274484374417,0.1642360208998708,-0.3583406558762555,0.24064089802877905,-0.3849648508091891,-0.23857801806161885,-0.004915052488811091,-0.43413481130694487,0.7427001786267716,-0.45979544566163316,0.24850375214377726,0.12426464205770446,0.10189671446822407,0.09474570776849305,-0.003189380984323102,0.08031681373712153,-0.0907405686893767,-0.11683822875546737,-0.0037134774470337353,-0.21021098819454875,-0.12728441107121197,-0.29151007094950687,0.14679164846304235,0.02461089399123088,-0.04827502415483708,-0.04957616549936105,-0.0046300578676188526,-0.010072219676579033,-0.00817401689656859,-0.07461433159758359,-0.05675620363535921,0.09934459017106473,-0.00034658173279222864,-0.06926714536712689,0.01828184336355908,-0.02542112649480046,0.0013830994881815105,-0.0035846060411438632,0.006157989331573856,0.0034482745822193624,-0.016520613986319686,-0.002982181002068819,0.011446396849134774,0.010267473491879035,-0.011167628811256382,-0.00019688726100908723,-0.01743876982135927,0.006825488667591164,0.002726391828365629,0.0
0.586765822437222,-0.9604630934675915,0.18379464722315894,0.4619589173604191,-0.05083316438974658,-0.3191493772324124,-0.05416085677075595,-0.287529199336275,-0.002729958289842696,-0.20754945278372575,-0.2501663841487545,0.18427127016778944,-0.1936603349790155,0.007949529505407772,-0.3573457378233134,-0.3008818466376942,0.014058611529842937,-0.23421615162215517,0.021728128766053643,0.11672710463180248,-0.036269544465299425,0.35665781021205906,-0.11735280183430236,-0.2678360262663394,0.010506501281938911,0.2017029386895327,-0.19867332282529046,-0.10439490132282402,-0.03341417800810939,-0.2983042002392053,-0.014926980311821962,-0.0007942478053024558,-0.15260628477281105,-0.13248308894089247,0.09160609896679622,-0.008304991321194674,-0.08549547995916477,-0.17305819671810801,0.0368272905995722,0.19213719797525447,-0.028434051265556575,-0.06255953461415764,-0.048785974061122,0.07546354528886744,-0.04189498913498852,-0.03540531421529519,0.04302886572606056,0.002012791238547164,0.00035226129137695515,0.0021139418930240855,0.00729199859085777,0.0
0.617047406540971,-1.068463662948141,0.696890222174582,-0.20298632430479177,-0.6082357152930854,-0.48201895632432656,-0.17630499269637925,-0.02710603257773699,0.00815519545606962,-0.08586849282462147,0.5055455186421408,-0.5311890540046479,0.05720420309684686,-0.15997717671073888,-0.0005400242724522685,-0.22286093625620812,0.00807995771700725,-0.1626951095457641,-0.09315336497675358,0.05060544507551571,-0.03596062600493528,0.1794443701363984,-0.04617848181875477,0.42365702410564215,-0.032461349710876525,-0.22801393558133348,0.1528434609011255,0.03717164236998765,0.023157536755330665,0.05910940065913494,0.02046772456463002,0.08542500141564377,0.012263582644894274,-0.09380311977683586,0.006277068133489372,0.09472072328263394,0.07947374463844367,-0.13929683018276706,-0.0014473761807717953,-0.027886516041509716,-0.05510097514792586,-0.06403119474692519,0.0329249695614881,-0.03023886504134417,-0.016552919791632627,-0.014476736696516149,0.010702954034585785,-0.0015063362736299738,0.009665926981319115,0.001955952644793782,0.009064711119379584,0.0
0.623406931075868,-0.38218602709500177,-0.14540931746006075,0.4987926996548197,-0.055634324350724296,0.08130338876363528,0.4460034093781314,-0.09720898653606733,0.00013488798610683268,-0.4523261008381876,-0.11376354355355447,-0.014426602236905376,0.016828010996945097,-0.004022829489284191,0.16149008499394152,-0.06727763538205966,-0.004298806368834672,0.10765401798559047,0.0017572118642597842,-0.033923172850814795,0.036609708635270195,-0.027403396582365177,0.12491537943629866,-0.17480260053228727,0.08711203810153105,0.02168248727881692,-0.04918573597391802,0.032791453802659715,0.008924979915189956,-0.18110136297915833,0.02969902900234365,0.14914032026359073,0.028424686705757814,-0.06533732371834083,-0.14436376315257626,0.01124340789699545,0.09397283709582846,0.024691558842631,-0.015207095378416493,-0.05261289232618546,-0.04812822053806283,-0.05588775744580249,0.01313845886048347,-0.030815790873231098,-0.0044787463172638806,-0.004872149337297604,0.00045523990245605294,-0.002136960488318383,0.027933503993729052,-0.000945428429441371,0.014768343624490693,0.0
0.630493923357263,-1.0056243158700788,0.5556565868504815,-0.03603325799764682,-0.5767875149966079,0.21578452767548637,0.013202941176332366,0.12749297263783854,0.011365950944848631,0.2707219055151371,0.09243131910817412,0.18233434359942238,0.16928680184888004,-0.12477367267491969,0.06469089177748874,0.037465670420753175,0.008127724679481285,-0.16836283262806304,-0.1779772358330218,0.024792474965646703,-0.06843496452379987,0.24437590064208856,-0.2703762637283194,-0.1318344139849045,-0.09649200368772677,-0.10145265559287031,-0.11096504447634936,-0.0007496268749390826,-0.018779457685302436,0.1022787090970961,-0.02474533583070707,-0.10838625685077011,-0.14492847671919032,-0.005167020457803959,0.20015116571701155,-0.1322292923303999,0.0413141426880847,0.037662125541551975,-0.00777212428552622,0.05996516790892988,-0.005466929222848314,0.022334728856472294,0.02698141248760043,0.015330833385624073,0.004746549561981642,0.01415355788957883,-0.01464487219512516,0.0006719203666900455,-0.02480164209758304,0.0023870200915188373,-0.011231973950747237,0.0
0.631887316538843,2.915433438208698,0.09435892816851418,-0.007667160634902384,-0.04066917492713265,0.018568993288229894,0.021349665864582403,-0.011225501238378144,0.01744626077646016,-0.0038261055004648287,-0.005998958783995038,-0.0107375383005784,-0.00963554026344242,0.01179868228667056,0.006540841584930945,0.0015104106857049605,-0.060719596257754166,-0.0072863371482988415,-0.005104708257679587,-0.0005233855833154381,0.04820970366293759,-0.005684515769467378,-0.0023947337274700035,-0.001757825845911915,-0.0027830305011594873,0.00015694472426397785,-0.011277833978946801,-0.012989629696887817,0.08940227200421969,0.0005354810994146062,0.1455835139261595,-0.036558852161088284,0.0009840065858715303,-0.010146132186340175,0.0007271944730457921,-0.006570946143555927,0.028941473855397054,0.04245583643254106,0.43712727533506096,-0.0323708536294298,-0.052252711670786066,0.017818521827272324,-0.014102879915198803,-0.024012154537161094,-0.07002243492129151,-0.1103235699874662,-0.11667869733260648,-0.17662558693788113,-0.022850226175424187,-0.02611757815784436,0.0011617558284110034,0.0
0.632004751630834,2.9358596623414366,0.09759117324008809,-0.010380043463708466,-0.048430123101765324,0.01688638278724299,0.027909768382336362,-0.015906598829372162,0.0009790177074898013,-0.010106436939972317,-0.008593284758803752,-0.006488154911356356,-0.010463424137172316,0.01382844000986328,0.007659799449390432,0.0014559325229087173,-0.04399200868705786,-0.0008180005668274456,-0.0003684175869172348,0.003953896602072129,0.01990953071272445,-0.006146044231539744,-0.002528560121925959,-0.0008503931073158226,-0.005947563839699891,0.00176190944658062,-0.018678396152555662,-0.019171059769347697,0.1266163163660729,-0.0005903045079117893,0.14577907670054882,-0.03138463027175852,0.0024690410976208163,0.0017547589170599286,0.0026247573414494743,-8.082915348864056e-05,0.0038030322325492737,0.007430596915857751,0.2304081329362838,-0.02289024802525714,-0.04895954193311411,-0.009308438234537409,0.05021323495184033,0.02034592881246977,0.04805629787339991,0.10711133469165322,0.05372159131914386,0.291207078840528,-0.009384451816549233,-0.017576040988750624,0.0011012272638171625,0.0
0.635926384697436,-0.8226404705060284,-0.19151613571458728,-0.2276303099291915,0.19343932191196378,0.23275096958269292,-0.03271049519541837,0.16853103193421126,-0.016752219145960017,-0.35445011779629515,0.07432233527370423,0.03707010049850135,-0.17339105573829405,-0.09841327428007031,0.4090229689892503,0.21569598126781897,-0.004934318527091686,-0.046819284600138046,0.15905986834227304,-0.0511982842980455,-0.014884118955234043,0.2719878191931178,0.05468674273423554,0.09365254927527521,0.41801184335742186,0.0381956806761809,-0.007752683891255097,-0.06628816700519735,-0.0030024059467031374,0.02650986903113651,-0.001408426691836054,-0.031005963372508008,-0.08689961985965657,-0.0700262271036668,-0.17278546870359618,0.20413756803212282,-0.16561700626446405,0.0660103991475165,0.0005082391542913946,0.06596598261942545,-0.046944449259877494,-0.031222525547728735,0.05691687193654423,0.04502726721806703,-0.029309286131697053,0.011187152085464754,-0.021314941046392206,-0.003164270369001888,-0.004997674642079312,0.007722119181219469,0.012946192142200665,0.0
0.638875774665152,-0.31376582679863435,-0.19300478676157948,-0.3823725011597227,-0.1514961256667543,0.31370490517027105,-0.05913940075970932,0.010522153218208511,0.00563813501364787,0.019923428566158544,0.01578349108319144,0.001326420505181257,0.13083818083725032,0.12126329202488943,0.03845560820451268,-0.11926492686585156,-0.0015158301311470972,-0.017136787060506548,-0.0011040209689671886,-0.0805578315854586,-0.011361795875448819,0.12139628059947155,0.15333501642062908,-0.19037887427289946,-0.16331722680824903,0.00313210168943943,-0.04072830282315918,-0.07034567622479349,-0.010328529014119363,-0.030808015308983763,-0.00909745584455511,-0.10119485575366866,-0.15818515134445105,0.1221150210039443,0.012661605805931776,0.1731464535101052,0.0028991196139157554,0.15703300433471623,-0.02572392953539341,-0.1304897163333488,-0.021787347555811642,-0.024811915538579,-0.017119020516802502,-0.0643010257490901,0.0347167411745836,0.009085231159479602,-0.006464719295568599,0.0015522046371514234,-0.03019029971238976,-0.0010173446231229735,-0.018593952748013263,0.0
0.639047426527176,2.917524887122939,0.09191525415031165,-0.008711539812702248,-0.04225850427129536,0.015236090381402721,0.026123418023256188,-0.01731021260185594,-0.1968716896307004,-0.0027643037565833637,-0.005449664968149836,-0.00431142044007292,-0.007151268942178021,0.009494609301654163,0.004486181748803624,-0.0014514942222039753,-0.4522610558115152,-0.023176914764207926,-0.004670125114582271,0.0067311228076243085,-0.030932741715590812,-0.012211151459284456,0.003052211440630581,-0.0015364323689678401,-0.005470874154740841,0.0020064165425877816,-0.041115066712015334,-0.05711111917550808,0.42113467595249593,0.01507748441039937,-0.1537087747515296,0.014324873775399047,0.00016314952126718246,-0.0010175136387684356,0.0007521993372866855,0.00011105051580982698,-0.00831282212956201,-0.011815985492629364,-0.11207262203369,0.006788756480160549,-0.08335504735330346,0.09133481835826701,-0.036722686023369984,-0.002026785325387184,0.0008802515721469576,-0.02901693814763461,0.002994208053508683,0.023355871131402174,0.031504072726323724,0.05062523367463226,-0.0031030832379081177,0.0
0.653490672021814,-0.2526140567635087,-0.5195250526923502,0.3363014514425961,-0.09487001159051797,0.10299778575902128,0.11000103949643078,-0.06252929236712443,0.01144215348393784,0.038555829952892494,0.11854503602545127,0.1049094976238074,0.222965896141813,-0.0790467325145384,-0.04734791545996464,-0.0022516476826174273,-0.008017389647039182,0.10910946563688403,-0.06815061850576638,-0.06166104676546626,-0.030923973295088766,0.39883430146666815,-0.004959375195232228,0.1635054437248253,-0.05453462729322789,-0.10842436423202395,0.08154019642166417,-0.0917009934729661,-0.012530135171386517,0.04829461133984488,0.001756903497257143,0.03209036004483756,0.1543187940566301,-0.0036238665307970967,-0.032045299581674715,0.11427216508466291,-0.06648090235303714,0.11305714953116879,0.01630876922370655,0.15971598550088753,0.04436232688931395,0.042092952631618524,-0.051819349808861805,0.04243348647394353,0.0010143924431177604,-0.015530230503841346,0.028634763304879688,0.004434090945707834,-0.007272978710421207,-0.007960726633806281,-0.01602018455592084,0.0
0.655183366782917,-0.8449106722127059,-0.027357078716420593,0.38614123606655865,-0.3696701639962582,0.21164569172611006,-0.39463793069753356,0.0851022964576431,-0.00610616026439902,0.002222698019660728,-0.14454813010403522,0.20886059493952958,0.006666126463562606,-0.0752945488175061,-0.17115885443536852,-0.193300339388735,0.003771113477317489,-0.06122166335132841,-0.18267021098404962,0.05480602600238707,-0.05215726084084194,0.39556393015664354,-0.0894801554248717,-0.043344881204236484,0.10516232410244594,0.33697508962707085,0.20476928859180826,-0.16386271021405077,-0.005330460715079322,0.03357607612839486,0.0011641108528717727,0.011037404632947218,0.1050467246028507,-0.004943946286656669,-0.11104524010560134,-0.2061736977963213,0.10618006873615832,0.07917506773167433,-0.0355996629166334,-0.14546218705874403,-0.034246990823120736,-0.008125516960849899,0.07019877644201314,-0.002582135506351467,-0.019403335879908286,-0.014041978198399916,0.015848542768771342,0.001367300716541863,-0.03145427023512691,0.01029599837125502,0.011056506784279982,0.0
0.660076370133045,-0.19351869407602373,-0.5217340095775647,-0.08080024069720707,0.06527068485455717,0.22558963968694118,-0.1832050787986596,0.08003649108900256,0.0012046617159299875,-0.013865240433761427,0.2934331200124697,0.2712563081459912,0.16411935592241997,-0.13328347143948893,-0.2090878017219825,-0.16758440109527337,0.006807763821979046,-0.19946125645068213,0.32561934282034116,0.06610095577534933,-0.008984065271307903,0.15618126013188552,-0.11967345397006722,0.17263714675009234,0.2668484614431363,0.01393920606551436,0.08725364673993018,0.053951818338588906,0.02109768676231817,0.11305831280596228,0.026080629864603813,0.10896726941496643,0.09353176439689091,0.1091025687927544,0.09252359694154244,-0.05036095665499395,-0.03777669141134592,-0.0350472482620323,-0.0014966572942995955,-0.0671778621730126,0.010916277403483877,0.03548814475036763,0.1020573647755952,-0.012416564564520918,-0.010944198284937928,0.033437805832343195,-0.0546406670288416,-0.007360698400208461,0.04249391197096702,-0.00590571909850796,0.003378896117092385,0.0
0.664209238405918,-0.8202937494967184,-0.6057099915889259,0.5096273387441149,0.11042486197151043,-0.22635660705766802,-0.07486662321446644,-0.24193486965360514,-0.002271044666915905,-0.22475652463987927,0.3438854371869776,-0.02828887316373455,0.49915600953645956,-0.06271520208475699,0.05162034624996697,0.16645141480116327,0.0006631680244953868,-0.03702979490154013,0.12592580918385352,0.021171868115197306,-0.0028565434562564667,-0.04662169689663667,-0.1002500545547725,-0.11155422117881489,-0.04542676809090941,-0.04235850191192029,0.3340722938657416,-0.10305789508539387,0.03235428720458818,-0.26982760361996305,-0.0026502067702300633,-0.01933809729479283,-0.05727735694714064,-0.12163868529286646,0.1826131073105381,-0.00847110066342286,-0.0003214570178535596,-0.12168074683648064,0.0009159783978975423,-0.05719727348575085,0.028653662080046747,0.06020248096297646,0.07064564488458003,0.03787199499077055,0.0005329422838621994,0.056805771291052076,-0.07713297581707278,-0.00629957286136122,0.005933120551365242,-0.00015772360814608012,-0.006701534226910825,0.0
0.704552283446089,-0.8367037298673258,-0.5141620587339955,-0.018180926150352713,-0.1737600046559022,-0.09401126356422689,-0.16870111101438795,-0.29299962907089994,-0.0005779716696154517,-0.3247050006232583,0.3077225095774574,0.35943920858085604,0.5063127859960217,0.02093206998147937,-0.14803429867281764,-0.15042620657034947,-0.0073055264988309936,0.21625953927903355,0.26224283253570085,-0.1854436198609464,0.05876555136866052,-0.27563203608599957,0.09018472094613306,0.20320641195226416,0.0013723911912287725,-0.059235998243601595,0.0689231802522359,-0.10851575711410248,-0.010168032360918124,-0.18732464151060688,0.005530330733904712,0.0869442633268828,-0.11377433628313231,-0.04943847705850392,-0.004514677989635744,-0.1198542662730075,0.02547680618864894,0.20132837636299308,-0.012836197182369174,0.14810463275156777,-0.08393514221082103,-0.09424072721289979,-0.0448238221293735,-0.05454468680496686,0.013469412327012676,-0.025146710134670684,0.03452225826948345,0.002860174148676431,-0.00041639371831686246,-0.00035369696419097475,0.0012121897754292146,0.0
0.704582336230196,-0.8930213311152548,0.15883816932090727,0.41277672812195587,-0.42056693713425425,-0.14733983278280385,-0.5377625422185067,-0.18874314868564382,-0.008799887763575437,-0.22056165918694923,0.09417611802954313,0.149252053565577,0.13541614183954326,0.02940042969695721,0.0024780686911905934,0.009113041231166678,0.013256827592444379,-0.215047774820283,0.032515101400014616,-0.11789816219007905,-0.009610718779323136,-0.2264049635867419,0.06493333251832359,-0.047293407657990894,-0.18421403120240937,0.009560805120600868,-0.1488266640118449,-0.10644723165956735,-0.025293966608229343,-0.07481069364756941,-0.01735642786996809,-0.10710459315845652,-0.0722713399477482,-0.05371848680113186,-0.1214466432135763,0.07761636264221498,0.00423706745979132,-0.045955774371089136,-0.012185344379597564,-0.15939288343405328,0.009525126133867324,0.0135800629151304,0.01248823739196091,-0.012489969690657627,0.012441478285193399,0.01684525682740145,-0.020146731583196038,-0.00045139432955545295,-0.021074628433093292,0.0016423221720805459,-0.008100869757362246,0.0
0.705107123421253,-1.0232756469714572,-0.13811127965121262,-0.049300189237349724,-0.07460570645281069,0.05161956124498393,-0.4481516661100333,-0.012045652611873533,-0.01234272800451294,-0.04331988906010739,0.1355996301633811,0.3085112188452414,0.04575493403647142,0.6021734235637081,-0.22729850529738307,-0.44962701256355364,-0.015320745200434478,0.21693974849736983,0.5419681539645335,0.05590962978058933,0.09080611142769417,-0.2621298449417507,0.2674869959237807,0.1063134843311505,-0.05576014553920981,0.08162021099014975,-0.017638271270675382,0.12451657170313395,-0.002881536701678674,0.40189572129680495,-0.010752780921093512,-0.07843689910262384,-0.021933901321154168,-0.013303293060597526,-0.000268588623878094,0.07002124133805837,-0.010225774835240292,-0.04080398953950635,0.01062667194716719,0.08276540072597038,0.02086271674014439,0.037178064004840604,0.02968772402996786,0.03383429289620381,-0.01239114074164211,0.002196778204020035,-0.002352245313403693,0.00040310162246965384,-0.02371156540695089,0.006753578193558853,0.0028075002487074874,0.0
0.708159050419622,3.6848835277333074,0.09057873599651464,-0.033449359405234164,-0.07610064755425573,-0.017161760185603493,0.050469103520114855,-0.03235037408321608,-0.04249481344587645,-0.03994014573793311,-0.014886939638479743,0.021677774161601056,-0.003849238128995035,0.00807273389459438,0.003970603656417793,0.00010607858728270537,0.04701025291931075,0.012193150458645653,0.0050074751734449155,-0.003175962447124564,0.11339788616766375,0.013502222506259919,-0.015359788216070454,0.0028866832610327043,-0.009896148321730292,0.00336186274222448,-0.0007806199379398578,0.008769183495683681,-0.10608649061630582,-0.01040506033971689,-0.013894433581130782,0.022525532874965344,0.0035675647434189653,0.02746073949187042,0.0038203398765799318,0.011465734373405567,-0.027100545627195327,-0.03566196088096332,-0.022664288780587388,-0.01041747690838419,-0.10614120450515188,0.05972983297499038,0.0013700310838205157,-0.024005877105593362,-0.07524301793693249,0.2731924470076029,0.17063338720151738,-0.10182398910735299,-0.017034960360459463,-0.021046181544256744,0.0009753184239594966,0.0
0.721130109732367,3.997949099298446,0.07284255649869399,-0.03860133434451503,-0.07233414256673397,-0.03406094011185308,0.0582826578899456,-0.04811825347090958,-0.8890512410947953,-0.020662045559936733,-0.005482243947496852,0.035306806960057134,0.00813109192499637,-0.00625513576672945,-0.004957039343064253,-0.005161812479866522,-0.3844804436475262,0.003827385196125327,0.01768778335528089,0.022853837851261338,-0.26685313387314413,-0.009459674852174017,0.016347281983754965,0.002068651294599078,0.005659029130165593,0.00010168341602846258,0.031332608294761144,0.05271639285011847,-0.3691249018217252,-0.01717662793395585,0.47464675995090405,-0.08078688528088715,0.0005746276547763377,-0.009758121523403647,-3.3193162505763733e-06,-0.003914240745652456,0.00863374517683287,0.01162949996826922,0.016265920074897258,0.0029887023760428477,0.03875432691439527,-0.02111330473753755,-0.010018820380476173,-0.011134773998129852,-0.03173751855070446,0.008274559287370451,0.0014805422821432216,0.015868813159740865,0.012898260881606864,0.02040287216172067,-0.0012146172349278219,0.0
0.723940541018978,-0.9341078606226308,0.05641565711153969,-0.5179100513612835,-0.3057287522276222,-0.05259497922736728,0.45514941021830246,-0.07526924560923878,0.029293527752888127,0.4869250036244226,0.13566457575780955,-0.3616817657290024,0.0540596196664256,-0.0706758496599117,-0.19583276327944082,0.16028515243329514,-0.012761576345587692,0.02709472861582656,0.3324776061642678,0.10174370022964875,-0.0018748829376627216,0.09817693841058706,-0.019838875079418557,0.11794901778439623,-0.1822027140639461,0.1083260903080036,-0.011076369554022414,-0.13333261061852567,-0.020928894710265822,-0.11016859864789995,-0.004702721438753644,-0.006533795157524192,-0.00292495396218383,-0.017358820835776573,-0.18781304585431452,-0.10967552573695481,-0.02380691392985651,-0.07026799011994359,0.008434223226948041,-0.01943479539784022,0.043444384557953616,0.048352036887864124,-0.002212906009628039,0.039082027075638806,-0.001062145301167222,0.013093155000119152,-0.014225959645699813,-1.884362388426342e-05,-0.026179649011842273,0.008091146644280999,0.0032000699843414263,0.0
0.725046661095401,-1.1522878678568784,0.47377325180801283,0.0330302252779259,-0.6856944093712463,-0.6614814027025152,-0.046347498345789766,-0.1436227511382242,0.014696772962773809,0.39120821872214945,-0.584557444804362,0.02444843593446317,0.5837568311565107,0.0018279774459930283,0.551156678563859,0.3175355413016833,-0.01125017190414624,0.1539958166281683,0.14411305732695057,0.030658229681827256,0.04713880075991917,-0.02074805274131964,0.18951793879865228,0.06344301562640926,-0.0638482779562297,0.12769645967880489,-0.16450658952838645,-0.17838348166290574,-0.055152272452436486,0.021887151780661897,-0.01735169862381462,-0.027458711838477826,0.05823757462446591,-0.08729445015039848,-0.03063417096778605,0.02178317919539546,-0.06074691672494193,0.0025250480945317754,0.01999931681938699,0.057089582563600604,0.06515779343776988,0.04994941863506352,-0.06442514649851938,0.026297936124388268,0.009458466791066293,-0.0039048552115222577,0.010941821787646253,0.0019320802160554607,0.002677370317387084,8.369846593092524e-05,0.0067995191267061095,0.0
0.72812901198104,-1.0193289662134866,0.012488963030490248,0.05498437788843106,-0.2253378073862599,0.045166442111929946,0.5730898814880618,-0.012594645293980957,0.023758616483188985,0.381991657674931,-0.009292520295565168,0.002252829372063112,0.5029473546558444,-0.03579748781197319,-0.046071487028171855,0.3158171151022194,-0.015409730452760534,0.17758912007969171,0.11080982759082908,-0.0367626560758223,-0.00119215233934331,0.21706527176497115,0.10698199630677299,-0.2899910821540543,0.12061444664986115,-0.20393806935250497,-0.12433245024233588,0.20102962472848482,0.021738565946580846,0.106762580306811,0.022454734254823222,0.0848570603841893,0.08413712251348279,0.03783774635439831,-0.0593431895993298,0.13966755801462985,0.17892491316195483,-0.14251177137812265,-0.0001906564411449991,0.009558943197453346,-0.0580892508985574,-0.08237918017415323,-0.031207253065486825,-0.030708674923780578,-0.0029615191638351452,-0.02639285020923748,0.03306933773039347,0.0021366250682647516,0.0012830500451832055,-0.0050470015417303105,-0.010805166568786327,0.0
0.735114955850561,-1.0009889604162627,0.3089157481322762,0.058890747172430334,-0.3206793921219391,-0.6190072999294677,-0.46032502634262773,-0.1385291556691435,0.001860533563238547,0.27249079452344366,-0.2302513424941263,0.546346813269088,-0.00859426819259092,-0.1372655611798006,0.35552015960492467,0.08418901520102867,-0.0019152304670509888,0.13511364070074147,-0.24063264558101238,0.07470222279018636,0.010330499286183537,-0.11565630621222046,-0.19198502777939863,-0.0520889514795983,0.12043739373464027,0.36208332363827544,0.22926207992252393,0.1262903303388172,0.03789535803768363,0.029723804249484367,0.021101265406689572,0.09958614748064168,0.03815802630316627,0.14854241665129242,-0.10972286648000741,-0.07047977812446364,0.029189863902746804,0.0966483479107226,-0.005211340341023999,0.00919354212613857,0.023802890986876074,0.04107048942994579,0.04331682972993076,-0.006220740174216666,-0.010230719682815855,-0.006866591833866372,0.0055177630940976595,-0.0008542567365669521,0.03878421361256781,-0.013328050731556518,-0.01109158912112836,0.0
0.754032752756077,-0.9388492590998022,0.15431626034637602,0.33901196674261497,-0.4037752423400085,-0.11283358961734873,-0.2654808640508589,0.12667823250253438,-0.011843775899580335,-0.010324174356113294,-0.5895052523222329,0.29386799447374623,-0.12262545930549498,0.09441373787910748,-0.18535769224152165,0.15616502126288317,-0.007630456306640181,0.11249745351159138,0.12910352988597687,-0.14435002120251889,0.0059936532995256385,-0.09832837770138281,-0.09498781112749362,-0.08231732599270448,0.11249546594876336,-0.137520174866342,-0.12281095910385324,0.16391185160466593,0.011844853756156798,0.07890479704919809,0.009398230674814781,0.04025879213683274,-0.03602177024661051,-0.04689217880338569,-0.04177566325603263,0.007907707579434318,0.1551680218410408,-0.19879514379826888,0.007408802019095249,-0.004383484522282445,0.008414757842018433,0.009106302561853642,0.009940749813136017,0.0012532629070216375,-0.00031124652670929764,0.009683379656631949,-0.014636320299240757,-0.0017746902222264824,-0.0009817615791369585,0.006910111948170623,0.013030838132257094,0.0
0.758436057398301,-0.9718813946928181,-0.07036024023574745,-0.15577438823596282,-0.35543270726624676,-0.19800402873214643,-0.3511448044545094,-0.09924701378074195,0.0005140522323462457,0.2281262725082081,-0.16066564205912132,0.06171390427422482,-0.18986172081889607,0.216474290085315,0.33091537874933064,0.009253189590828681,-0.0020988279631763114,0.03621369066162216,-0.34679255787681207,0.11789515205301722,-0.03058240028766261,-0.10809554849469667,-0.20190556259649906,0.3373558553641622,-0.00957798962205169,-0.20345624798996714,-0.18237758156478406,0.15172642883550075,0.017174316646293326,-0.24840534274057635,-0.010717970216391134,-0.07516553026716137,-0.020944922787175427,0.10126870351800844,0.1544984937778772,0.1268684838377134,0.029816757120853805,-0.020719645178062372,-0.008882146234004684,-0.08237966858109878,-0.011761472507008987,-0.006486708771272768,0.020545372726179352,-0.0321941995433397,0.021511718027634505,0.034609414329178904,-0.045979025169655845,-0.0035101866132371583,0.0014135416494446015,-0.0017291960101102177,-0.007118272757092511,0.0
0.788774447231456,-1.0836499916909155,0.5425566438775619,0.5335088552665652,-0.5891935613383721,-0.08368093237121185,0.2958216513731865,0.03590471331921253,0.004590499554127888,-0.07458840792252257,-0.3544159973280994,-0.3510904394074307,0.2800318295438996,-0.020665648563619996,-0.21184265559572682,-0.2071315059005547,0.00020554778983675523,-0.032098588547827114,0.156180570722748,0.24040424990679113,0.03154549234737132,-0.02308628233084548,0.06308834707340241,-0.030845100381666237,0.23445499968357836,0.027019716212968087,0.06853911381472423,0.10564206458833715,0.034425114035825516,-0.10969051236181646,-0.013198357917054131,-0.12662044633492273,0.08525575442231698,0.1961370808064619,-0.0340983650020562,-0.02519242701557282,-0.19156688703336225,0.017389793421462074,0.0030649973296048563,-0.05237938366182568,-0.027358846566371248,-0.04190432785189327,-0.0033308423934573193,-0.020053058890878467,0.00897904606414828,0.020799334271674786,-0.03063463079644216,-0.003446193410616596,0.008117396478860266,0.0007660220275915489,0.00023997469433600718,0.0
0.805917490799167,-1.0162658121000179,-0.33803342594180774,-0.5759518462936075,-0.01903508303319789,-0.3378225171792084,-0.10630168962395363,-0.07779597617934667,-0.0005781092029859083,0.1388273449309451,0.15886911940866558,-0.12006205921671752,-0.23005505496605577,0.8797465411761006,0.0004424431526567776,-0.09507777546349479,-0.019618952758652636,0.2287939775437249,0.1340979142481496,0.2028539008856106,0.020060845689752905,0.09700974078699659,-0.16096654630255658,-0.15380891365080893,-0.0271598408211716,-0.14270617276379416,-0.027725752967026288,-0.05882808805707503,-0.0063790996521632904,-0.11502857580139847,0.0047017039129606955,0.02054101934388096,0.11606121451894069,0.11689034840534675,-0.01975684807714224,-0.0403420932124352,-0.061304960612789616,0.030100600434121615,0.009650809119722784,-0.02697821816377713,0.04959423915050982,0.035048568248280565,-0.02507516766043583,0.006714706898830162,-0.0039315400109394,-0.016389965224840465,0.022035861907212365,0.0012583013935487351,0.02496715819383915,-0.009481609929944457,-0.008241591550338184,0.0
0.809624526166911,3.8330996543033278,0.08921120705104864,-0.038398933755506535,-0.08158907199472001,-0.025102975024574373,0.054370357121637264,-0.03455521294449766,0.0182641419979399,-0.0493811933437704,-0.01696818685545444,0.029580798234527028,-0.0017951075289011319,0.005902775321802711,0.002222946826174294,-0.0011234077935734102,-0.05900235958709935,0.007438890280385545,0.0035931341649256226,-0.007674408492534219,0.16474810207272275,0.02188587158662723,-0.021107296021859925,0.0049292503565809475,-0.012385837280963829,0.004961931965202298,0.0018256337959790892,0.01644873614625516,-0.16793818355113044,-0.01418401732963211,-0.009512200149429545,0.030007280975281367,0.0037593457401319708,0.034704355905222944,0.003753213443969249,0.015091761911894723,-0.03454270132847198,-0.046347257201853655,-0.0968279080494062,-0.004623054040043709,0.045281664364880694,-0.10705853093033404,0.12496394836069631,0.09647705017657959,0.2712262414668286,-0.14985155281442136,-0.06274039916541452,0.02441690529140468,-0.016418264290577737,-0.021103535575971017,0.0009947627905476477,0.0
0.811564342861653,-0.9576797719547376,-0.6752476779245227,-0.6441297545078596,0.04147091494802517,-0.3993336981449656,0.10885238162728754,-0.44508042008104853,0.008841804437888482,2.3684451579867418e-05,-0.056032061701083546,0.11518186277918985,-0.26666140701849833,0.2252865282372264,0.11699940440588265,0.062125567147736246,0.013853083589033657,-0.1459763516198242,-0.2799295037537413,-0.037726299050347405,-0.01073118229574158,0.1748790120087259,0.13519372851240177,0.05154155763427308,0.14136479851642175,-0.0022290029884157385,-0.043227330304170586,0.037222267134942116,-0.006584201039821444,-0.013606760338144511,-0.033602142277754155,-0.1395107678963783,-0.06726331099687376,-0.060279236106870394,0.08024131304473524,0.15585704554545515,0.05801279615063188,0.11829627231598684,-0.018440442098380236,-0.01523376916744491,0.005696031790501531,0.04761510283220395,0.08659239068839847,0.03475071469275353,-0.017901835658181854,0.020360456108851305,-0.030315871261438525,-0.002856309348726526,-0.02956892031823503,0.021721291174310226,0.038438909275774404,0.0
0.813164197951503,-0.9193496315472305,-0.6364154319569991,-0.6245547149341847,-0.16843965347567474,-0.41052017729642687,0.24734034266875912,-0.397842312186232,0.017373633747245834,0.09774919599938899,-0.12989366458276533,-0.15121824784347226,-0.18638236241682316,0.07259471933943414,-0.1144678583211163,-0.036069871060263416,0.006503796339985359,-0.06339236430115816,-0.03063831671621288,-0.07055651195971645,0.007711058042308875,0.18722001214004663,0.11429689460071567,-0.09738569454591052,0.06971733034134621,-0.09376700403147653,0.2280027123058406,-0.021106530914456488,0.010185499047398563,0.08429677539948986,-0.030436087561910765,-0.17080608310726444,-0.00453085618452438,-0.052575066030348186,-0.1414995322635446,-0.166650858458767,-0.05919407897067794,-0.08539033526817386,0.004824015770018828,-0.1603059594662299,0.03848979278049424,-0.009425445383591975,-0.12168144218538393,-0.02763080117188874,0.02877213473867055,-0.023858442497599712,0.04054468417918696,0.005292662928069807,-0.0006345205114399521,-0.008480273400708154,-0.01607209496820091,0.0
0.81449711200813,-0.9461876490525387,-0.8328042014248513,0.10609923215297905,0.29170517978255583,-0.21529825574107972,0.21001282163226065,-0.274905224366163,-0.00020758798343110946,-0.025300802080303313,-0.17911454209772043,-0.20724254399024822,-0.3229181533978137,0.07466562895108114,-0.2355205899147446,0.0025439450859669156,0.01985640352863216,-0.23336672491337895,-0.3066253850824181,-0.04620088547407123,-0.006724365760368146,-0.3288008674934,0.25377525677824664,-0.013597582041913383,0.10450123526620975,0.16663748678967302,-0.02261975036882466,0.06889099327435823,0.0320124496263977,-0.03310810869384768,0.04804742395671982,0.18314038841699912,0.19023375023536232,0.10944966554092928,-0.16776340419470379,-0.06662414838414821,0.061992206417119715,-0.021677876333416748,-0.010470833985436924,0.08396942599625135,-0.07873337825119835,-0.05280706729382589,0.040350862865963774,-0.016668968776079512,0.021226300660819472,0.05220851641524702,-0.06824648166364156,-0.004135837491739048,-0.03320696166765041,0.003272510810759103,-0.025296366901830233,0.0
0.835650220116364,-1.008735820212548,-0.739404649522209,-0.5272235530410843,-0.36917114116800565,-0.3122471763869414,0.40316063010400593,-0.23471349914765263,0.02177272716503958,0.1797372275737769,-0.11484724967407374,-0.268584578700668,-0.09780240209472965,-0.43724521702424374,-0.20612459305516012,-0.12460898051754911,0.01021941394429143,-0.05829200262637608,-0.08166157244934327,-0.020681819690217772,0.022073620393196103,-0.17361830426166533,0.1407932850983615,-0.07158673462475557,-0.060017701858268734,0.3218195497897179,0.055314612135836896,-0.18578503681518832,-0.03383641607903062,0.2957818790868407,0.004417331102886127,0.015242095367080983,-0.09367849413523874,-0.09452071952984269,0.14414878111023594,0.21567071309438626,0.0631794679397059,-0.028476555013473737,0.004399350922398307,-0.0036287144196259936,0.050910391050383814,0.06856958125978686,0.04392063872013101,-0.05107926291475798,0.016762990921040905,0.014648544618100025,-0.02132840966435098,-0.00252677839116788,0.021142738374623195,-0.0038287312542254035,-0.004334904360929767,0.0
0.838925124910112,-0.9038866941242049,-0.7659765340872525,-0.529369697679075,-0.3292526794511562,-0.10852587452314416,0.17265890433124137,-0.17251831205887946,0.00941758710074887,0.03035683025761613,-0.0958154973415267,-0.14156772806649567,-0.10416093327846467,-0.0539639954432709,-0.021393984067658016,0.02129276920390212,0.0031117827617397867,0.013756766983018125,-0.08923822739971794,0.04006919263160575,0.021815630100187125,-0.37348348625805783,-0.16105507058341262,0.07970946062380715,-0.09384094638230502,-0.013937923148145875,-0.040787329102697285,0.024735745139930355,0.005141189256718039,-0.14467173365269909,0.020408368801199648,0.11036846280786294,0.050161535759975444,0.06631673590141825,0.07804978148862597,-0.13085661143617372,0.027629113263734385,0.07931259686090993,-0.006343032094001835,0.008220216993504467,-0.052089588996889445,-0.0912773862642218,-0.07567859264045679,0.057349964200399714,-0.041168644847377686,-0.07180442109426699,0.09586526350676608,0.007898831023297404,-0.046589193585873316,0.01659864224941119,0.03155015991260998,0.0
0.840674674778811,3.8187663175779845,0.07805670417875762,-0.035349402219588544,-0.07246014270438146,-0.0267153605270861,0.056972150362146985,-0.04551776664452164,-0.7585652808604004,-0.021646532918768946,-0.007203793281043406,0.028989435410701144,0.003661774013414402,-0.000431955080289595,-0.00023195947525766756,-0.00018487852122543093,0.3405652371163513,0.043262824146292754,0.024678051034481625,0.0139001952417365,-0.11145370353075695,0.011497126235420293,-0.0029790152580050203,0.00830801692130328,-0.014115600437170571,0.010670367180258296,-0.053337632907801975,-0.05515989149556976,0.4205421636821155,0.009071340400691021,0.06855889283991899,-0.018294025318490153,0.0008693813580105627,0.0022320671461877276,0.0013311203668912412,0.0022252185532797165,-0.012038546365659174,-0.016327883103460044,-0.047054127043123235,-0.0027610167402239835,-0.11460881639000367,0.09367825744931721,-0.01453473169488523,0.00897836630387703,0.02979177007784894,-0.042085059557164316,-0.01687286452239937,-0.02719446322722266,-0.014951021432792746,-0.026479021738643145,0.00171866402950501,0.0
0.879670348468173,3.5408172321317095,0.0859544575466752,-0.023761735988896852,-0.059191751494049066,-0.003993720007392924,0.03969753215698847,-0.028298651282584585,-0.3886176183505451,-0.007620280046892414,-0.005399596487756174,0.0008650709954640496,-0.006181862604291088,0.009514022280792062,0.006559642606995206,0.0035190078605295437,0.37423139931022426,0.02337293802640533,0.006896841798208112,0.009435777532141486,-0.06829314443915373,-0.018372070352553276,0.008747357751272404,-0.008162531380095098,0.010780832679723731,-0.010080965685207154,0.042423660026928725,0.035980876378392423,-0.2988373257225476,-0.0028647372403972126,-0.4182715393279331,0.08865612735695294,-0.0007909330057311631,0.0125357044038848,-0.0008503837271575512,0.0033157292525541043,0.0014158932205471043,0.002269134703156143,0.02534383780554787,0.00011615838085947258,0.009267352360332501,0.014725878376297241,-0.06172746363785785,-0.07196223796501955,-0.20591737988633435,-0.05628018840703625,-0.12890645176078872,0.11908788909803343,-0.006195714916210426,-0.0032826420967984487,-5.563052872464856e-05,0.0
0.885572030982391,-0.8688371731938823,-0.7809988667936411,0.06828548312935374,-0.001792798927440065,-0.06895778561041432,0.16402756054653223,0.08640118744876117,-0.002809386338904856,0.053478135845934686,-0.3137529901920053,0.07560235077090086,-0.0474198557419485,-0.05753736511131343,-0.17088862767897692,0.4165029848496356,-0.002244485158227954,0.01777515390283194,0.1049258878134414,-0.26882984473836263,-0.0028497334703310806,-0.04688466529644558,0.09596172478722628,-0.27016888882582857,0.2368433479605125,-0.2098713204003611,0.14662119129698858,-0.061207239075477836,0.021962296086568456,0.05925575049861635,0.020428743945155214,0.04173183346020798,-0.12777976618593517,0.05661183459419838,0.15200337856176155,-0.0433712396512465,-0.08874145242152154,0.13003688555836165,-0.011478727250892896,0.05499309033383717,-0.039254459698012334,-0.010935904324193446,0.058731880959966794,0.010744697997694064,-0.005309670037549758,0.021892252760963737,-0.03082804073574024,-0.002420237487229706,-0.012120599623988626,0.004454754905250601,0.0032050425574393286,0.0
0.90201319184738,2.948599004737403,0.09273584263744541,-0.0070440077617611434,-0.040937051444153515,0.0209505975811444,0.024887858747196446,-0.01718931648175273,-0.3231424057043016,0.01005455193156158,-0.002385178179960526,-0.01696535868207362,-0.01125316999952145,0.014599501753805701,0.009733325908695658,0.004492916605138418,0.35667619424266067,0.022058907472463626,0.008572021159041094,0.019816700670823226,-0.18523857979952776,-0.03340785946273884,0.019877855936713915,-0.00981148253041052,0.012617162885435743,-0.010175888467982843,0.03311521638940933,0.026281362663729203,-0.21153028269372387,-0.0017894662939150429,-0.18188462187662716,0.034818930118457055,-2.5364067287074502e-05,0.003759874848592232,0.00011967508015338391,0.0009324177925345066,-0.0013140587967812784,-0.0016074475413724318,0.020416494298669985,-0.003578684668837236,-0.007971881511461066,-0.013891177992673576,0.05064532341558405,0.06178165987375612,0.1773714572064724,0.04181929929034495,0.11286638392972502,-0.11585487557539975,0.017897059400559297,0.022584545637267948,-0.001122502312616306,0.0
0.902845014986215,-0.8157303425464817,-0.7805300903539263,-0.2817883692454922,-0.15485222674555071,-0.017118287392386734,0.02780114670729365,0.028437684939158225,0.008973089351691823,0.3025639435361178,0.08915465999982178,-0.0972700830157089,-0.1561221042123916,-0.09908402143817766,0.03353508307448226,-0.09335587115015737,-0.010864447795046242,0.1633003305893376,-0.05942862506679012,-0.205985077847309,-0.03573647119155111,-0.017715175788161154,-0.12633032097660712,0.28174248756103176,0.21667674384347727,-0.08456365779014184,-0.16281411390727699,-0.1508780943969141,-0.031042848170729664,-0.11416132573627719,-0.020544120217725118,-0.08827787607814089,-0.09277193606723869,-0.04374503457904644,-0.18404909690744622,-0.05863582018001129,-0.1328368259604365,0.017889628986509226,0.006233754254272768,0.09823867996085044,-0.028034486508001232,-0.013940724635159909,0.029992883484373976,0.01175703742858057,-0.0024441826087349574,0.023560200112146587,-0.03407597727554289,-0.0036174983969877723,0.043391616503905044,-0.017758322129406083,-0.02763807282598877,0.0
0.90842340486818,-0.7620443046019473,-0.9961493334952451,-0.26141859888800223,-0.1986076411917288,0.5261214966337725,-0.25329698345388507,0.16590149395482662,-0.0024277056603011324,0.13115692019094655,-0.08438636974874503,-0.022677859280094692,0.16077105406727604,0.012371419236841163,-0.17232917937104214,0.03235789048359054,-0.0006569074130671143,0.03965226493633412,-0.167290771762422,-0.34293815101745717,-0.0520589146369777,0.026210216483774376,-0.013453512421126237,-0.0066931960645614475,-0.13149932647359508,-0.20928768426006714,-0.03775892554156097,0.2084694739163177,0.03362449781827361,-0.06952835119913474,0.033887607637806794,0.18828119985201203,0.19854603040265037,-0.07592480003379821,-0.029431851019185398,-0.019885244273548187,-0.153353538649227,-0.04445637248406207,0.023418172092112697,-0.018875723973571668,0.10957294863043987,0.11352285907106001,-0.014291882336525638,0.08515085357024323,-0.005116140835025108,0.02644822017178896,-0.031135852652563033,-0.0018667863856727913,0.005229618572434351,0.006295934611197179,0.02318948770694946,0.0
0.914361051966949,-0.8080093358775995,-0.9897222097664883,-0.43502475302722043,-0.10486519335797916,0.5452636188270469,-0.16511808921023757,0.20856659090948076,-0.012700193517426808,-0.16891695075021732,-0.09145932823819246,-0.032999878222243116,0.06378007532263794,-0.0350103134596825,0.13565051219108576,0.22416166985632788,0.0035531019687230388,-0.1079504843395123,0.03744528042629966,0.061458279885340646,-0.00480244146020772,-0.03650968520961465,-0.07898810862812486,0.02431050201493308,0.021046493012172988,-0.11772880945850002,-0.03920775306390844,0.01651045502917141,0.007928276465062938,-0.0588075568822888,0.020966690935568143,0.08391162143038955,-0.09237886641455206,0.06934484375832675,-0.08371043792244891,-0.06903943264238618,-0.06914921539207726,-0.1318924711417456,0.02378273864424053,0.035781316515460806,0.06181020410606359,0.08917902617995883,0.21079777877789174,-0.17488873207752942,-0.05758661540566636,-0.13391836324714523,0.1573679526869474,0.008018441329186025,-0.01899746830527027,0.002890430437811548,-0.0070613764854465695,0.0
0.924196182648771,-0.7567575286484519,-1.0152205151011282,-0.4560107356906466,-0.051267266955228,0.6798673668606279,-0.27000072982251244,0.28857706639577435,-0.014900596104959479,-0.12567360100439026,0.003254935457485401,0.009091766557789222,0.02301410729137324,-0.02917767400535398,0.09790054909355182,0.21909115317224212,0.005360248706042543,-0.1276239663568641,0.032960922068544056,0.03973678563489403,-0.006169177163350904,-0.05307590588593789,-0.09819321132707616,-0.08666847244079258,-0.05125252358114729,0.026830227131011016,0.00508430925815549,0.055404347171078415,-0.000656736634891117,0.05878064961711986,-0.03783749605859442,-0.1869855987057725,0.10489489059997562,-0.16149974756059451,-0.07881617868757534,-0.026285630004351378,0.04203615297185075,-0.03166217443507232,-0.010647344340137952,0.04299509945455714,-0.07690544985720499,-0.08289161860782161,-0.06287022822077189,-0.1294210646723323,0.09182906031345402,0.06483671597017988,-0.07579138722982103,-0.0029647171817156993,-0.036367563449963065,0.01100788984181488,0.00960595759409733,0.0
0.924918755995835,-0.8025947984967805,-1.042965314142524,0.13517990650932268,-0.14069178826953582,0.483317798679381,0.2585420210839797,0.1483718915586185,-0.006181408232706279,-0.2388972252346294,-0.20895510932161956,-0.16830702723626614,0.08416753285340366,-0.04821636206862229,-0.12346492794729005,-0.3588254977599329,0.01759705555929759,-0.21691198844938298,-0.20195551543819865,0.10638707770730084,-0.016731133916228616,-0.03852468755347299,0.01983622192311895,-0.05358261275376106,-0.07207051644291773,0.060004890940636144,-0.33147720675526016,-0.1130182416349685,-0.04778416483566885,0.09294003066143307,0.0170323368640812,0.09234267759043135,0.03643278289508465,0.10743134876421166,0.1374896076134073,0.013070652320195946,-0.040860166775271406,0.011312520062457651,0.012563446063071443,0.01160209408598723,0.04063334316949083,0.02692524676293316,-0.02748481402190162,0.009869119844669318,-0.0035853774630844357,-0.014346321264814823,0.01968960490704626,0.001323397260333696,0.015442865238133046,-0.006570999279868859,-0.008218239840996766,0.0
0.92917625126989,-0.8028048007058232,-1.0997654058305177,-0.46642942331166887,-0.06882431378248532,0.6170289971904228,-0.24669108227407732,0.27064920034348966,-0.015538753186551162,-0.1499944478366933,-0.03772858051405536,-0.02761702807004163,0.03848057310821629,-0.009694141783270823,0.1562943775446147,0.22910341061805156,0.005490969194585797,-0.14925176630258222,0.10729160028400911,0.11743637314991792,0.008000742761653508,-0.054914001926799474,-0.0541954018236696,0.09687337611149621,0.03797638881089126,0.0013088149035297252,0.019874216049171247,-0.05858269884805231,-0.007471360982531625,0.10144975889438936,0.010282613785816162,0.0465031413514034,-0.08458936638233065,0.04605092181761034,-0.001507347422887009,-0.03363196889505838,0.14908432742556202,-0.005936577796044245,-0.022759072910003154,-0.11162549937571226,-0.07504686900072012,-0.10096197673592437,-0.09627628448224948,0.2905943845338378,-0.07477351046105862,0.02364117074197475,-0.030653153656346216,-0.0026767147195461485,0.028232965187164526,-0.009950512462363685,-0.01644846175295756,0.0
0.938742308499254,-1.1014900800038963,-0.041242350094704706,1.0179203072528311,-0.7561998601631591,0.5672278451106079,0.18875306499837877,0.24500548861133692,0.003266559302722986,0.06071726450491976,-0.018318348132182045,0.05563414902819682,-0.1919407573412518,-0.2623057307626171,-0.10523587366790221,0.20042651935785255,-0.004418833261926316,-0.026140134835135786,0.18265426177104732,0.21425325177077584,0.006647576482104555,-0.15608296092246488,-0.25811864568498516,0.26001845990050526,-0.22847326278557234,0.18284858075802268,-0.04439236518190037,0.06689307453332059,-0.003698040303665725,0.009960505980864752,0.008625840023241831,0.06801074776324349,0.005523196878645919,0.03647130570372141,-0.035528355722644955,0.14285719388976412,0.023834379937095623,0.07788878646685879,0.00012811534685199845,0.026761732358666475,0.020908341594531307,0.02199646658137267,-0.016044956717006977,-0.009968061799865624,0.009461445000790472,-0.0030329227724830046,0.006766007986291721,0.0012383120946616994,-0.0021554600994514437,-0.0017065398374328093,-0.003910889135881185,0.0
0.962457029138348,-0.731028178423609,-1.0044448709586813,-0.04231515647621885,-0.23193181412403907,0.07793182689747362,-0.5262376123654555,-0.04430381893957588,0.0014012486585340755,0.386383172873161,-0.04297138072225831,-0.11383139703971436,0.03784240095868981,0.14785044085811083,0.08037430297926387,-0.23470316283886364,-0.006995689228483081,0.11217367164086806,-0.07862661885931156,0.25703513030772296,0.022883170703411903,0.08476287851565768,0.24388810380969597,-0.028438081600740482,-0.03151117739122357,0.030873263236709643,0.31918471344811844,-0.020356630218038123,0.03742055200181244,-0.030090546427368477,0.01173346016395102,0.024973752372799134,-0.0048429893281724595,0.01809237207298156,0.1656655829301652,0.018003209826506356,0.030053865024648903,0.0032210221306866764,-0.0011791538939420582,0.07675986384869116,-0.03991866471947935,-0.04018981878832201,-0.014167022793110197,-0.06739418952070556,0.03173605191478121,0.014759883955536448,-0.01832194329264876,-0.0013476069154807289,0.014006451213234105,-0.0002586763281302918,0.008183896152126793,0.0
0.964772715064551,-0.9580179225566356,-0.883015235741641,0.8611163390564399,-0.23022746608685726,-0.25203886247814994,-0.1070602553150533,-0.23818905889710543,-0.004888199850727182,-0.27382853381017813,0.34443739865695544,-0.18001838532192277,-0.15711329482302538,0.11441716452778368,0.46339630591568176,0.1285901547436829,0.02202518733032968,-0.3726076317812155,-0.09195914389550258,-0.05548833091307967,-0.01591718432331472,0.018407503771386613,0.11371697349718177,-0.32692296102235396,-0.09318790690268602,-0.1416846443570796,0.010223811029506893,0.06894329589333124,0.008953796939552233,0.2730265406120238,0.006646863441380097,-0.018845436365019272,0.12637881961091513,0.09250543575455296,0.0473260507527555,-0.04760256866198354,-0.07606364599303578,-0.004117154398708928,0.009829759336665115,0.05744310433681118,-0.021125670157540615,-0.039036183498684936,-0.016920911163082315,-0.006173038158176324,-0.01204588660120608,-0.023771715441454084,0.028004418861964888,0.0006582797887694912,0.0401276023341044,-0.011131018043747068,0.0006032351585244007,0.0
0.969157330478309,2.9093411195514323,0.06841131440003737,0.00297384484609483,-0.003249883150141157,0.01777316653557445,0.0016814520395318398,-0.008914978803967275,-0.9699879200948366,0.05787666781775468,0.018889033271564985,-0.02820216220047479,0.004436380863604064,-0.012519279210512239,-0.007514408904274929,0.0007824054802099644,-0.0896248025686225,-0.05589862847856901,-0.05019372961541295,-0.07311715713761378,0.7457818931872398,0.06279689124763356,-0.05342270812274767,0.0076236054256736885,-0.013710530954433095,0.007022200264935168,-0.023149953404245575,-0.022903187369182676,0.16553879618091466,0.004242114925164353,-0.05883490729866298,0.009024192354128236,-0.0012237932067373561,-0.004222036314098108,-0.001655228045226659,-0.0021772428883576078,0.009588254202560705,0.01257631021261996,0.0136343025971749,0.004021935409577247,0.091794814643829,-0.07223824491788962,0.013742390013055099,0.0020016799605068448,0.004620928075965966,0.014573827600447136,0.014557937847617173,-0.003569299828202122,0.005698930280524338,0.006975698290193647,-0.0003048884893233884,0.0
0.991060264575667,-0.8625661758037179,-1.102984797851033,0.8153946385598481,-0.021242287517984258,0.19429114125460697,0.35833701874563584,0.0027908211978910796,0.0014942578367926477,0.001930905815369037,0.06297529617557597,-0.27637354657555724,-0.31142347259844555,0.183908035162128,0.15360232894063508,-0.18635525246633852,-0.008184917322215343,0.06538378934478722,0.18422275000585767,0.047825685217599855,0.017628176989364867,0.11137644613613715,0.06488857690449387,-0.009361927917649213,0.08947172553579422,0.02804193616061825,-0.02277298556006218,0.051793978554290035,0.003635388042821881,-0.24741910524301303,-0.027460553193123367,-0.08243749312470786,-0.08273701602314398,-0.012478657687977809,0.0010088506285772466,-0.02844603066496431,0.1756162285945377,0.027581620361500633,-9.768125164845612e-05,0.05724506211207979,0.11458288933903421,0.1635494410279051,0.01407182112446974,0.028693010028007768,0.035310633126620625,0.04524418917994941,-0.046198369745056485,0.000821428061387382,-0.04593870219080765,0.0060274269851069906,-0.01119381852508121,0.0
0.993018970289952,-0.799160515800783,-0.9283231223325795,0.7303782182264109,0.3522775127504498,0.1560439395222304,0.1486007928839103,-0.17667089274773384,-0.0035619806595695554,-0.043461506317893084,-0.19132894953011242,-0.35803662973178774,-0.024113565515379357,0.23256130507160444,-0.2163083278213735,0.06575271956238213,-0.012979047214007205,0.15674911780393586,-0.046564279432311236,-0.07175830232224133,-0.03212216359752885,0.06728138771065019,-0.08735348167159998,0.2605558483962799,-0.052784281448395635,0.052416421180741246,-0.10803207542958644,-0.07486500793248407,-0.030083490762063163,0.05226739900316732,-0.03422199914744012,-0.15281095292058497,-0.017264859685499172,-0.07472967571754303,0.049292058210852994,0.030157353852289816,-0.0024586769759481104,0.008584640990883576,-0.019463847317999664,-0.09803825842808371,-0.08679028133893994,-0.09990550147613035,0.02275254576415,-0.07399460505840569,-0.004756988296358802,-0.020588573805189147,0.01801974103367935,-0.00162354181199488,0.06088437837797077,-0.013055237784074887,0.007584018446144604,0.0
